QUESTION,GROUND TRUTH,RETRIEVED ANSWER K=1,RETRIEVED ANSWER K=2,RETRIEVED ANSWER K=3,SIMILARITY SCORE K=1,SIMILARITY SCORE K=2,SIMILARITY SCORE K=3,DISTANCE K=1,DISTANCE K=2,DISTANCE K=3
Why is it dangerous to operate the water pump inside a closed room or building?,"SAFETY INSTRUCTIONS                                                                                                                                                                               Operator safety                                                                                                                                                                                                         1. Read and understand this Owner's/Operator's Manual before using this product. Be thoroughly familiar with the proper use of this product.
2.Never operate this water pump when you are tired, illor under the influence of alcohol, drugs
or medication.
3.Never start or run the engine inside a closed room or building. Breathing exhaust fumes can
cause death.   here is the answer can you give 10questions for this answer?","18. Do not allow bystanders in work area. 19. Do not operate without guard(s) in place. 20. Do not operate in unventilated area. 21. To reduce the risk of injury associated with the inhalation of dust, use a face filter mask in dusty conditions. 22. To reduce the risk of injury associated with contacting rotating part, stop the engine before installing or removing attachments. 23. To reduce the risk of fire and burn injury:","5. Keep the area of operation clear of all persons, particularly small children and pets. 6. Do not point the blower pipe in the direction of people or pets. 7. Never operate a Backpack blower when you are fatigued. 8. Never operate a Backpack blower without proper guards or other protective safety devices in place. 9. Dress properly; do not wear loose clothing or jewelry that can be caught in moving parts. Always wear substantial footwear, long pant, and long sleeved shirt.","through Saturday. B. To reduce noise levels, limit the number of pieces of equipment used at any one time. C. To reduce noise levels, operate Backpack blower at the lowest possible throttle speed to do the job. D. Check your equipment before operation, especially the muffler, air intakes, and air filters. E. Use rakes and brooms to loosen debris before blowing. F. In dusty conditions, slightly dampen surfaces when water is available.",0.45422953367233276,0.3951988220214844,0.2582046091556549,1.0447683334350586,1.099819302558899,1.2180274724960327
Explain why it is not safe to assume experience alone is enough without reading the manual.,"SAFETY INSTRUCTIONS                                                                                                                                                                               Operator safety                                                                                                                                                                                                         1. Read and understand this Owner's/Operator's Manual before using this product. Be thoroughly familiar with the proper use of this product.
2.Never operate this water pump when you are tired, illor under the influence of alcohol, drugs
or medication.
3.Never start or run the engine inside a closed room or building. Breathing exhaust fumes can
cause death.   here is the answer can you give 10questions for this answer?",6 1. Read and understand this Owner's/Operator's Manual before using the Backpack blower. Be thoroughly familiar with the proper use of the Backpack blower. 2. Never allow children to operate the Backpack blower. It is not a toy. Never allow adults to operate the unit without first reading the Owner's / Operator's Manual. 3. Become familiar with the controls and know how to stop the engine quickly. 4. Always use eye protection and hearing protection.,"personal injury to operator and bystanders. Prohibition of fire Don't put a naked flame close to a place where supplying fuel or doing maintenance. Cautions for exhaust gas. Take care not to breathe in exhaust gas from the engine. Read Owner's/Operator's Manual thoroughly. Make sure you read the Owner's/Operator's Manual thoroughly prior to use. Wear protective gear. Wear protectors such as hat, safety glasses, ear plugs during work. Cautions for high temperatures","5 TABLE OF CONTENTS FOREWORD This Owner’s/Operator’s Manual is designed to familiarize the operator with the various features and component parts of the equipment and to assist you with the assembly, operation and maintenance of your new Backpack Blower. It is essential that any operator of this Backpack Blower product reads and understands the contents of this manual before using the Backpack Blower.",0.5292575359344482,0.5205760598182678,0.30872613191604614,0.9703015089035034,0.9792078137397766,1.175817847251892
Suggest one real-life situation where ignoring these safety instructions could result in a fatal accident.,"SAFETY INSTRUCTIONS                                                                                                                                                                               Operator safety                                                                                                                                                                                                         1. Read and understand this Owner's/Operator's Manual before using this product. Be thoroughly familiar with the proper use of this product.
2.Never operate this water pump when you are tired, illor under the influence of alcohol, drugs
or medication.
3.Never start or run the engine inside a closed room or building. Breathing exhaust fumes can
cause death.   here is the answer can you give 10questions for this answer?","manual before using the Backpack Blower. Important safety instructions will be identified by the following safety symbol: Failure to comply with the instructions in this manual may result in serious injury or death. For additional assistance, contact any local authorized Maruyama dealer or Maruyama U.S., Inc., 4770 Mercantile Drive, suite100, Fort Worth, TX 76137 U.S.A. phone : 940-383-7400 web : www.maruyama-us.com MANUAL SAFETY SYMBOLS","machine. Contact an authorized MARUYAMA dealer for additional maintenance suggestions. SCREW SCREW SPARK ARRESTER GUARD POTENTIAL HAZARD • When engine is running, fan is rotating and other parts are moving. WHAT CAN HAPPEN • Contact with rotating fan or other moving parts could cause serious personal injury or death. HOW TO AVOID THE HAZARD • Always turn off your Backpack blower before you clean or perform any maintenance on it.",1 WARNING The blower is used for blowing away leaves and other debris on the ground. Under no circumstances may the design of the machine be modified without the permission of the manufacturer. Always use genuine accessories and parts. Non-authorized modifications and/or accessories or parts can result in serious personal injury or death of the operator or others. Limited Warranty Statement,0.4806864857673645,0.3221736550331116,0.30643558502197266,1.0191305875778198,1.1643249988555908,1.1777644157409668
What is the deadly gas that may be produced when operating the engine in a confined space?,"SAFETY INSTRUCTIONS                                                                                                                                                                               Operator safety                                                                                                                                                                                                         1. Read and understand this Owner's/Operator's Manual before using this product. Be thoroughly familiar with the proper use of this product.
2.Never operate this water pump when you are tired, illor under the influence of alcohol, drugs
or medication.
3.Never start or run the engine inside a closed room or building. Breathing exhaust fumes can
cause death.   here is the answer can you give 10questions for this answer?",can cause engine damage. Gasoline is extremely flammable and can be explosive under certain conditions. Turn the engine switch OFF. Do not smoke. Make sure the area is well ventilated and free from any source of flame of sparks : this includes any appliance with a pilot light.,"personal injury to operator and bystanders. Prohibition of fire Don't put a naked flame close to a place where supplying fuel or doing maintenance. Cautions for exhaust gas. Take care not to breathe in exhaust gas from the engine. Read Owner's/Operator's Manual thoroughly. Make sure you read the Owner's/Operator's Manual thoroughly prior to use. Wear protective gear. Wear protectors such as hat, safety glasses, ear plugs during work. Cautions for high temperatures","footwear, long pant, and long sleeved shirt. 10. Gasoline is highly flammable; handle it carefully. A. Do not smoke while handling gasoline. B. Use an approved fuel container for storing the gasoline/oil mixture. C. Do not fill the fuel tank when the engine is hot or running D. Fill the fuel tank outdoors and only up to one-half inch from the top of the tank. Do not fill the filler neck. E. Wipe away any spilled gasoline before starting the engine.",0.3663976788520813,0.5205760598182678,0.3499526381492615,1.1257017850875854,0.9792078137397766,1.1402170658111572
"List three dangers of using the water pump while tired, ill, or under the influence of alcohol or drugs.","SAFETY INSTRUCTIONS                                                                                                                                                                               Operator safety                                                                                                                                                                                                         1. Read and understand this Owner's/Operator's Manual before using this product. Be thoroughly familiar with the proper use of this product.
2.Never operate this water pump when you are tired, illor under the influence of alcohol, drugs
or medication.
3.Never start or run the engine inside a closed room or building. Breathing exhaust fumes can
cause death.   here is the answer can you give 10questions for this answer?","18. Do not allow bystanders in work area. 19. Do not operate without guard(s) in place. 20. Do not operate in unventilated area. 21. To reduce the risk of injury associated with the inhalation of dust, use a face filter mask in dusty conditions. 22. To reduce the risk of injury associated with contacting rotating part, stop the engine before installing or removing attachments. 23. To reduce the risk of fire and burn injury:","5. Keep the area of operation clear of all persons, particularly small children and pets. 6. Do not point the blower pipe in the direction of people or pets. 7. Never operate a Backpack blower when you are fatigued. 8. Never operate a Backpack blower without proper guards or other protective safety devices in place. 9. Dress properly; do not wear loose clothing or jewelry that can be caught in moving parts. Always wear substantial footwear, long pant, and long sleeved shirt.","personal injury to operator and bystanders. Prohibition of fire Don't put a naked flame close to a place where supplying fuel or doing maintenance. Cautions for exhaust gas. Take care not to breathe in exhaust gas from the engine. Read Owner's/Operator's Manual thoroughly. Make sure you read the Owner's/Operator's Manual thoroughly prior to use. Wear protective gear. Wear protectors such as hat, safety glasses, ear plugs during work. Cautions for high temperatures",0.45422953367233276,0.3951988220214844,0.5205760598182678,1.0447683334350586,1.099819302558899,0.9792078137397766
How could improper fuel storage in a non-approved container affect both the user and the environment over time?,"Fuel safety
1. Gasoline is highly flammable and must be handled and stored
carefully. Use a container approved for fuel for storing gasoline
and/or fuel/oil mixture.
2. Mix and pour fuel outdoors and where there are no sparks or flames.
3. Do not smoke near fuel or the water pump or while using the water pump.
4. Do not overfill the fuel tank. Stop filling 1/4-1/2 inch from the top of the tank.
5. Wipe up any spilled fuel before starting the engine.","23. To reduce the risk of fire and burn injury: -Move at least 10ft (3m) away from the fueling point before starting engine. -Always store gasoline in approved container. Operating techniques A. Operate power equipment only at reasonable hours - not early in the morning or late at night when people might be disturbed. Comply with times listed in local ordinances. Usual recommendations are 9:00 am. to 5:00 p.m., Monday through Saturday.","footwear, long pant, and long sleeved shirt. 10. Gasoline is highly flammable; handle it carefully. A. Do not smoke while handling gasoline. B. Use an approved fuel container for storing the gasoline/oil mixture. C. Do not fill the fuel tank when the engine is hot or running D. Fill the fuel tank outdoors and only up to one-half inch from the top of the tank. Do not fill the filler neck. E. Wipe away any spilled gasoline before starting the engine.","and fuel filters, clutch shoes, vibration isolators, throttle cables and all cutting attachments, etc. 2．Extra expenses including shipping and handling, travel, payment for lost time or pay and for any inconvenience and storage. 3．Alterations or modifications including aftermarket parts not authorized by Maruyama U.S., Inc. 4．Wear, accident, abuse, neglect, misuse, negligence, improper fuels, lubricants, fuel mixtures (when applicable), or",0.6688829064369202,0.7770299911499023,0.2449173480272293,0.8137779235839844,0.6677875518798828,1.2288877964019775
Why is it critical to leave a gap (¼–½ inch) at the top of the fuel tank rather than filling it completely? Link your explanation to fuel expansion.,"Fuel safety
1. Gasoline is highly flammable and must be handled and stored
carefully. Use a container approved for fuel for storing gasoline
and/or fuel/oil mixture.
2. Mix and pour fuel outdoors and where there are no sparks or flames.
3. Do not smoke near fuel or the water pump or while using the water pump.
4. Do not overfill the fuel tank. Stop filling 1/4-1/2 inch from the top of the tank.
5. Wipe up any spilled fuel before starting the engine.","Blower. When refilling the Backpack Blower fuel tank, clean around the fuel tank cap to prevent dirt and debris for entering the tank during cap removal. Always shake the premix fuel container momentarily before filling the fuel tank. Always use a spout or funnel when fueling to reduce fuel spillage. Only fill the tank to within 1/2 inch from the top of the tank. Avoid filing to the top of the tank filler neck. NOTE:","footwear, long pant, and long sleeved shirt. 10. Gasoline is highly flammable; handle it carefully. A. Do not smoke while handling gasoline. B. Use an approved fuel container for storing the gasoline/oil mixture. C. Do not fill the fuel tank when the engine is hot or running D. Fill the fuel tank outdoors and only up to one-half inch from the top of the tank. Do not fill the filler neck. E. Wipe away any spilled gasoline before starting the engine.","remove the filter, but do not release the hose. 5. While still holding on to the fuel hose, attach the new fuel filter. 6. Drop the new fuel filter back into the fuel tank. 7. Make sure that the fuel filter is not stuck in a corner of the tank, and that the fuel hose is not doubled over (kinked) before refueling. Cooling Fin Cleaning 1. With the engine at ambient (room) temperature, loosen the knob at air cleaner cover. 2. Remove the five screws retaining the top cover, then",0.5095235109329224,0.7770299911499023,0.46160414814949036,0.9904307723045349,0.6677875518798828,1.037685751914978
Imagine a situation where a spark occurs from static electricity during refueling. ,"Fuel safety
1. Gasoline is highly flammable and must be handled and stored
carefully. Use a container approved for fuel for storing gasoline
and/or fuel/oil mixture.
2. Mix and pour fuel outdoors and where there are no sparks or flames.
3. Do not smoke near fuel or the water pump or while using the water pump.
4. Do not overfill the fuel tank. Stop filling 1/4-1/2 inch from the top of the tank.
5. Wipe up any spilled fuel before starting the engine.",can cause engine damage. Gasoline is extremely flammable and can be explosive under certain conditions. Turn the engine switch OFF. Do not smoke. Make sure the area is well ventilated and free from any source of flame of sparks : this includes any appliance with a pilot light.,"14 SPARK ARRESTER GUARD When air flow has dropped down during operation, stop the engine and inspect the intake guard for blocking by debris. Cleaning debris from intake guard. Never use the blower without the GUARD of the blower. Before each use, check that the GUARD is attached in place and is free from any damage. POTENTIAL HAZARD • Muffler surface becomes hot when Backpack","mm). 5. Replace the spark plug if it is oil-fouled, damaged, or if the electrodes are worn down. 6. Do not over tighten the spark plug when installing. The tightening torque is 95-148 in. lbs. (10.7-16.6 N･m). To replace the fuel filter: 1. Make sure the fuel tank is empty. 2. Remove the fuel cap. 3. Using a wire hook, gently pull the fuel filter out through the fuel filler opening. 4. Grasp the fuel hose next to the fuel filter fitting and",0.577888548374176,0.24609534442424774,0.2756097614765167,0.9188160300254822,1.227928876876831,1.2036529779434204
"What safety precautions could prevent this, and what might happen if ignored?","Fuel safety
1. Gasoline is highly flammable and must be handled and stored
carefully. Use a container approved for fuel for storing gasoline
and/or fuel/oil mixture.
2. Mix and pour fuel outdoors and where there are no sparks or flames.
3. Do not smoke near fuel or the water pump or while using the water pump.
4. Do not overfill the fuel tank. Stop filling 1/4-1/2 inch from the top of the tank.
5. Wipe up any spilled fuel before starting the engine.","personal injury to operator and bystanders. Prohibition of fire Don't put a naked flame close to a place where supplying fuel or doing maintenance. Cautions for exhaust gas. Take care not to breathe in exhaust gas from the engine. Read Owner's/Operator's Manual thoroughly. Make sure you read the Owner's/Operator's Manual thoroughly prior to use. Wear protective gear. Wear protectors such as hat, safety glasses, ear plugs during work. Cautions for high temperatures","machine. Contact an authorized MARUYAMA dealer for additional maintenance suggestions. SCREW SCREW SPARK ARRESTER GUARD POTENTIAL HAZARD • When engine is running, fan is rotating and other parts are moving. WHAT CAN HAPPEN • Contact with rotating fan or other moving parts could cause serious personal injury or death. HOW TO AVOID THE HAZARD • Always turn off your Backpack blower before you clean or perform any maintenance on it.","• Muffler surface becomes hot when Backpack blower is in operation and remains hot for some time after the engine is shut off. WHAT CAN HAPPEN • Contact with hot muffler surfaces could cause a burn. HOW TO AVOID THE HAZARD • Make sure the muffler is cool before inspecting and cleaning the spark arrester. Maintenance Interval • The spark arrester should be inspected and cleaned after every 25 hours of use. • Replace the screen if it cannot be thoroughly cleaned, or",0.5371277928352356,0.24940109252929688,0.2114875167608261,0.9621561169624329,1.225233793258667,1.2557965517044067
What could be a potential weakness in fuel safety if an operator stores the water pump without emptying the tank?,"Fuel safety
1. Gasoline is highly flammable and must be handled and stored
carefully. Use a container approved for fuel for storing gasoline
and/or fuel/oil mixture.
2. Mix and pour fuel outdoors and where there are no sparks or flames.
3. Do not smoke near fuel or the water pump or while using the water pump.
4. Do not overfill the fuel tank. Stop filling 1/4-1/2 inch from the top of the tank.
5. Wipe up any spilled fuel before starting the engine.","personal injury to operator and bystanders. Prohibition of fire Don't put a naked flame close to a place where supplying fuel or doing maintenance. Cautions for exhaust gas. Take care not to breathe in exhaust gas from the engine. Read Owner's/Operator's Manual thoroughly. Make sure you read the Owner's/Operator's Manual thoroughly prior to use. Wear protective gear. Wear protectors such as hat, safety glasses, ear plugs during work. Cautions for high temperatures","23. To reduce the risk of fire and burn injury: -Move at least 10ft (3m) away from the fueling point before starting engine. -Always store gasoline in approved container. Operating techniques A. Operate power equipment only at reasonable hours - not early in the morning or late at night when people might be disturbed. Comply with times listed in local ordinances. Usual recommendations are 9:00 am. to 5:00 p.m., Monday through Saturday.","15 STORAGE For long-term storage of the Backpack blower, first perform all regular maintenance procedures and needed repairs. Empty the fuel tank. Disconnect the fuel supply line from the carburetor and depress the primer bulb until fuel stops discharging from the fuel-return line. Start the engine and allow it to run until it stops. Pull the starter cord a few times to remove any excess fuel from the engine.",0.5371277928352356,0.6688829064369202,0.4387381374835968,0.9621561169624329,0.8137779235839844,1.0594922304153442
How should an operator assemble the suction hose using the supplied components?,"ASSEMBLY INSTRUCTIONS
Install a rubber packing onto one of the 1 inch hose fittings. Slide a hose fitting nut over the fitting. Slide two hose clamps over the suction hose. Attach the hose coupler assembly and
strainer to either end and tighten the hose clamps.
Due to different operator requirements, the outlet hose is not provided. Three hose fittings are
supplied with water pump to be used with either 5/8, 3/4 or 1 inch inside diameter hose. Select
an outlet hose that is the suitable diameter and length for your application.
Once you have selected the outlet hose, assemble the appr","8 STEP #1) Locate and identify all the components (see sketch). STEP #2) Prepare the flat head screwdriver, Using the BAND, connect the BENT PIPE and FLEXIBLE PIPE to the blower, and the SWIVEL PIPE to the FLEXIBLE PIPE (see sketch). STEP #3) Assemble the STRAIGHT PIPE, BENT PIPE, and END PIPE, then connect them to the SWIVEL PIPE (see sketch).","5 TABLE OF CONTENTS FOREWORD This Owner’s/Operator’s Manual is designed to familiarize the operator with the various features and component parts of the equipment and to assist you with the assembly, operation and maintenance of your new Backpack Blower. It is essential that any operator of this Backpack Blower product reads and understands the contents of this manual before using the Backpack Blower.","9 BEFORE OPERATION Be sure the Backpack blower is correctly assembled and all fasteners and fittings are properly secured. THROTTLE LEVER Before operating the Backpack blower, release the knob, adjust the throttle grip to the position and grip angle in the illustration, and tighten knob to secure in place. When the Backpack blower is strapped to the back of the operator, the throttle lever of is located on the tube. CAUTION! 1.Shutting Engine Off",0.3457382917404175,0.20281638205051422,0.2588852643966675,1.1439071893692017,1.262682557106018,1.2174686193466187
"Group the assembly steps into stages: preparation, fitting, and final connection.","ASSEMBLY INSTRUCTIONS
Install a rubber packing onto one of the 1 inch hose fittings. Slide a hose fitting nut over the fitting. Slide two hose clamps over the suction hose. Attach the hose coupler assembly and
strainer to either end and tighten the hose clamps.
Due to different operator requirements, the outlet hose is not provided. Three hose fittings are
supplied with water pump to be used with either 5/8, 3/4 or 1 inch inside diameter hose. Select
an outlet hose that is the suitable diameter and length for your application.
Once you have selected the outlet hose, assemble the appr","8 STEP #1) Locate and identify all the components (see sketch). STEP #2) Prepare the flat head screwdriver, Using the BAND, connect the BENT PIPE and FLEXIBLE PIPE to the blower, and the SWIVEL PIPE to the FLEXIBLE PIPE (see sketch). STEP #3) Assemble the STRAIGHT PIPE, BENT PIPE, and END PIPE, then connect them to the SWIVEL PIPE (see sketch).",REGULAR MAINTENANCE························· 12 SPECIFICATIONS······································· 7 STORAGE················································ 15 ASSEMBLY INSTRUCTIONS ························ 8 EMISSION CONTROL INFORMATION·········· 15 BEFORE OPERATION································· 9 MAINTENANCE········································ 16 This symbol accompanied by the words WARNING and DANGER calls attention to an act or condition that can lead to serious,"11 OPERATING INSTRUCTIONS STARTING PROCEDURE STEP #3) Set the LEVER at 1/2 speed. If a MARUYAMA engine fails to start after following the above procedures, contact an authorized MARUYAMA dealer. STEP #1) Pump the ""PRIMER BULB"" under of the carburetor until fuel can be seen flowing through the ""FUEL-RETURN LINE"". STEP #2) Move the ""CHOKE LEVER"" fully upward to the closed",0.3457382917404175,0.039636172354221344,0.20383673906326294,1.1439071893692017,1.385903239250183,1.2618743181228638
What does the instruction about selecting a suitable outlet hose imply about the pump’s design?,"ASSEMBLY INSTRUCTIONS
Install a rubber packing onto one of the 1 inch hose fittings. Slide a hose fitting nut over the fitting. Slide two hose clamps over the suction hose. Attach the hose coupler assembly and
strainer to either end and tighten the hose clamps.
Due to different operator requirements, the outlet hose is not provided. Three hose fittings are
supplied with water pump to be used with either 5/8, 3/4 or 1 inch inside diameter hose. Select
an outlet hose that is the suitable diameter and length for your application.
Once you have selected the outlet hose, assemble the appr","octane of the antiknock index is recommended. The antiknock index is posted on service station pumps in the U.S.A. EMISSION CONTROL INFORMATION To protect the environment in which we all live, Maruyama has incorporated an exhaust emission control system. EXHAUST AND EVAPORATIVE EMISSION CONTROL SYSTEM The system reduces the amount of pollutants discharged into the atmosphere by the exhaust of this engine. The fuel tank,","remove the filter, but do not release the hose. 5. While still holding on to the fuel hose, attach the new fuel filter. 6. Drop the new fuel filter back into the fuel tank. 7. Make sure that the fuel filter is not stuck in a corner of the tank, and that the fuel hose is not doubled over (kinked) before refueling. Cooling Fin Cleaning 1. With the engine at ambient (room) temperature, loosen the knob at air cleaner cover. 2. Remove the five screws retaining the top cover, then","The highest position of lever is ""IDLE"" setting, and the lowest position is the ""FULL THROTTLE"" setting. RECOMMENDED FUEL TYPE Use clean, fresh lead-free gasoline with an octane rating of 87 or higher. To ensure freshness, purchase only the quantity of gasoline that can be used in 30 days. Use of lead-free gasoline results in fewer combustion chamber deposits and longer spark plug life. Use of premium grade fuel is not necessary or recommended. CAUTION!",-0.014647922478616238,0.26738572120666504,0.04417702555656433,1.4245336055755615,1.2104663848876953,1.3826229572296143
What safety concept is emphasized across all fuel-related instructions?,"ASSEMBLY INSTRUCTIONS Install a rubber packing onto one of the 1 inch hose fittings. Slide a hose fitting nut over the fitting. Slide two hose clamps over the suction hose. Attach the hose coupler assembly and strainer to either end and tighten the hose clamps. Due to different operator requirements, the outlet hose is not provided. Three hose fittings are supplied with water pump to be used with either 5/8, 3/4 or 1 inch inside diameter hose. Select an outlet hose that is the suitable diameter and length for your application. Once you have selected the outlet hose, assemble the appr","23. To reduce the risk of fire and burn injury: -Move at least 10ft (3m) away from the fueling point before starting engine. -Always store gasoline in approved container. Operating techniques A. Operate power equipment only at reasonable hours - not early in the morning or late at night when people might be disturbed. Comply with times listed in local ordinances. Usual recommendations are 9:00 am. to 5:00 p.m., Monday through Saturday.","footwear, long pant, and long sleeved shirt. 10. Gasoline is highly flammable; handle it carefully. A. Do not smoke while handling gasoline. B. Use an approved fuel container for storing the gasoline/oil mixture. C. Do not fill the fuel tank when the engine is hot or running D. Fill the fuel tank outdoors and only up to one-half inch from the top of the tank. Do not fill the filler neck. E. Wipe away any spilled gasoline before starting the engine.","MANUAL SAFETY SYMBOLS Throughout this manual and on the product itself, you will find safety alerts and helpful, information message preceded by symbols or key words. The following is an explanation of those symbols and key words and what they mean to you. FOREWORD ············································· 5 OPERATING INSTRUCTIONS····················· 11 Warning label·············································· 5 REGULAR MAINTENANCE························· 12",0.10573802143335342,0.0667116641998291,-0.06430996209383011,1.3373571634292603,1.3662272691726685,1.4589791297912598
"Identify and list all actions aimed at preventing fire hazards.
","ASSEMBLY INSTRUCTIONS
Install a rubber packing onto one of the 1 inch hose fittings. Slide a hose fitting nut over the fitting. Slide two hose clamps over the suction hose. Attach the hose coupler assembly and
strainer to either end and tighten the hose clamps.
Due to different operator requirements, the outlet hose is not provided. Three hose fittings are
supplied with water pump to be used with either 5/8, 3/4 or 1 inch inside diameter hose. Select
an outlet hose that is the suitable diameter and length for your application.
Once you have selected the outlet hose, assemble the appr","23. To reduce the risk of fire and burn injury: -Move at least 10ft (3m) away from the fueling point before starting engine. -Always store gasoline in approved container. Operating techniques A. Operate power equipment only at reasonable hours - not early in the morning or late at night when people might be disturbed. Comply with times listed in local ordinances. Usual recommendations are 9:00 am. to 5:00 p.m., Monday through Saturday.","personal injury to operator and bystanders. Prohibition of fire Don't put a naked flame close to a place where supplying fuel or doing maintenance. Cautions for exhaust gas. Take care not to breathe in exhaust gas from the engine. Read Owner's/Operator's Manual thoroughly. Make sure you read the Owner's/Operator's Manual thoroughly prior to use. Wear protective gear. Wear protectors such as hat, safety glasses, ear plugs during work. Cautions for high temperatures","18. Do not allow bystanders in work area. 19. Do not operate without guard(s) in place. 20. Do not operate in unventilated area. 21. To reduce the risk of injury associated with the inhalation of dust, use a face filter mask in dusty conditions. 22. To reduce the risk of injury associated with contacting rotating part, stop the engine before installing or removing attachments. 23. To reduce the risk of fire and burn injury:",0.10573802143335342,-0.06457599252462387,0.021194983273744583,1.3373571634292603,1.459161400794983,1.3991461992263794
Why is it necessary to use a strainer with any suction hose?," Fix the suction hose and the outlet hose to the pump, as shown.
WARNING: Always use the suction hose and strainer provided among the standard accessories. If another suction hose is used, it must be used with the strainer.
A crush resistant hose is recommended.
During operation, if the suction hose is crushed, it can cause the pump to fail.","G. Conserve water by using Backpack blower instead of hoses for many lawn and garden applications, including areas such as gutters, screens, patios, grills, porches, and gardens. H. Watch out for children, pets, open windows, or freshly washed cars, and blow debris safely away. I. Use the full blower nozzle extension so the air stream can work close to the ground. J. After using blowers and other equipment, CLEAN UP! Dispose of debris in trash receptacles.",1 WARNING The blower is used for blowing away leaves and other debris on the ground. Under no circumstances may the design of the machine be modified without the permission of the manufacturer. Always use genuine accessories and parts. Non-authorized modifications and/or accessories or parts can result in serious personal injury or death of the operator or others. Limited Warranty Statement,"14 SPARK ARRESTER GUARD When air flow has dropped down during operation, stop the engine and inspect the intake guard for blocking by debris. Cleaning debris from intake guard. Never use the blower without the GUARD of the blower. Before each use, check that the GUARD is attached in place and is free from any damage. POTENTIAL HAZARD • Muffler surface becomes hot when Backpack",0.3267280161380768,0.19769802689552307,0.20472773909568787,1.1604068279266357,1.2667295932769775,1.2611678838729858
What are the risks of using a non-recommended suction hose without a strainer?," Fix the suction hose and the outlet hose to the pump, as shown.
WARNING: Always use the suction hose and strainer provided among the standard accessories. If another suction hose is used, it must be used with the strainer.
A crush resistant hose is recommended.
During operation, if the suction hose is crushed, it can cause the pump to fail.",1 WARNING The blower is used for blowing away leaves and other debris on the ground. Under no circumstances may the design of the machine be modified without the permission of the manufacturer. Always use genuine accessories and parts. Non-authorized modifications and/or accessories or parts can result in serious personal injury or death of the operator or others. Limited Warranty Statement,"18. Do not allow bystanders in work area. 19. Do not operate without guard(s) in place. 20. Do not operate in unventilated area. 21. To reduce the risk of injury associated with the inhalation of dust, use a face filter mask in dusty conditions. 22. To reduce the risk of injury associated with contacting rotating part, stop the engine before installing or removing attachments. 23. To reduce the risk of fire and burn injury:","G. Conserve water by using Backpack blower instead of hoses for many lawn and garden applications, including areas such as gutters, screens, patios, grills, porches, and gardens. H. Watch out for children, pets, open windows, or freshly washed cars, and blow debris safely away. I. Use the full blower nozzle extension so the air stream can work close to the ground. J. After using blowers and other equipment, CLEAN UP! Dispose of debris in trash receptacles.",0.19769802689552307,0.09806746244430542,0.3267280161380768,1.2667295932769775,1.3430804014205933,1.1604068279266357
Identify and list all components necessary for safe hose operation.," Fix the suction hose and the outlet hose to the pump, as shown.
WARNING: Always use the suction hose and strainer provided among the standard accessories. If another suction hose is used, it must be used with the strainer.
A crush resistant hose is recommended.
During operation, if the suction hose is crushed, it can cause the pump to fail.","8 STEP #1) Locate and identify all the components (see sketch). STEP #2) Prepare the flat head screwdriver, Using the BAND, connect the BENT PIPE and FLEXIBLE PIPE to the blower, and the SWIVEL PIPE to the FLEXIBLE PIPE (see sketch). STEP #3) Assemble the STRAIGHT PIPE, BENT PIPE, and END PIPE, then connect them to the SWIVEL PIPE (see sketch).","EPA considers emission-related warranted parts to include all the parts listed below. These warranted parts are: the carburetor assembly, the ignition coil assembly, the ignition rotor, the spark plug, the catalytic converter, and the fuel tank. MAINTENANCE REQUIREMENTS The owner is responsible for the performance of the required maintenance as defined by the Maruyama Manufacturing Company, Inc. in the owner's manual. LIMITATIONS","Emission durability of 300 hours. Your emission control system may include parts such as the carburetor or fuel injection system, the ignition system, and catalytic converter. Also included may be hoses, belts, and connectors and other emission related assemblies. Where a warrantable condition exists, Maruyama Manufacturing Company, Inc. will repair your small off-road engine at no BL9000",0.24229520559310913,0.06740577518939972,-0.012570075690746307,1.2310197353363037,1.365718960762024,1.4230741262435913
What does the warning about hose crushing suggest about the pump's dependency on steady suction?," Fix the suction hose and the outlet hose to the pump, as shown.
WARNING: Always use the suction hose and strainer provided among the standard accessories. If another suction hose is used, it must be used with the strainer.
A crush resistant hose is recommended.
During operation, if the suction hose is crushed, it can cause the pump to fail.","Cautions for high temperatures Muffler of engine, fin of cylinder, etc. are at high temperatures. Don't touch them.","14. Do not put hands or feet near or under the rotating parts. Keep clear at all times. 15. If the Backpack blower should start to vibrate abnormally, stop the engine immediately and check for the cause. Vibration is generally a warning of trouble. 16. Avoid using the Backpack blower near rocks, gravel, stones and similar matter in order to avoid dangerous flying debris. 17. Use the Backpack blower only in daylight or good artificial light. 18. Do not allow bystanders in work area.","MANUAL SAFETY SYMBOLS Throughout this manual and on the product itself, you will find safety alerts and helpful, information message preceded by symbols or key words. The following is an explanation of those symbols and key words and what they mean to you. FOREWORD ············································· 5 OPERATING INSTRUCTIONS····················· 11 Warning label·············································· 5 REGULAR MAINTENANCE························· 12",-0.022111566737294197,0.1597338765859604,-0.0455050952732563,1.4297633171081543,1.2963534593582153,1.4460325241088867
What is the central warning or message of this instruction?," Fix the suction hose and the outlet hose to the pump, as shown.
WARNING: Always use the suction hose and strainer provided among the standard accessories. If another suction hose is used, it must be used with the strainer.
A crush resistant hose is recommended.
During operation, if the suction hose is crushed, it can cause the pump to fail.","MANUAL SAFETY SYMBOLS Throughout this manual and on the product itself, you will find safety alerts and helpful, information message preceded by symbols or key words. The following is an explanation of those symbols and key words and what they mean to you. FOREWORD ············································· 5 OPERATING INSTRUCTIONS····················· 11 Warning label·············································· 5 REGULAR MAINTENANCE························· 12",REGULAR MAINTENANCE························· 12 SPECIFICATIONS······································· 7 STORAGE················································ 15 ASSEMBLY INSTRUCTIONS ························ 8 EMISSION CONTROL INFORMATION·········· 15 BEFORE OPERATION································· 9 MAINTENANCE········································ 16 This symbol accompanied by the words WARNING and DANGER calls attention to an act or condition that can lead to serious,"14. Do not put hands or feet near or under the rotating parts. Keep clear at all times. 15. If the Backpack blower should start to vibrate abnormally, stop the engine immediately and check for the cause. Vibration is generally a warning of trouble. 16. Avoid using the Backpack blower near rocks, gravel, stones and similar matter in order to avoid dangerous flying debris. 17. Use the Backpack blower only in daylight or good artificial light. 18. Do not allow bystanders in work area.",-0.0455050952732563,-0.012433814816176891,0.1597338765859604,1.4460325241088867,1.422978401184082,1.2963534593582153
Why is it important to ensure the strainer is completely submerged but not touching sandy or muddy surfaces?,"BEFORE OPERATION                                                                                                                                            PUMP SECTION
1. Check that there are no loose screws or components on the machinery.
2. Place the pump on a level surface, but not immediately next to the water supply.
If the pump must be placed on a sloping or inclined surface, a level platform must be used. Be
sure to secure the pump adequately.
3. Where the weight of the suction hose causes the pump to tilt or move, secure the pump adequately.
4. Always attach the strainer to the end of the suction hose. If the pump is operated without the
strainer, pebbles and other materials will be sucked into the pump and could cause damage
and pump failure.
5. Be sure that the strainer is completely submerged, but not in contact with sandy or muddy bottom surfaces.
6. Secure the suction and outlet hoses tightly to the pump to avoid sucking air.","Cautions for high temperatures Muffler of engine, fin of cylinder, etc. are at high temperatures. Don't touch them.","• Muffler surface becomes hot when Backpack blower is in operation and remains hot for some time after the engine is shut off. WHAT CAN HAPPEN • Contact with hot muffler surfaces could cause a burn. HOW TO AVOID THE HAZARD • Make sure the muffler is cool before inspecting and cleaning the spark arrester. Maintenance Interval • The spark arrester should be inspected and cleaned after every 25 hours of use. • Replace the screen if it cannot be thoroughly cleaned, or","CAUTION! IMPORTANT: Never use methanol, gasoline containing Methanol, gasohol containing more than 10% ethanol, premium gasoline, or white gas because engine fuel system damage could result. Do not use fuel additives other than those manufactured for fuel stabilization during storage such as MARUYAMA’s stabilizer/ conditioner or a similar product. MARUYAMA’s stabilizer/conditioner is a petroleum distillate based conditioner/stabilizer. THROTTLE LEVER KNOB THROTTLE LEVER POSITION",-0.02757498249411583,0.07529653608798981,0.04480395093560219,1.4335793256759644,1.359929084777832,1.3821693658828735
What might be the consequences of operating the pump without tightly securing the suction and outlet hoses?,"BEFORE OPERATION                                                                                                                                            PUMP SECTION
1. Check that there are no loose screws or components on the machinery.
2. Place the pump on a level surface, but not immediately next to the water supply.
If the pump must be placed on a sloping or inclined surface, a level platform must be used. Be
sure to secure the pump adequately.
3. Where the weight of the suction hose causes the pump to tilt or move, secure the pump adequately.
4. Always attach the strainer to the end of the suction hose. If the pump is operated without the
strainer, pebbles and other materials will be sucked into the pump and could cause damage
and pump failure.
5. Be sure that the strainer is completely submerged, but not in contact with sandy or muddy bottom surfaces.
6. Secure the suction and outlet hoses tightly to the pump to avoid sucking air.","remove the filter, but do not release the hose. 5. While still holding on to the fuel hose, attach the new fuel filter. 6. Drop the new fuel filter back into the fuel tank. 7. Make sure that the fuel filter is not stuck in a corner of the tank, and that the fuel hose is not doubled over (kinked) before refueling. Cooling Fin Cleaning 1. With the engine at ambient (room) temperature, loosen the knob at air cleaner cover. 2. Remove the five screws retaining the top cover, then","5. Keep the area of operation clear of all persons, particularly small children and pets. 6. Do not point the blower pipe in the direction of people or pets. 7. Never operate a Backpack blower when you are fatigued. 8. Never operate a Backpack blower without proper guards or other protective safety devices in place. 9. Dress properly; do not wear loose clothing or jewelry that can be caught in moving parts. Always wear substantial footwear, long pant, and long sleeved shirt.","11. Always be sure of your footing; keep a firm hold of the blower pipes, and walk, never run while operating a Backpack blower. 12. Use the correct accessories. Do not use the Backpack blower for any job except that for which it is intended . 13. Keep all fasteners tight and be sure the Backpack blower is in safe working condition. Follow the maintenance instructions provided on page 12 - 14 of this manual.",0.2770048975944519,0.22862592339515686,0.24895760416984558,1.20249342918396,1.2420742511749268,1.2255957126617432
What does the instruction about avoiding air suction imply about the pump’s operation?,"BEFORE OPERATION                                                                                                                                            PUMP SECTION
1. Check that there are no loose screws or components on the machinery.
2. Place the pump on a level surface, but not immediately next to the water supply.
If the pump must be placed on a sloping or inclined surface, a level platform must be used. Be
sure to secure the pump adequately.
3. Where the weight of the suction hose causes the pump to tilt or move, secure the pump adequately.
4. Always attach the strainer to the end of the suction hose. If the pump is operated without the
strainer, pebbles and other materials will be sucked into the pump and could cause damage
and pump failure.
5. Be sure that the strainer is completely submerged, but not in contact with sandy or muddy bottom surfaces.
6. Secure the suction and outlet hoses tightly to the pump to avoid sucking air.","14. Do not put hands or feet near or under the rotating parts. Keep clear at all times. 15. If the Backpack blower should start to vibrate abnormally, stop the engine immediately and check for the cause. Vibration is generally a warning of trouble. 16. Avoid using the Backpack blower near rocks, gravel, stones and similar matter in order to avoid dangerous flying debris. 17. Use the Backpack blower only in daylight or good artificial light. 18. Do not allow bystanders in work area.","position. If the engine is already warm, only a partial or open (no choke) choke setting may be required. CHOKE LEVER OPEN OPEN CLOSE CHOKE LEVER IDLE SPEED HIGH SPEED LEVER STEP #4) Press down the ""AIR FILTER COVER"" and hold the ""FRAME"" with your right foot gently. Pull the ""STARTER GRIP"" briskly to start the engine. NOTE: Only short pulls are necessary. Never pull the starter cord to its fullest extension. Never let go of the","18. Do not allow bystanders in work area. 19. Do not operate without guard(s) in place. 20. Do not operate in unventilated area. 21. To reduce the risk of injury associated with the inhalation of dust, use a face filter mask in dusty conditions. 22. To reduce the risk of injury associated with contacting rotating part, stop the engine before installing or removing attachments. 23. To reduce the risk of fire and burn injury:",0.20763510465621948,0.23605205118656158,0.11150331050157547,1.258860468864441,1.2360808849334717,1.3330391645431519
Why must the strainer be attached even if the water appears clean?,"BEFORE OPERATION                                                                                                                                            PUMP SECTION
1. Check that there are no loose screws or components on the machinery.
2. Place the pump on a level surface, but not immediately next to the water supply.
If the pump must be placed on a sloping or inclined surface, a level platform must be used. Be
sure to secure the pump adequately.
3. Where the weight of the suction hose causes the pump to tilt or move, secure the pump adequately.
4. Always attach the strainer to the end of the suction hose. If the pump is operated without the
strainer, pebbles and other materials will be sucked into the pump and could cause damage
and pump failure.
5. Be sure that the strainer is completely submerged, but not in contact with sandy or muddy bottom surfaces.
6. Secure the suction and outlet hoses tightly to the pump to avoid sucking air.","G. Conserve water by using Backpack blower instead of hoses for many lawn and garden applications, including areas such as gutters, screens, patios, grills, porches, and gardens. H. Watch out for children, pets, open windows, or freshly washed cars, and blow debris safely away. I. Use the full blower nozzle extension so the air stream can work close to the ground. J. After using blowers and other equipment, CLEAN UP! Dispose of debris in trash receptacles.",shorten engine life. FUEL FILTER Maintenance Interval The fuel filter should be cleaned and inspected for damage after each 20 hours of operation. The fuel filter should be replaced after every 100 hours of operation. Fuel Filter Replacement The fuel filter is attached to the end of the fuel pick-up hose inside the fuel tank. SPARK PLUG Maintenance Interval • The spark plug should be removed from the engine and checked after each 25 hours of operation.,"remove the filter, but do not release the hose. 5. While still holding on to the fuel hose, attach the new fuel filter. 6. Drop the new fuel filter back into the fuel tank. 7. Make sure that the fuel filter is not stuck in a corner of the tank, and that the fuel hose is not doubled over (kinked) before refueling. Cooling Fin Cleaning 1. With the engine at ambient (room) temperature, loosen the knob at air cleaner cover. 2. Remove the five screws retaining the top cover, then",0.23938195407390594,0.14945551753044128,0.2770048975944519,1.2333840131759644,1.3042579889297485,1.20249342918396
List all checks or setup steps to perform before operating the pump.,"BEFORE OPERATION                                                                                                                                            PUMP SECTION
1. Check that there are no loose screws or components on the machinery.
2. Place the pump on a level surface, but not immediately next to the water supply.
If the pump must be placed on a sloping or inclined surface, a level platform must be used. Be
sure to secure the pump adequately.
3. Where the weight of the suction hose causes the pump to tilt or move, secure the pump adequately.
4. Always attach the strainer to the end of the suction hose. If the pump is operated without the
strainer, pebbles and other materials will be sucked into the pump and could cause damage
and pump failure.
5. Be sure that the strainer is completely submerged, but not in contact with sandy or muddy bottom surfaces.
6. Secure the suction and outlet hoses tightly to the pump to avoid sucking air.","11 OPERATING INSTRUCTIONS STARTING PROCEDURE STEP #3) Set the LEVER at 1/2 speed. If a MARUYAMA engine fails to start after following the above procedures, contact an authorized MARUYAMA dealer. STEP #1) Pump the ""PRIMER BULB"" under of the carburetor until fuel can be seen flowing through the ""FUEL-RETURN LINE"". STEP #2) Move the ""CHOKE LEVER"" fully upward to the closed","covered by warranty. STOPPING THE ENGINE Always run the engine at idle speed for a few minutes to allow cooling before stopping. To stop the engine, push the stop button. REGULAR MAINTENANCE Before each use, the Backpack blower should be inspected for proper assembly and fitness of all components. All fasteners should be checked for correct tightness. Always inspect for fuel leaks. Do not attempt to start or operate a Backpack blower that indicates a fuel leak.","8 STEP #1) Locate and identify all the components (see sketch). STEP #2) Prepare the flat head screwdriver, Using the BAND, connect the BENT PIPE and FLEXIBLE PIPE to the blower, and the SWIVEL PIPE to the FLEXIBLE PIPE (see sketch). STEP #3) Assemble the STRAIGHT PIPE, BENT PIPE, and END PIPE, then connect them to the SWIVEL PIPE (see sketch).",0.22886411845684052,0.23806343972682953,0.18242059648036957,1.24188232421875,1.2344526052474976,1.2787333726882935
Why is it necessary to open the fuel tank cap slowly during refueling?,"FUELING
WARNING! The following precautions will lessen the risk of fire.
1. Do not smoke near fuel.
2. Mix and pour fuel outdoors and where there are no sparks or flames.
3. Always shut off the engine before refueling. Never remove the fuel tank cap while the engine
is running or right after just stopping the engine.
4. Always open the fuel tank cap slowly to release any
possible overpressure inside the tank.
5. Do not overfill the fuel tank. Stop filling 1/4-1/2 inch
from the top of the tan.
6. Tighten the tank fuel cap carefully but firmly after
refilling..
7. Wipe up any spilled fuel before starting the engine.
8. Move the water pump at least 10 feet away from the
fueling location and fuel storage container before
starting the engine.","Blower. When refilling the Backpack Blower fuel tank, clean around the fuel tank cap to prevent dirt and debris for entering the tank during cap removal. Always shake the premix fuel container momentarily before filling the fuel tank. Always use a spout or funnel when fueling to reduce fuel spillage. Only fill the tank to within 1/2 inch from the top of the tank. Avoid filing to the top of the tank filler neck. NOTE:","remove the filter, but do not release the hose. 5. While still holding on to the fuel hose, attach the new fuel filter. 6. Drop the new fuel filter back into the fuel tank. 7. Make sure that the fuel filter is not stuck in a corner of the tank, and that the fuel hose is not doubled over (kinked) before refueling. Cooling Fin Cleaning 1. With the engine at ambient (room) temperature, loosen the knob at air cleaner cover. 2. Remove the five screws retaining the top cover, then","mm). 5. Replace the spark plug if it is oil-fouled, damaged, or if the electrodes are worn down. 6. Do not over tighten the spark plug when installing. The tightening torque is 95-148 in. lbs. (10.7-16.6 N･m). To replace the fuel filter: 1. Make sure the fuel tank is empty. 2. Remove the fuel cap. 3. Using a wire hook, gently pull the fuel filter out through the fuel filler opening. 4. Grasp the fuel hose next to the fuel filter fitting and",0.5119490027427673,0.5787234902381897,0.33477696776390076,0.9879787564277649,0.9179069399833679,1.1534496545791626
What does the repeated emphasis on distance and flame avoidance suggest about the properties of fuel vapors?,"FUELING
WARNING! The following precautions will lessen the risk of fire.
1. Do not smoke near fuel.
2. Mix and pour fuel outdoors and where there are no sparks or flames.
3. Always shut off the engine before refueling. Never remove the fuel tank cap while the engine
is running or right after just stopping the engine.
4. Always open the fuel tank cap slowly to release any
possible overpressure inside the tank.
5. Do not overfill the fuel tank. Stop filling 1/4-1/2 inch
from the top of the tan.
6. Tighten the tank fuel cap carefully but firmly after
refilling..
7. Wipe up any spilled fuel before starting the engine.
8. Move the water pump at least 10 feet away from the
fueling location and fuel storage container before
starting the engine.","personal injury to operator and bystanders. Prohibition of fire Don't put a naked flame close to a place where supplying fuel or doing maintenance. Cautions for exhaust gas. Take care not to breathe in exhaust gas from the engine. Read Owner's/Operator's Manual thoroughly. Make sure you read the Owner's/Operator's Manual thoroughly prior to use. Wear protective gear. Wear protectors such as hat, safety glasses, ear plugs during work. Cautions for high temperatures",can cause engine damage. Gasoline is extremely flammable and can be explosive under certain conditions. Turn the engine switch OFF. Do not smoke. Make sure the area is well ventilated and free from any source of flame of sparks : this includes any appliance with a pilot light.,"23. To reduce the risk of fire and burn injury: -Move at least 10ft (3m) away from the fueling point before starting engine. -Always store gasoline in approved container. Operating techniques A. Operate power equipment only at reasonable hours - not early in the morning or late at night when people might be disturbed. Comply with times listed in local ordinances. Usual recommendations are 9:00 am. to 5:00 p.m., Monday through Saturday.",0.572425365447998,0.5009586811065674,0.6678916215896606,0.9247428178787231,0.9990408420562744,0.8149951100349426
What core safety principle is reinforced throughout these fueling instructions?,"FUELING
WARNING! The following precautions will lessen the risk of fire.
1. Do not smoke near fuel.
2. Mix and pour fuel outdoors and where there are no sparks or flames.
3. Always shut off the engine before refueling. Never remove the fuel tank cap while the engine
is running or right after just stopping the engine.
4. Always open the fuel tank cap slowly to release any
possible overpressure inside the tank.
5. Do not overfill the fuel tank. Stop filling 1/4-1/2 inch
from the top of the tan.
6. Tighten the tank fuel cap carefully but firmly after
refilling..
7. Wipe up any spilled fuel before starting the engine.
8. Move the water pump at least 10 feet away from the
fueling location and fuel storage container before
starting the engine.","23. To reduce the risk of fire and burn injury: -Move at least 10ft (3m) away from the fueling point before starting engine. -Always store gasoline in approved container. Operating techniques A. Operate power equipment only at reasonable hours - not early in the morning or late at night when people might be disturbed. Comply with times listed in local ordinances. Usual recommendations are 9:00 am. to 5:00 p.m., Monday through Saturday.","MANUAL SAFETY SYMBOLS Throughout this manual and on the product itself, you will find safety alerts and helpful, information message preceded by symbols or key words. The following is an explanation of those symbols and key words and what they mean to you. FOREWORD ············································· 5 OPERATING INSTRUCTIONS····················· 11 Warning label·············································· 5 REGULAR MAINTENANCE························· 12","CAUTION! If Maruyama brand oil is not used, never use a mixing ratio less than 50:1 regardless of the oil package mixing instructions. Ratios less the 50:1, (for example, 60:1, 80:1, 100:1), reduce the amount of lubrication to the internal moving parts of the engine and can cause damage. MIXING INSTRUCTIONS: Always mix fuel and oil in a clean container approved for gasoline. Mark the container to",0.6678916215896606,0.2443295568227768,0.2860076427459717,0.8149951100349426,1.2293660640716553,1.1949831247329712
What are the potential consequences of removing the fuel tank cap while the engine is running or just after stopping it?,"FUELING
WARNING! The following precautions will lessen the risk of fire.
1. Do not smoke near fuel.
2. Mix and pour fuel outdoors and where there are no sparks or flames.
3. Always shut off the engine before refueling. Never remove the fuel tank cap while the engine
is running or right after just stopping the engine.
4. Always open the fuel tank cap slowly to release any
possible overpressure inside the tank.
5. Do not overfill the fuel tank. Stop filling 1/4-1/2 inch
from the top of the tan.
6. Tighten the tank fuel cap carefully but firmly after
refilling..
7. Wipe up any spilled fuel before starting the engine.
8. Move the water pump at least 10 feet away from the
fueling location and fuel storage container before
starting the engine.","Blower. When refilling the Backpack Blower fuel tank, clean around the fuel tank cap to prevent dirt and debris for entering the tank during cap removal. Always shake the premix fuel container momentarily before filling the fuel tank. Always use a spout or funnel when fueling to reduce fuel spillage. Only fill the tank to within 1/2 inch from the top of the tank. Avoid filing to the top of the tank filler neck. NOTE:","CAUTION! 1.Shutting Engine Off Before shutting the engine off, allow it to idle for a short while. • Never stop the engine by closing the choke. • Never stop the engine during operation while running above idle speed. 2.Transporting and Storage • Shut off the engine and allow it to cool before transporting or storing the unit. • Do not put the unit on dry grass or near any flammable object unless the engine is cold or cooled down.","mm). 5. Replace the spark plug if it is oil-fouled, damaged, or if the electrodes are worn down. 6. Do not over tighten the spark plug when installing. The tightening torque is 95-148 in. lbs. (10.7-16.6 N･m). To replace the fuel filter: 1. Make sure the fuel tank is empty. 2. Remove the fuel cap. 3. Using a wire hook, gently pull the fuel filter out through the fuel filler opening. 4. Grasp the fuel hose next to the fuel filter fitting and",0.5119490027427673,0.4904639422893524,0.33477696776390076,0.9879787564277649,1.0094910860061646,1.1534496545791626
"Group the instructions into categories: fueling environment, engine handling, and post-fueling actions.","FUELING
WARNING! The following precautions will lessen the risk of fire.
1. Do not smoke near fuel.
2. Mix and pour fuel outdoors and where there are no sparks or flames.
3. Always shut off the engine before refueling. Never remove the fuel tank cap while the engine
is running or right after just stopping the engine.
4. Always open the fuel tank cap slowly to release any
possible overpressure inside the tank.
5. Do not overfill the fuel tank. Stop filling 1/4-1/2 inch
from the top of the tan.
6. Tighten the tank fuel cap carefully but firmly after
refilling..
7. Wipe up any spilled fuel before starting the engine.
8. Move the water pump at least 10 feet away from the
fueling location and fuel storage container before
starting the engine.","footwear, long pant, and long sleeved shirt. 10. Gasoline is highly flammable; handle it carefully. A. Do not smoke while handling gasoline. B. Use an approved fuel container for storing the gasoline/oil mixture. C. Do not fill the fuel tank when the engine is hot or running D. Fill the fuel tank outdoors and only up to one-half inch from the top of the tank. Do not fill the filler neck. E. Wipe away any spilled gasoline before starting the engine.","23. To reduce the risk of fire and burn injury: -Move at least 10ft (3m) away from the fueling point before starting engine. -Always store gasoline in approved container. Operating techniques A. Operate power equipment only at reasonable hours - not early in the morning or late at night when people might be disturbed. Comply with times listed in local ordinances. Usual recommendations are 9:00 am. to 5:00 p.m., Monday through Saturday.",REGULAR MAINTENANCE························· 12 SPECIFICATIONS······································· 7 STORAGE················································ 15 ASSEMBLY INSTRUCTIONS ························ 8 EMISSION CONTROL INFORMATION·········· 15 BEFORE OPERATION································· 9 MAINTENANCE········································ 16 This symbol accompanied by the words WARNING and DANGER calls attention to an act or condition that can lead to serious,0.6482442021369934,0.6678916215896606,0.1114477813243866,0.8387560248374939,0.8149951100349426,1.3330808877944946
What does the requirement of oil mixing suggest about the lubrication system of a 2-cycle engine?,"FUEL; MIXING GASOLINE AND OIL
WARNING! The engine used on this water pump is of a 2-cycle design. The internal moving parts
of the engine, i.e., crankshaft bearings, piston pin bearings and piston to cylinder wall contact surfaces, require oil mixed with the gasoline for lubrication. Failure to add oil to the gasoline or failure
to mix oil with the gasoline at the appropriate ratio will cause major engine damage which will void
your warranty. For your fuel premix, only use Maruyama 50:1 2-Cycle Oil or a quality oil desigried
for 2-cycle air-cooled engines.
FUEL MIXTURE: When using genuine Maruyama 50:1 2-Cycle Oil, the fuel: oil ratio is 50 parts
gasoline to 1 part oil or 50:1. If Maruyama 2-cycle engine oil is not available, use a good quality 2-
cycle, are-cooled engine oil mixéd at a ratio of 25:1.","for lubrication. Failure to add oil to the gasoline or failure to mix oil with the gasoline at the appropriate ratio will cause major engine damage which will void your warranty. For your fuel premix, only use Maruyama 50:1 2-Stroke Oil or quality oil designed for 2-stroke air-cooled engine. FUEL MIXTURE: When using genuine Maruyama 50:1 2-Stroke Oil, or a quality oil designed for 2- stroke air-cooled engines, oil ratio is 50 parts gasoline to 1 part oil or 50:1.","10 MARUYAMA does not recommend stabilizers with an alcohol base such as ethanol, methanol or isopropyl. Additives should not be used to try to enhance the power or performance of machine. FUEL: MIXING GASOLINE AND OIL CAUTION! The engine used on this Backpack blower is of a 2-stroke design. The internal moving parts of the engine, i.e., crankshaft bearings, piston pin bearings and piston to cylinder wall contact surfaces, require oil mixed with the gasoline","Fuel Tank Capacity 2.1 L Fuel Mixture 50:1 Using MARUYAMA 50:1 2-cycle Engine Oil or any quality 2-cycle engine oil designed for use in air-cooled, high performance 2-cycle engines. Attachments (Standard) Flexible Pipe, Swivel Pipe Straight Pipe, End Pipe",0.8376098275184631,0.6449487209320068,0.6911758184432983,0.5698949694633484,0.8426756858825684,0.7859060168266296
What central message is emphasized in these mixing instructions?,"FUEL; MIXING GASOLINE AND OIL
WARNING! The engine used on this water pump is of a 2-cycle design. The internal moving parts
of the engine, i.e., crankshaft bearings, piston pin bearings and piston to cylinder wall contact surfaces, require oil mixed with the gasoline for lubrication. Failure to add oil to the gasoline or failure
to mix oil with the gasoline at the appropriate ratio will cause major engine damage which will void
your warranty. For your fuel premix, only use Maruyama 50:1 2-Cycle Oil or a quality oil desigried
for 2-cycle air-cooled engines.
FUEL MIXTURE: When using genuine Maruyama 50:1 2-Cycle Oil, the fuel: oil ratio is 50 parts
gasoline to 1 part oil or 50:1. If Maruyama 2-cycle engine oil is not available, use a good quality 2-
cycle, are-cooled engine oil mixéd at a ratio of 25:1.","CAUTION! If Maruyama brand oil is not used, never use a mixing ratio less than 50:1 regardless of the oil package mixing instructions. Ratios less the 50:1, (for example, 60:1, 80:1, 100:1), reduce the amount of lubrication to the internal moving parts of the engine and can cause damage. MIXING INSTRUCTIONS: Always mix fuel and oil in a clean container approved for gasoline. Mark the container to","MANUAL SAFETY SYMBOLS Throughout this manual and on the product itself, you will find safety alerts and helpful, information message preceded by symbols or key words. The following is an explanation of those symbols and key words and what they mean to you. FOREWORD ············································· 5 OPERATING INSTRUCTIONS····················· 11 Warning label·············································· 5 REGULAR MAINTENANCE························· 12",identify it as fuel mix for the Backpack Blower. Use regular unleaded gasoline and fill the container with half the required amount of gasoline. Pour the correct amount of oil into the container then add the remaining amount of gasoline. Close the container tightly and shake it momentarily to evenly mix the oil and the gasoline before filling the fuel tank on the Backpack Blower.,0.7675847411155701,0.13316281139850616,0.3518887460231781,0.6817848086357117,1.3166906833648682,1.1385177373886108
What is the potential consequence of using the wrong oil ratio in the fuel mixture?,"FUEL; MIXING GASOLINE AND OIL
WARNING! The engine used on this water pump is of a 2-cycle design. The internal moving parts
of the engine, i.e., crankshaft bearings, piston pin bearings and piston to cylinder wall contact surfaces, require oil mixed with the gasoline for lubrication. Failure to add oil to the gasoline or failure
to mix oil with the gasoline at the appropriate ratio will cause major engine damage which will void
your warranty. For your fuel premix, only use Maruyama 50:1 2-Cycle Oil or a quality oil desigried
for 2-cycle air-cooled engines.
FUEL MIXTURE: When using genuine Maruyama 50:1 2-Cycle Oil, the fuel: oil ratio is 50 parts
gasoline to 1 part oil or 50:1. If Maruyama 2-cycle engine oil is not available, use a good quality 2-
cycle, are-cooled engine oil mixéd at a ratio of 25:1.","for lubrication. Failure to add oil to the gasoline or failure to mix oil with the gasoline at the appropriate ratio will cause major engine damage which will void your warranty. For your fuel premix, only use Maruyama 50:1 2-Stroke Oil or quality oil designed for 2-stroke air-cooled engine. FUEL MIXTURE: When using genuine Maruyama 50:1 2-Stroke Oil, or a quality oil designed for 2- stroke air-cooled engines, oil ratio is 50 parts gasoline to 1 part oil or 50:1.","CAUTION! If Maruyama brand oil is not used, never use a mixing ratio less than 50:1 regardless of the oil package mixing instructions. Ratios less the 50:1, (for example, 60:1, 80:1, 100:1), reduce the amount of lubrication to the internal moving parts of the engine and can cause damage. MIXING INSTRUCTIONS: Always mix fuel and oil in a clean container approved for gasoline. Mark the container to","NOTE: 1. Never mix gasoline and oil directly in the Backpack Blower fuel tank. CAUTION! 1. Do not use National Marine Manufacturer’s Association (NMMA) or BIA certified oils. This type or 2-stroke engine oil does not have the proper additives for air-cooled, 2-stroke engines and can cause engine damage. 2. Do not use automotive motor oil. This type of oil does not have the proper additives for air-cooled, 2-stroke engines and can cause engine damage.",0.8376098275184631,0.7675847411155701,0.528373658657074,0.5698949694633484,0.6817848086357117,0.9712119698524475
List all key requirements for preparing the correct fuel mixture.,"FUEL; MIXING GASOLINE AND OIL
WARNING! The engine used on this water pump is of a 2-cycle design. The internal moving parts
of the engine, i.e., crankshaft bearings, piston pin bearings and piston to cylinder wall contact surfaces, require oil mixed with the gasoline for lubrication. Failure to add oil to the gasoline or failure
to mix oil with the gasoline at the appropriate ratio will cause major engine damage which will void
your warranty. For your fuel premix, only use Maruyama 50:1 2-Cycle Oil or a quality oil desigried
for 2-cycle air-cooled engines.
FUEL MIXTURE: When using genuine Maruyama 50:1 2-Cycle Oil, the fuel: oil ratio is 50 parts
gasoline to 1 part oil or 50:1. If Maruyama 2-cycle engine oil is not available, use a good quality 2-
cycle, are-cooled engine oil mixéd at a ratio of 25:1.",identify it as fuel mix for the Backpack Blower. Use regular unleaded gasoline and fill the container with half the required amount of gasoline. Pour the correct amount of oil into the container then add the remaining amount of gasoline. Close the container tightly and shake it momentarily to evenly mix the oil and the gasoline before filling the fuel tank on the Backpack Blower.,"footwear, long pant, and long sleeved shirt. 10. Gasoline is highly flammable; handle it carefully. A. Do not smoke while handling gasoline. B. Use an approved fuel container for storing the gasoline/oil mixture. C. Do not fill the fuel tank when the engine is hot or running D. Fill the fuel tank outdoors and only up to one-half inch from the top of the tank. Do not fill the filler neck. E. Wipe away any spilled gasoline before starting the engine.","for lubrication. Failure to add oil to the gasoline or failure to mix oil with the gasoline at the appropriate ratio will cause major engine damage which will void your warranty. For your fuel premix, only use Maruyama 50:1 2-Stroke Oil or quality oil designed for 2-stroke air-cooled engine. FUEL MIXTURE: When using genuine Maruyama 50:1 2-Stroke Oil, or a quality oil designed for 2- stroke air-cooled engines, oil ratio is 50 parts gasoline to 1 part oil or 50:1.",0.3518887460231781,0.2845281660556793,0.8376098275184631,1.1385177373886108,1.1962206363677979,0.5698949694633484
Group the instructions based on type of oil used and corresponding fuel ratio.,"FUEL; MIXING GASOLINE AND OIL
WARNING! The engine used on this water pump is of a 2-cycle design. The internal moving parts
of the engine, i.e., crankshaft bearings, piston pin bearings and piston to cylinder wall contact surfaces, require oil mixed with the gasoline for lubrication. Failure to add oil to the gasoline or failure
to mix oil with the gasoline at the appropriate ratio will cause major engine damage which will void
your warranty. For your fuel premix, only use Maruyama 50:1 2-Cycle Oil or a quality oil desigried
for 2-cycle air-cooled engines.
FUEL MIXTURE: When using genuine Maruyama 50:1 2-Cycle Oil, the fuel: oil ratio is 50 parts
gasoline to 1 part oil or 50:1. If Maruyama 2-cycle engine oil is not available, use a good quality 2-
cycle, are-cooled engine oil mixéd at a ratio of 25:1.","CAUTION! If Maruyama brand oil is not used, never use a mixing ratio less than 50:1 regardless of the oil package mixing instructions. Ratios less the 50:1, (for example, 60:1, 80:1, 100:1), reduce the amount of lubrication to the internal moving parts of the engine and can cause damage. MIXING INSTRUCTIONS: Always mix fuel and oil in a clean container approved for gasoline. Mark the container to","for lubrication. Failure to add oil to the gasoline or failure to mix oil with the gasoline at the appropriate ratio will cause major engine damage which will void your warranty. For your fuel premix, only use Maruyama 50:1 2-Stroke Oil or quality oil designed for 2-stroke air-cooled engine. FUEL MIXTURE: When using genuine Maruyama 50:1 2-Stroke Oil, or a quality oil designed for 2- stroke air-cooled engines, oil ratio is 50 parts gasoline to 1 part oil or 50:1.","The highest position of lever is ""IDLE"" setting, and the lowest position is the ""FULL THROTTLE"" setting. RECOMMENDED FUEL TYPE Use clean, fresh lead-free gasoline with an octane rating of 87 or higher. To ensure freshness, purchase only the quantity of gasoline that can be used in 30 days. Use of lead-free gasoline results in fewer combustion chamber deposits and longer spark plug life. Use of premium grade fuel is not necessary or recommended. CAUTION!",0.7675847411155701,0.8376098275184631,0.33298259973526,0.6817848086357117,0.5698949694633484,1.1550042629241943
How should an operator correctly prepare a 5-gallon fuel mix using other brands of 2-cycle oil?,"FUEL MIXTURE CHART:
Gasoline Maruyama 50:1 2-Cycle Oil Gasoline Other brands of 2-Cycle Oil
1 gallon 2.6 oz. 1 gallon 5.2 oz.
2 1/2 gallon 6.4 oz. 2 1/2 gallon 12.8 oz.
5 gallon 12.8 oz. 5 gallon 25.6 oz.
MIXING INSTRUCTIONS: Always mix fuel and oil in a clean container approved for gasoline.
Mark the container to identify it as fuel mix for the water pump. Use regular unleaded gasoline and
fill the container with half the required amount of gasoline. Pour the correct amount of oil into the
container then add the remaining amount of gasoline. Close the container tightly and shake it
momentarily to evenly mix the oil and the gasoline before filling the fuel tank on the water pump.
FILL MARK
GAS OIL GAS
+
HALF GASOLINE ADD OIL ADD REMAINING
GASOLINE
☑ SHAKE
(MIX OIL AND GASOLINE)
When refilling the fuel tank, clean around the fuel tank cap before removing it to prevent dirt and
debris from entering the tank during cap removal. Always shake the premix fuel container momentarily before filling the fuel tank.
Always use a spout or funnel when fueling to reduce fuel spillage. Only fill the tank to within 1/4
1/2 inch from the top of the tank. Avoid filling to the top of the tank filler neck.","Fuel Tank Capacity 2.1 L Fuel Mixture 50:1 Using MARUYAMA 50:1 2-cycle Engine Oil or any quality 2-cycle engine oil designed for use in air-cooled, high performance 2-cycle engines. Attachments (Standard) Flexible Pipe, Swivel Pipe Straight Pipe, End Pipe","CAUTION! If Maruyama brand oil is not used, never use a mixing ratio less than 50:1 regardless of the oil package mixing instructions. Ratios less the 50:1, (for example, 60:1, 80:1, 100:1), reduce the amount of lubrication to the internal moving parts of the engine and can cause damage. MIXING INSTRUCTIONS: Always mix fuel and oil in a clean container approved for gasoline. Mark the container to",identify it as fuel mix for the Backpack Blower. Use regular unleaded gasoline and fill the container with half the required amount of gasoline. Pour the correct amount of oil into the container then add the remaining amount of gasoline. Close the container tightly and shake it momentarily to evenly mix the oil and the gasoline before filling the fuel tank on the Backpack Blower.,0.6357563138008118,0.6759313344955444,0.5928303003311157,0.8535146713256836,0.8050696849822998,0.9024076461791992
What does the instruction to always shake the container before refueling suggest about oil separation?,"FUEL MIXTURE CHART:
Gasoline Maruyama 50:1 2-Cycle Oil Gasoline Other brands of 2-Cycle Oil
1 gallon 2.6 oz. 1 gallon 5.2 oz.
2 1/2 gallon 6.4 oz. 2 1/2 gallon 12.8 oz.
5 gallon 12.8 oz. 5 gallon 25.6 oz.
MIXING INSTRUCTIONS: Always mix fuel and oil in a clean container approved for gasoline.
Mark the container to identify it as fuel mix for the water pump. Use regular unleaded gasoline and
fill the container with half the required amount of gasoline. Pour the correct amount of oil into the
container then add the remaining amount of gasoline. Close the container tightly and shake it
momentarily to evenly mix the oil and the gasoline before filling the fuel tank on the water pump.
FILL MARK
GAS OIL GAS
+
HALF GASOLINE ADD OIL ADD REMAINING
GASOLINE
☑ SHAKE
(MIX OIL AND GASOLINE)
When refilling the fuel tank, clean around the fuel tank cap before removing it to prevent dirt and
debris from entering the tank during cap removal. Always shake the premix fuel container momentarily before filling the fuel tank.
Always use a spout or funnel when fueling to reduce fuel spillage. Only fill the tank to within 1/4
1/2 inch from the top of the tank. Avoid filling to the top of the tank filler neck.","Blower. When refilling the Backpack Blower fuel tank, clean around the fuel tank cap to prevent dirt and debris for entering the tank during cap removal. Always shake the premix fuel container momentarily before filling the fuel tank. Always use a spout or funnel when fueling to reduce fuel spillage. Only fill the tank to within 1/2 inch from the top of the tank. Avoid filing to the top of the tank filler neck. NOTE:",identify it as fuel mix for the Backpack Blower. Use regular unleaded gasoline and fill the container with half the required amount of gasoline. Pour the correct amount of oil into the container then add the remaining amount of gasoline. Close the container tightly and shake it momentarily to evenly mix the oil and the gasoline before filling the fuel tank on the Backpack Blower.,"CAUTION! If Maruyama brand oil is not used, never use a mixing ratio less than 50:1 regardless of the oil package mixing instructions. Ratios less the 50:1, (for example, 60:1, 80:1, 100:1), reduce the amount of lubrication to the internal moving parts of the engine and can cause damage. MIXING INSTRUCTIONS: Always mix fuel and oil in a clean container approved for gasoline. Mark the container to",0.5060179233551025,0.5928303003311157,0.6759313344955444,0.9939638376235962,0.9024076461791992,0.8050696849822998
Why is a spout or funnel recommended during fueling?,"FUEL MIXTURE CHART:
Gasoline Maruyama 50:1 2-Cycle Oil Gasoline Other brands of 2-Cycle Oil
1 gallon 2.6 oz. 1 gallon 5.2 oz.
2 1/2 gallon 6.4 oz. 2 1/2 gallon 12.8 oz.
5 gallon 12.8 oz. 5 gallon 25.6 oz.
MIXING INSTRUCTIONS: Always mix fuel and oil in a clean container approved for gasoline.
Mark the container to identify it as fuel mix for the water pump. Use regular unleaded gasoline and
fill the container with half the required amount of gasoline. Pour the correct amount of oil into the
container then add the remaining amount of gasoline. Close the container tightly and shake it
momentarily to evenly mix the oil and the gasoline before filling the fuel tank on the water pump.
FILL MARK
GAS OIL GAS
+
HALF GASOLINE ADD OIL ADD REMAINING
GASOLINE
☑ SHAKE
(MIX OIL AND GASOLINE)
When refilling the fuel tank, clean around the fuel tank cap before removing it to prevent dirt and
debris from entering the tank during cap removal. Always shake the premix fuel container momentarily before filling the fuel tank.
Always use a spout or funnel when fueling to reduce fuel spillage. Only fill the tank to within 1/4
1/2 inch from the top of the tank. Avoid filling to the top of the tank filler neck.","Blower. When refilling the Backpack Blower fuel tank, clean around the fuel tank cap to prevent dirt and debris for entering the tank during cap removal. Always shake the premix fuel container momentarily before filling the fuel tank. Always use a spout or funnel when fueling to reduce fuel spillage. Only fill the tank to within 1/2 inch from the top of the tank. Avoid filing to the top of the tank filler neck. NOTE:","The highest position of lever is ""IDLE"" setting, and the lowest position is the ""FULL THROTTLE"" setting. RECOMMENDED FUEL TYPE Use clean, fresh lead-free gasoline with an octane rating of 87 or higher. To ensure freshness, purchase only the quantity of gasoline that can be used in 30 days. Use of lead-free gasoline results in fewer combustion chamber deposits and longer spark plug life. Use of premium grade fuel is not necessary or recommended. CAUTION!","23. To reduce the risk of fire and burn injury: -Move at least 10ft (3m) away from the fueling point before starting engine. -Always store gasoline in approved container. Operating techniques A. Operate power equipment only at reasonable hours - not early in the morning or late at night when people might be disturbed. Comply with times listed in local ordinances. Usual recommendations are 9:00 am. to 5:00 p.m., Monday through Saturday.",0.5060179233551025,0.3736930787563324,0.3461180329322815,0.9939638376235962,1.1192022562026978,1.1435750722885132
How does the oil quantity differ between Maruyama oil and other 2-cycle oils for a 2.5-gallon mix?,"FUEL MIXTURE CHART:
Gasoline Maruyama 50:1 2-Cycle Oil Gasoline Other brands of 2-Cycle Oil
1 gallon 2.6 oz. 1 gallon 5.2 oz.
2 1/2 gallon 6.4 oz. 2 1/2 gallon 12.8 oz.
5 gallon 12.8 oz. 5 gallon 25.6 oz.
MIXING INSTRUCTIONS: Always mix fuel and oil in a clean container approved for gasoline.
Mark the container to identify it as fuel mix for the water pump. Use regular unleaded gasoline and
fill the container with half the required amount of gasoline. Pour the correct amount of oil into the
container then add the remaining amount of gasoline. Close the container tightly and shake it
momentarily to evenly mix the oil and the gasoline before filling the fuel tank on the water pump.
FILL MARK
GAS OIL GAS
+
HALF GASOLINE ADD OIL ADD REMAINING
GASOLINE
☑ SHAKE
(MIX OIL AND GASOLINE)
When refilling the fuel tank, clean around the fuel tank cap before removing it to prevent dirt and
debris from entering the tank during cap removal. Always shake the premix fuel container momentarily before filling the fuel tank.
Always use a spout or funnel when fueling to reduce fuel spillage. Only fill the tank to within 1/4
1/2 inch from the top of the tank. Avoid filling to the top of the tank filler neck.","Fuel Tank Capacity 2.1 L Fuel Mixture 50:1 Using MARUYAMA 50:1 2-cycle Engine Oil or any quality 2-cycle engine oil designed for use in air-cooled, high performance 2-cycle engines. Attachments (Standard) Flexible Pipe, Swivel Pipe Straight Pipe, End Pipe","for lubrication. Failure to add oil to the gasoline or failure to mix oil with the gasoline at the appropriate ratio will cause major engine damage which will void your warranty. For your fuel premix, only use Maruyama 50:1 2-Stroke Oil or quality oil designed for 2-stroke air-cooled engine. FUEL MIXTURE: When using genuine Maruyama 50:1 2-Stroke Oil, or a quality oil designed for 2- stroke air-cooled engines, oil ratio is 50 parts gasoline to 1 part oil or 50:1.","CAUTION! If Maruyama brand oil is not used, never use a mixing ratio less than 50:1 regardless of the oil package mixing instructions. Ratios less the 50:1, (for example, 60:1, 80:1, 100:1), reduce the amount of lubrication to the internal moving parts of the engine and can cause damage. MIXING INSTRUCTIONS: Always mix fuel and oil in a clean container approved for gasoline. Mark the container to",0.6357563138008118,0.5924688577651978,0.6759313344955444,0.8535146713256836,0.902807891368866,0.8050696849822998
"Group the instructions into categories: preparation, mixing process, and fueling procedure.","FUEL MIXTURE CHART:
Gasoline Maruyama 50:1 2-Cycle Oil Gasoline Other brands of 2-Cycle Oil
1 gallon 2.6 oz. 1 gallon 5.2 oz.
2 1/2 gallon 6.4 oz. 2 1/2 gallon 12.8 oz.
5 gallon 12.8 oz. 5 gallon 25.6 oz.
MIXING INSTRUCTIONS: Always mix fuel and oil in a clean container approved for gasoline.
Mark the container to identify it as fuel mix for the water pump. Use regular unleaded gasoline and
fill the container with half the required amount of gasoline. Pour the correct amount of oil into the
container then add the remaining amount of gasoline. Close the container tightly and shake it
momentarily to evenly mix the oil and the gasoline before filling the fuel tank on the water pump.
FILL MARK
GAS OIL GAS
+
HALF GASOLINE ADD OIL ADD REMAINING
GASOLINE
☑ SHAKE
(MIX OIL AND GASOLINE)
When refilling the fuel tank, clean around the fuel tank cap before removing it to prevent dirt and
debris from entering the tank during cap removal. Always shake the premix fuel container momentarily before filling the fuel tank.
Always use a spout or funnel when fueling to reduce fuel spillage. Only fill the tank to within 1/4
1/2 inch from the top of the tank. Avoid filling to the top of the tank filler neck.","CAUTION! If Maruyama brand oil is not used, never use a mixing ratio less than 50:1 regardless of the oil package mixing instructions. Ratios less the 50:1, (for example, 60:1, 80:1, 100:1), reduce the amount of lubrication to the internal moving parts of the engine and can cause damage. MIXING INSTRUCTIONS: Always mix fuel and oil in a clean container approved for gasoline. Mark the container to","11 OPERATING INSTRUCTIONS STARTING PROCEDURE STEP #3) Set the LEVER at 1/2 speed. If a MARUYAMA engine fails to start after following the above procedures, contact an authorized MARUYAMA dealer. STEP #1) Pump the ""PRIMER BULB"" under of the carburetor until fuel can be seen flowing through the ""FUEL-RETURN LINE"". STEP #2) Move the ""CHOKE LEVER"" fully upward to the closed",identify it as fuel mix for the Backpack Blower. Use regular unleaded gasoline and fill the container with half the required amount of gasoline. Pour the correct amount of oil into the container then add the remaining amount of gasoline. Close the container tightly and shake it momentarily to evenly mix the oil and the gasoline before filling the fuel tank on the Backpack Blower.,0.6759313344955444,0.4785632789134979,0.5928303003311157,0.8050696849822998,1.0212117433547974,0.9024076461791992
Why must the water pump always be primed with water before starting the engine?,"OPERATING THE WATER PUMP Remove the water inlet cap Fill the pump casing with priming water until it is full. Shake the equipment slightly so that trapped air is easily removed. 2. Fasten the cap tightly. WARNING: (1) Never start the engine without first priming the pump. If the engine is started without first priming the pump with water, the water pump mechanical seal will be permanently damaged. (2) Before running the engine, be sure to immerse the suction hose in the water. Running the engine with only priming water will cause the temperature of the priming water to rise, damaging the mechanical seal. 3. After the engine starts, the pump will gradually start suction. Once suction starts, let the pump run 2-3 minutes to warm up, and then operate it at the specified rpm setting. 4. To stop water pump operation, press the engine stop button. 5. When the engine is restarted, the pump will operate without priming, but the level of the water inside the casing must be checked before starting in the event that the suction hose end is exposed, the installation site is changed, or the pump has not been used for a long time.","23. To reduce the risk of fire and burn injury: -Move at least 10ft (3m) away from the fueling point before starting engine. -Always store gasoline in approved container. Operating techniques A. Operate power equipment only at reasonable hours - not early in the morning or late at night when people might be disturbed. Comply with times listed in local ordinances. Usual recommendations are 9:00 am. to 5:00 p.m., Monday through Saturday.","11 OPERATING INSTRUCTIONS STARTING PROCEDURE STEP #3) Set the LEVER at 1/2 speed. If a MARUYAMA engine fails to start after following the above procedures, contact an authorized MARUYAMA dealer. STEP #1) Pump the ""PRIMER BULB"" under of the carburetor until fuel can be seen flowing through the ""FUEL-RETURN LINE"". STEP #2) Move the ""CHOKE LEVER"" fully upward to the closed","CAUTION! 1.Shutting Engine Off Before shutting the engine off, allow it to idle for a short while. • Never stop the engine by closing the choke. • Never stop the engine during operation while running above idle speed. 2.Transporting and Storage • Shut off the engine and allow it to cool before transporting or storing the unit. • Do not put the unit on dry grass or near any flammable object unless the engine is cold or cooled down.",0.2679676413536072,0.40715843439102173,0.4224271774291992,1.2099854946136475,1.088890790939331,1.0747770071029663
"Group the precautions and procedures into categories: before starting, during operation, and restarting.","OPERATING THE WATER PUMP Remove the water inlet cap Fill the pump casing with priming water until it is full. Shake the equipment slightly so that trapped air is easily removed. 2. Fasten the cap tightly. WARNING: (1) Never start the engine without first priming the pump. If the engine is started without first priming the pump with water, the water pump mechanical seal will be permanently damaged. (2) Before running the engine, be sure to immerse the suction hose in the water. Running the engine with only priming water will cause the temperature of the priming water to rise, damaging the mechanical seal. 3. After the engine starts, the pump will gradually start suction. Once suction starts, let the pump run 2-3 minutes to warm up, and then operate it at the specified rpm setting. 4. To stop water pump operation, press the engine stop button. 5. When the engine is restarted, the pump will operate without priming, but the level of the water inside the casing must be checked before starting in the event that the suction hose end is exposed, the installation site is changed, or the pump has not been used for a long time.","CAUTION! 1.Shutting Engine Off Before shutting the engine off, allow it to idle for a short while. • Never stop the engine by closing the choke. • Never stop the engine during operation while running above idle speed. 2.Transporting and Storage • Shut off the engine and allow it to cool before transporting or storing the unit. • Do not put the unit on dry grass or near any flammable object unless the engine is cold or cooled down.","23. To reduce the risk of fire and burn injury: -Move at least 10ft (3m) away from the fueling point before starting engine. -Always store gasoline in approved container. Operating techniques A. Operate power equipment only at reasonable hours - not early in the morning or late at night when people might be disturbed. Comply with times listed in local ordinances. Usual recommendations are 9:00 am. to 5:00 p.m., Monday through Saturday.","11 OPERATING INSTRUCTIONS STARTING PROCEDURE STEP #3) Set the LEVER at 1/2 speed. If a MARUYAMA engine fails to start after following the above procedures, contact an authorized MARUYAMA dealer. STEP #1) Pump the ""PRIMER BULB"" under of the carburetor until fuel can be seen flowing through the ""FUEL-RETURN LINE"". STEP #2) Move the ""CHOKE LEVER"" fully upward to the closed",0.4224271774291992,0.2679676413536072,0.40715843439102173,1.0747770071029663,1.2099854946136475,1.088890790939331
What does the requirement to “shake the equipment slightly” imply about trapped air’s effect on pump performance?,"OPERATING THE WATER PUMP Remove the water inlet cap Fill the pump casing with priming water until it is full. Shake the equipment slightly so that trapped air is easily removed. 2. Fasten the cap tightly. WARNING: (1) Never start the engine without first priming the pump. If the engine is started without first priming the pump with water, the water pump mechanical seal will be permanently damaged. (2) Before running the engine, be sure to immerse the suction hose in the water. Running the engine with only priming water will cause the temperature of the priming water to rise, damaging the mechanical seal. 3. After the engine starts, the pump will gradually start suction. Once suction starts, let the pump run 2-3 minutes to warm up, and then operate it at the specified rpm setting. 4. To stop water pump operation, press the engine stop button. 5. When the engine is restarted, the pump will operate without priming, but the level of the water inside the casing must be checked before starting in the event that the suction hose end is exposed, the installation site is changed, or the pump has not been used for a long time.","through Saturday. B. To reduce noise levels, limit the number of pieces of equipment used at any one time. C. To reduce noise levels, operate Backpack blower at the lowest possible throttle speed to do the job. D. Check your equipment before operation, especially the muffler, air intakes, and air filters. E. Use rakes and brooms to loosen debris before blowing. F. In dusty conditions, slightly dampen surfaces when water is available.","Blower. When refilling the Backpack Blower fuel tank, clean around the fuel tank cap to prevent dirt and debris for entering the tank during cap removal. Always shake the premix fuel container momentarily before filling the fuel tank. Always use a spout or funnel when fueling to reduce fuel spillage. Only fill the tank to within 1/2 inch from the top of the tank. Avoid filing to the top of the tank filler neck. NOTE:","10 MARUYAMA does not recommend stabilizers with an alcohol base such as ethanol, methanol or isopropyl. Additives should not be used to try to enhance the power or performance of machine. FUEL: MIXING GASOLINE AND OIL CAUTION! The engine used on this Backpack blower is of a 2-stroke design. The internal moving parts of the engine, i.e., crankshaft bearings, piston pin bearings and piston to cylinder wall contact surfaces, require oil mixed with the gasoline",0.13454008102416992,0.2972468137741089,0.10697001963853836,1.3156442642211914,1.1855405569076538,1.3364355564117432
Why is a 2–3 minute warm-up period recommended after suction begins?,"OPERATING THE WATER PUMP Remove the water inlet cap Fill the pump casing with priming water until it is full. Shake the equipment slightly so that trapped air is easily removed. 2. Fasten the cap tightly. WARNING: (1) Never start the engine without first priming the pump. If the engine is started without first priming the pump with water, the water pump mechanical seal will be permanently damaged. (2) Before running the engine, be sure to immerse the suction hose in the water. Running the engine with only priming water will cause the temperature of the priming water to rise, damaging the mechanical seal. 3. After the engine starts, the pump will gradually start suction. Once suction starts, let the pump run 2-3 minutes to warm up, and then operate it at the specified rpm setting. 4. To stop water pump operation, press the engine stop button. 5. When the engine is restarted, the pump will operate without priming, but the level of the water inside the casing must be checked before starting in the event that the suction hose end is exposed, the installation site is changed, or the pump has not been used for a long time.","starter grip until it is at the fully returned position. STEP #5) Warming up the engine. When the engine has started, slowly move the ""CHOKE LEVER"" fully downward to the open position. Allow the engine to “WARM-UP"" at less than 1/2 speed. PRIMER BULB FUEL RETURN LINE STARTER GRIP FRAME","13 COOLING FINS Maintenance Interval The cylinder cooling fins should be cleaned after every 25 hours of operation, or once a week, whichever comes first. Air must flow freely around and through the cylinder cooling fins to prevent engine overheating. Leaves, grass, dirt and debris buildup on the fins will increase the operating temperature of the engine, which can reduce engine performance and shorten engine life.","12 BLOWER OPERATION When the engine has warmed-up, the Backpack blower can be positioned on the back of the operator. When the Backpack blower is positioned and ready for operation, adjust the throttle to a speed required to accomplish the task. • Never operate Backpack blower when you are fatigued. • Never operate Backpack blower without proper guards or other protective safety devices in place.",0.4588544964790344,0.25780725479125977,0.24616292119026184,1.0403321981430054,1.2183536291122437,1.2278738021850586
List all the steps involved in starting and operating the water pump.,"OPERATING THE WATER PUMP Remove the water inlet cap Fill the pump casing with priming water until it is full. Shake the equipment slightly so that trapped air is easily removed. 2. Fasten the cap tightly. WARNING: (1) Never start the engine without first priming the pump. If the engine is started without first priming the pump with water, the water pump mechanical seal will be permanently damaged. (2) Before running the engine, be sure to immerse the suction hose in the water. Running the engine with only priming water will cause the temperature of the priming water to rise, damaging the mechanical seal. 3. After the engine starts, the pump will gradually start suction. Once suction starts, let the pump run 2-3 minutes to warm up, and then operate it at the specified rpm setting. 4. To stop water pump operation, press the engine stop button. 5. When the engine is restarted, the pump will operate without priming, but the level of the water inside the casing must be checked before starting in the event that the suction hose end is exposed, the installation site is changed, or the pump has not been used for a long time.","11 OPERATING INSTRUCTIONS STARTING PROCEDURE STEP #3) Set the LEVER at 1/2 speed. If a MARUYAMA engine fails to start after following the above procedures, contact an authorized MARUYAMA dealer. STEP #1) Pump the ""PRIMER BULB"" under of the carburetor until fuel can be seen flowing through the ""FUEL-RETURN LINE"". STEP #2) Move the ""CHOKE LEVER"" fully upward to the closed","8 STEP #1) Locate and identify all the components (see sketch). STEP #2) Prepare the flat head screwdriver, Using the BAND, connect the BENT PIPE and FLEXIBLE PIPE to the blower, and the SWIVEL PIPE to the FLEXIBLE PIPE (see sketch). STEP #3) Assemble the STRAIGHT PIPE, BENT PIPE, and END PIPE, then connect them to the SWIVEL PIPE (see sketch).","position. If the engine is already warm, only a partial or open (no choke) choke setting may be required. CHOKE LEVER OPEN OPEN CLOSE CHOKE LEVER IDLE SPEED HIGH SPEED LEVER STEP #4) Press down the ""AIR FILTER COVER"" and hold the ""FRAME"" with your right foot gently. Pull the ""STARTER GRIP"" briskly to start the engine. NOTE: Only short pulls are necessary. Never pull the starter cord to its fullest extension. Never let go of the",0.40715843439102173,0.13443127274513245,0.46090376377105713,1.088890790939331,1.3157269954681396,1.0383604764938354
How does the process differ between starting the pump for the first time and restarting it after previous use?,"OPERATING THE WATER PUMP
Remove the water inlet cap
Fill the pump casing with priming water until it is full.
Shake the equipment slightly so that trapped air is
easily removed.
2. Fasten the cap tightly.
WARNING: (1) Never start the engine without first priming the pump. If the engine is started
without first priming the pump with water, the water pump mechanical seal will
be permanently damaged.
(2) Before running the engine, be sure to immerse the suction hose in the water.
Running the engine with only priming water will cause the temperature of the
priming water to rise, damaging the mechanical seal.
3. After the engine starts, the pump will gradually start suction. Once suction starts, let the pump
run 2-3 minutes to warm up, and then operate it at the specified rpm setting.
4. To stop water pump operation, press the engine stop button.
5. When the engine is restarted, the pump will operate without priming, but the level of the water
inside the casing must be checked before starting in the event that the suction hose end is
exposed, the installation site is changed, or the pump has not been used for a long time.","11 OPERATING INSTRUCTIONS STARTING PROCEDURE STEP #3) Set the LEVER at 1/2 speed. If a MARUYAMA engine fails to start after following the above procedures, contact an authorized MARUYAMA dealer. STEP #1) Pump the ""PRIMER BULB"" under of the carburetor until fuel can be seen flowing through the ""FUEL-RETURN LINE"". STEP #2) Move the ""CHOKE LEVER"" fully upward to the closed","15 STORAGE For long-term storage of the Backpack blower, first perform all regular maintenance procedures and needed repairs. Empty the fuel tank. Disconnect the fuel supply line from the carburetor and depress the primer bulb until fuel stops discharging from the fuel-return line. Start the engine and allow it to run until it stops. Pull the starter cord a few times to remove any excess fuel from the engine.","starter grip until it is at the fully returned position. STEP #5) Warming up the engine. When the engine has started, slowly move the ""CHOKE LEVER"" fully downward to the open position. Allow the engine to “WARM-UP"" at less than 1/2 speed. PRIMER BULB FUEL RETURN LINE STARTER GRIP FRAME",0.40715843439102173,0.31226950883865356,0.4588544964790344,1.088890790939331,1.1728005409240723,1.0403321981430054
Identify and list all actions that protect the pump’s mechanical seal.,"OPERATING THE WATER PUMP
Remove the water inlet cap
Fill the pump casing with priming water until it is full.
Shake the equipment slightly so that trapped air is
easily removed.
2. Fasten the cap tightly.
WARNING: (1) Never start the engine without first priming the pump. If the engine is started
without first priming the pump with water, the water pump mechanical seal will
be permanently damaged.
(2) Before running the engine, be sure to immerse the suction hose in the water.
Running the engine with only priming water will cause the temperature of the
priming water to rise, damaging the mechanical seal.
3. After the engine starts, the pump will gradually start suction. Once suction starts, let the pump
run 2-3 minutes to warm up, and then operate it at the specified rpm setting.
4. To stop water pump operation, press the engine stop button.
5. When the engine is restarted, the pump will operate without priming, but the level of the water
inside the casing must be checked before starting in the event that the suction hose end is
exposed, the installation site is changed, or the pump has not been used for a long time.","octane of the antiknock index is recommended. The antiknock index is posted on service station pumps in the U.S.A. EMISSION CONTROL INFORMATION To protect the environment in which we all live, Maruyama has incorporated an exhaust emission control system. EXHAUST AND EVAPORATIVE EMISSION CONTROL SYSTEM The system reduces the amount of pollutants discharged into the atmosphere by the exhaust of this engine. The fuel tank,",Among those acts presumed to constitute tampering are acts listed below: Do not tamper with the original emission related parts. • Carburetor and internal parts • Spark plug • Magneto or electronic ignition system • Fuel filter • Muffler or any internal portion of the muffler • Air cleaner element • Fuel Tank,REGULAR MAINTENANCE························· 12 SPECIFICATIONS······································· 7 STORAGE················································ 15 ASSEMBLY INSTRUCTIONS ························ 8 EMISSION CONTROL INFORMATION·········· 15 BEFORE OPERATION································· 9 MAINTENANCE········································ 16 This symbol accompanied by the words WARNING and DANGER calls attention to an act or condition that can lead to serious,0.08449269831180573,0.06956098973751068,0.10994286835193634,1.3531498908996582,1.3641400337219238,1.3342092037200928
What steps must an operator follow before starting the engine to ensure proper pump operation?,"OPERATING THE WATER PUMP
Remove the water inlet cap
Fill the pump casing with priming water until it is full.
Shake the equipment slightly so that trapped air is
easily removed.
2. Fasten the cap tightly.
WARNING: (1) Never start the engine without first priming the pump. If the engine is started
without first priming the pump with water, the water pump mechanical seal will
be permanently damaged.
(2) Before running the engine, be sure to immerse the suction hose in the water.
Running the engine with only priming water will cause the temperature of the
priming water to rise, damaging the mechanical seal.
3. After the engine starts, the pump will gradually start suction. Once suction starts, let the pump
run 2-3 minutes to warm up, and then operate it at the specified rpm setting.
4. To stop water pump operation, press the engine stop button.
5. When the engine is restarted, the pump will operate without priming, but the level of the water
inside the casing must be checked before starting in the event that the suction hose end is
exposed, the installation site is changed, or the pump has not been used for a long time.","11 OPERATING INSTRUCTIONS STARTING PROCEDURE STEP #3) Set the LEVER at 1/2 speed. If a MARUYAMA engine fails to start after following the above procedures, contact an authorized MARUYAMA dealer. STEP #1) Pump the ""PRIMER BULB"" under of the carburetor until fuel can be seen flowing through the ""FUEL-RETURN LINE"". STEP #2) Move the ""CHOKE LEVER"" fully upward to the closed","23. To reduce the risk of fire and burn injury: -Move at least 10ft (3m) away from the fueling point before starting engine. -Always store gasoline in approved container. Operating techniques A. Operate power equipment only at reasonable hours - not early in the morning or late at night when people might be disturbed. Comply with times listed in local ordinances. Usual recommendations are 9:00 am. to 5:00 p.m., Monday through Saturday.","position. If the engine is already warm, only a partial or open (no choke) choke setting may be required. CHOKE LEVER OPEN OPEN CLOSE CHOKE LEVER IDLE SPEED HIGH SPEED LEVER STEP #4) Press down the ""AIR FILTER COVER"" and hold the ""FRAME"" with your right foot gently. Pull the ""STARTER GRIP"" briskly to start the engine. NOTE: Only short pulls are necessary. Never pull the starter cord to its fullest extension. Never let go of the",0.40715843439102173,0.2679676413536072,0.46090376377105713,1.088890790939331,1.2099854946136475,1.0383604764938354
What core principle is emphasized throughout these operating instructions?,"OPERATING THE WATER PUMP
Remove the water inlet cap
Fill the pump casing with priming water until it is full.
Shake the equipment slightly so that trapped air is
easily removed.
2. Fasten the cap tightly.
WARNING: (1) Never start the engine without first priming the pump. If the engine is started
without first priming the pump with water, the water pump mechanical seal will
be permanently damaged.
(2) Before running the engine, be sure to immerse the suction hose in the water.
Running the engine with only priming water will cause the temperature of the
priming water to rise, damaging the mechanical seal.
3. After the engine starts, the pump will gradually start suction. Once suction starts, let the pump
run 2-3 minutes to warm up, and then operate it at the specified rpm setting.
4. To stop water pump operation, press the engine stop button.
5. When the engine is restarted, the pump will operate without priming, but the level of the water
inside the casing must be checked before starting in the event that the suction hose end is
exposed, the installation site is changed, or the pump has not been used for a long time.","MANUAL SAFETY SYMBOLS Throughout this manual and on the product itself, you will find safety alerts and helpful, information message preceded by symbols or key words. The following is an explanation of those symbols and key words and what they mean to you. FOREWORD ············································· 5 OPERATING INSTRUCTIONS····················· 11 Warning label·············································· 5 REGULAR MAINTENANCE························· 12","Owner's/Operator's Manual contains those maintenance recommendations for your engine. Those items identified by the Periodic Maintenance Chart are necessary to ensure compliance with the applicable standards. As the owner of the (Blower, Trimmer, Hedge Trimmer), you have the responsibility to make sure that the recommended maintenance is carried out according to the instructions in this Owner's/Operator's Manual at your own expense.","11 OPERATING INSTRUCTIONS STARTING PROCEDURE STEP #3) Set the LEVER at 1/2 speed. If a MARUYAMA engine fails to start after following the above procedures, contact an authorized MARUYAMA dealer. STEP #1) Pump the ""PRIMER BULB"" under of the carburetor until fuel can be seen flowing through the ""FUEL-RETURN LINE"". STEP #2) Move the ""CHOKE LEVER"" fully upward to the closed",0.12356485426425934,0.050055138766765594,0.40715843439102173,1.3239600658416748,1.37836492061615,1.088890790939331
What could happen if the pump runs with only priming water and the suction hose is not immersed in water?,"OPERATING THE WATER PUMP
Remove the water inlet cap
Fill the pump casing with priming water until it is full.
Shake the equipment slightly so that trapped air is
easily removed.
2. Fasten the cap tightly.
WARNING: (1) Never start the engine without first priming the pump. If the engine is started
without first priming the pump with water, the water pump mechanical seal will
be permanently damaged.
(2) Before running the engine, be sure to immerse the suction hose in the water.
Running the engine with only priming water will cause the temperature of the
priming water to rise, damaging the mechanical seal.
3. After the engine starts, the pump will gradually start suction. Once suction starts, let the pump
run 2-3 minutes to warm up, and then operate it at the specified rpm setting.
4. To stop water pump operation, press the engine stop button.
5. When the engine is restarted, the pump will operate without priming, but the level of the water
inside the casing must be checked before starting in the event that the suction hose end is
exposed, the installation site is changed, or the pump has not been used for a long time.","remove the filter, but do not release the hose. 5. While still holding on to the fuel hose, attach the new fuel filter. 6. Drop the new fuel filter back into the fuel tank. 7. Make sure that the fuel filter is not stuck in a corner of the tank, and that the fuel hose is not doubled over (kinked) before refueling. Cooling Fin Cleaning 1. With the engine at ambient (room) temperature, loosen the knob at air cleaner cover. 2. Remove the five screws retaining the top cover, then","• Muffler surface becomes hot when Backpack blower is in operation and remains hot for some time after the engine is shut off. WHAT CAN HAPPEN • Contact with hot muffler surfaces could cause a burn. HOW TO AVOID THE HAZARD • Make sure the muffler is cool before inspecting and cleaning the spark arrester. Maintenance Interval • The spark arrester should be inspected and cleaned after every 25 hours of use. • Replace the screen if it cannot be thoroughly cleaned, or","machine. Contact an authorized MARUYAMA dealer for additional maintenance suggestions. SCREW SCREW SPARK ARRESTER GUARD POTENTIAL HAZARD • When engine is running, fan is rotating and other parts are moving. WHAT CAN HAPPEN • Contact with rotating fan or other moving parts could cause serious personal injury or death. HOW TO AVOID THE HAZARD • Always turn off your Backpack blower before you clean or perform any maintenance on it.",0.3758299946784973,0.08983469009399414,0.13391180336475372,1.1172914505004883,1.3491963148117065,1.3161218166351318
How should an operator start a warm engine or when the temperature exceeds 70°F (20°C)?,"STARTING AND STOPPING PROCEDURE
Before Starting The Engine: Fill the fuel tank as instructed in the BEFORE OPERATION section
and prime the water pump as instructed in the operating The Water Pump section of this manual.
To Start Engine:
Step #1) Pump the primer-bulb at the bottom of
the carburetor until fuel can be seen
flowing thorough the fuel-return line to
the fuel tank. (Flowing fuel should be
clear, not foamy or full of bubbles.) INTAKE
PUMP
PRIMER BULB FUEL-RETURN LINE
Step #2) Turn the choke lever to the close position.
PULL TO START
CHOKE LEVER
Step #3) With the stop switch ""ON"", and the
throttle lever positioned at IDLE, pull the
starter cord. After the engine is started,
turn the choke lever to the Open position.
IDLE POSITION
ON
FULL
OFF THROTTLE
POSITION
STOP
SWITCH THROTTLE LEVER
For starting an engine that is already warmed-up (hot restart), or if the ambient temperature
exceeds 70°F (20°C), turn the choke lever to the Open position, and perform Steps #1) and #3).
(If a MARUYAMA engine fails to start after following the above procedures, contact an authorized
MARUYAMA dealer.)
To Stop The Engine:
1. Move throttle lever to the idle position.
2. Move the stop switch to the ""OFF"" position.","position. If the engine is already warm, only a partial or open (no choke) choke setting may be required. CHOKE LEVER OPEN OPEN CLOSE CHOKE LEVER IDLE SPEED HIGH SPEED LEVER STEP #4) Press down the ""AIR FILTER COVER"" and hold the ""FRAME"" with your right foot gently. Pull the ""STARTER GRIP"" briskly to start the engine. NOTE: Only short pulls are necessary. Never pull the starter cord to its fullest extension. Never let go of the","starter grip until it is at the fully returned position. STEP #5) Warming up the engine. When the engine has started, slowly move the ""CHOKE LEVER"" fully downward to the open position. Allow the engine to “WARM-UP"" at less than 1/2 speed. PRIMER BULB FUEL RETURN LINE STARTER GRIP FRAME","12 BLOWER OPERATION When the engine has warmed-up, the Backpack blower can be positioned on the back of the operator. When the Backpack blower is positioned and ready for operation, adjust the throttle to a speed required to accomplish the task. • Never operate Backpack blower when you are fatigued. • Never operate Backpack blower without proper guards or other protective safety devices in place.",0.6755167245864868,0.659827709197998,0.34515380859375,0.8055845499038696,0.8248301148414612,1.1444180011749268
List all steps required to start a cold engine.,"STARTING AND STOPPING PROCEDURE
Before Starting The Engine: Fill the fuel tank as instructed in the BEFORE OPERATION section
and prime the water pump as instructed in the operating The Water Pump section of this manual.
To Start Engine:
Step #1) Pump the primer-bulb at the bottom of
the carburetor until fuel can be seen
flowing thorough the fuel-return line to
the fuel tank. (Flowing fuel should be
clear, not foamy or full of bubbles.) INTAKE
PUMP
PRIMER BULB FUEL-RETURN LINE
Step #2) Turn the choke lever to the close position.
PULL TO START
CHOKE LEVER
Step #3) With the stop switch ""ON"", and the
throttle lever positioned at IDLE, pull the
starter cord. After the engine is started,
turn the choke lever to the Open position.
IDLE POSITION
ON
FULL
OFF THROTTLE
POSITION
STOP
SWITCH THROTTLE LEVER
For starting an engine that is already warmed-up (hot restart), or if the ambient temperature
exceeds 70°F (20°C), turn the choke lever to the Open position, and perform Steps #1) and #3).
(If a MARUYAMA engine fails to start after following the above procedures, contact an authorized
MARUYAMA dealer.)
To Stop The Engine:
1. Move throttle lever to the idle position.
2. Move the stop switch to the ""OFF"" position.","position. If the engine is already warm, only a partial or open (no choke) choke setting may be required. CHOKE LEVER OPEN OPEN CLOSE CHOKE LEVER IDLE SPEED HIGH SPEED LEVER STEP #4) Press down the ""AIR FILTER COVER"" and hold the ""FRAME"" with your right foot gently. Pull the ""STARTER GRIP"" briskly to start the engine. NOTE: Only short pulls are necessary. Never pull the starter cord to its fullest extension. Never let go of the","starter grip until it is at the fully returned position. STEP #5) Warming up the engine. When the engine has started, slowly move the ""CHOKE LEVER"" fully downward to the open position. Allow the engine to “WARM-UP"" at less than 1/2 speed. PRIMER BULB FUEL RETURN LINE STARTER GRIP FRAME","11 OPERATING INSTRUCTIONS STARTING PROCEDURE STEP #3) Set the LEVER at 1/2 speed. If a MARUYAMA engine fails to start after following the above procedures, contact an authorized MARUYAMA dealer. STEP #1) Pump the ""PRIMER BULB"" under of the carburetor until fuel can be seen flowing through the ""FUEL-RETURN LINE"". STEP #2) Move the ""CHOKE LEVER"" fully upward to the closed",0.6755167245864868,0.659827709197998,0.8292423486709595,0.8055845499038696,0.8248301148414612,0.5843932032585144
What does the inclusion of a primer bulb and fuel-return line suggest about the pump’s fuel system?,"STARTING AND STOPPING PROCEDURE
Before Starting The Engine: Fill the fuel tank as instructed in the BEFORE OPERATION section
and prime the water pump as instructed in the operating The Water Pump section of this manual.
To Start Engine:
Step #1) Pump the primer-bulb at the bottom of
the carburetor until fuel can be seen
flowing thorough the fuel-return line to
the fuel tank. (Flowing fuel should be
clear, not foamy or full of bubbles.) INTAKE
PUMP
PRIMER BULB FUEL-RETURN LINE
Step #2) Turn the choke lever to the close position.
PULL TO START
CHOKE LEVER
Step #3) With the stop switch ""ON"", and the
throttle lever positioned at IDLE, pull the
starter cord. After the engine is started,
turn the choke lever to the Open position.
IDLE POSITION
ON
FULL
OFF THROTTLE
POSITION
STOP
SWITCH THROTTLE LEVER
For starting an engine that is already warmed-up (hot restart), or if the ambient temperature
exceeds 70°F (20°C), turn the choke lever to the Open position, and perform Steps #1) and #3).
(If a MARUYAMA engine fails to start after following the above procedures, contact an authorized
MARUYAMA dealer.)
To Stop The Engine:
1. Move throttle lever to the idle position.
2. Move the stop switch to the ""OFF"" position.
","11 OPERATING INSTRUCTIONS STARTING PROCEDURE STEP #3) Set the LEVER at 1/2 speed. If a MARUYAMA engine fails to start after following the above procedures, contact an authorized MARUYAMA dealer. STEP #1) Pump the ""PRIMER BULB"" under of the carburetor until fuel can be seen flowing through the ""FUEL-RETURN LINE"". STEP #2) Move the ""CHOKE LEVER"" fully upward to the closed","15 STORAGE For long-term storage of the Backpack blower, first perform all regular maintenance procedures and needed repairs. Empty the fuel tank. Disconnect the fuel supply line from the carburetor and depress the primer bulb until fuel stops discharging from the fuel-return line. Start the engine and allow it to run until it stops. Pull the starter cord a few times to remove any excess fuel from the engine.","starter grip until it is at the fully returned position. STEP #5) Warming up the engine. When the engine has started, slowly move the ""CHOKE LEVER"" fully downward to the open position. Allow the engine to “WARM-UP"" at less than 1/2 speed. PRIMER BULB FUEL RETURN LINE STARTER GRIP FRAME",0.8292423486709595,0.4465307891368866,0.659827709197998,0.5843932032585144,1.0521113872528076,0.8248301148414612
Why must fuel in the fuel-return line be clear and not foamy or full of bubbles?,"STARTING AND STOPPING PROCEDURE
Before Starting The Engine: Fill the fuel tank as instructed in the BEFORE OPERATION section
and prime the water pump as instructed in the operating The Water Pump section of this manual.
To Start Engine:
Step #1) Pump the primer-bulb at the bottom of
the carburetor until fuel can be seen
flowing thorough the fuel-return line to
the fuel tank. (Flowing fuel should be
clear, not foamy or full of bubbles.) INTAKE
PUMP
PRIMER BULB FUEL-RETURN LINE
Step #2) Turn the choke lever to the close position.
PULL TO START
CHOKE LEVER
Step #3) With the stop switch ""ON"", and the
throttle lever positioned at IDLE, pull the
starter cord. After the engine is started,
turn the choke lever to the Open position.
IDLE POSITION
ON
FULL
OFF THROTTLE
POSITION
STOP
SWITCH THROTTLE LEVER
For starting an engine that is already warmed-up (hot restart), or if the ambient temperature
exceeds 70°F (20°C), turn the choke lever to the Open position, and perform Steps #1) and #3).
(If a MARUYAMA engine fails to start after following the above procedures, contact an authorized
MARUYAMA dealer.)
To Stop The Engine:
1. Move throttle lever to the idle position.
2. Move the stop switch to the ""OFF"" position.","15 STORAGE For long-term storage of the Backpack blower, first perform all regular maintenance procedures and needed repairs. Empty the fuel tank. Disconnect the fuel supply line from the carburetor and depress the primer bulb until fuel stops discharging from the fuel-return line. Start the engine and allow it to run until it stops. Pull the starter cord a few times to remove any excess fuel from the engine.","11 OPERATING INSTRUCTIONS STARTING PROCEDURE STEP #3) Set the LEVER at 1/2 speed. If a MARUYAMA engine fails to start after following the above procedures, contact an authorized MARUYAMA dealer. STEP #1) Pump the ""PRIMER BULB"" under of the carburetor until fuel can be seen flowing through the ""FUEL-RETURN LINE"". STEP #2) Move the ""CHOKE LEVER"" fully upward to the closed","starter grip until it is at the fully returned position. STEP #5) Warming up the engine. When the engine has started, slowly move the ""CHOKE LEVER"" fully downward to the open position. Allow the engine to “WARM-UP"" at less than 1/2 speed. PRIMER BULB FUEL RETURN LINE STARTER GRIP FRAME",0.4465307891368866,0.8292423486709595,0.659827709197998,1.0521113872528076,0.5843932032585144,0.8248301148414612
"Group the starting procedure into categories: fuel preparation, engine settings, and ignition.","STARTING AND STOPPING PROCEDURE
Before Starting The Engine: Fill the fuel tank as instructed in the BEFORE OPERATION section
and prime the water pump as instructed in the operating The Water Pump section of this manual.
To Start Engine:
Step #1) Pump the primer-bulb at the bottom of
the carburetor until fuel can be seen
flowing thorough the fuel-return line to
the fuel tank. (Flowing fuel should be
clear, not foamy or full of bubbles.) INTAKE
PUMP
PRIMER BULB FUEL-RETURN LINE
Step #2) Turn the choke lever to the close position.
PULL TO START
CHOKE LEVER
Step #3) With the stop switch ""ON"", and the
throttle lever positioned at IDLE, pull the
starter cord. After the engine is started,
turn the choke lever to the Open position.
IDLE POSITION
ON
FULL
OFF THROTTLE
POSITION
STOP
SWITCH THROTTLE LEVER
For starting an engine that is already warmed-up (hot restart), or if the ambient temperature
exceeds 70°F (20°C), turn the choke lever to the Open position, and perform Steps #1) and #3).
(If a MARUYAMA engine fails to start after following the above procedures, contact an authorized
MARUYAMA dealer.)
To Stop The Engine:
1. Move throttle lever to the idle position.
2. Move the stop switch to the ""OFF"" position.","11 OPERATING INSTRUCTIONS STARTING PROCEDURE STEP #3) Set the LEVER at 1/2 speed. If a MARUYAMA engine fails to start after following the above procedures, contact an authorized MARUYAMA dealer. STEP #1) Pump the ""PRIMER BULB"" under of the carburetor until fuel can be seen flowing through the ""FUEL-RETURN LINE"". STEP #2) Move the ""CHOKE LEVER"" fully upward to the closed","23. To reduce the risk of fire and burn injury: -Move at least 10ft (3m) away from the fueling point before starting engine. -Always store gasoline in approved container. Operating techniques A. Operate power equipment only at reasonable hours - not early in the morning or late at night when people might be disturbed. Comply with times listed in local ordinances. Usual recommendations are 9:00 am. to 5:00 p.m., Monday through Saturday.","The highest position of lever is ""IDLE"" setting, and the lowest position is the ""FULL THROTTLE"" setting. RECOMMENDED FUEL TYPE Use clean, fresh lead-free gasoline with an octane rating of 87 or higher. To ensure freshness, purchase only the quantity of gasoline that can be used in 30 days. Use of lead-free gasoline results in fewer combustion chamber deposits and longer spark plug life. Use of premium grade fuel is not necessary or recommended. CAUTION!",0.8292423486709595,0.29011860489845276,0.3570548892021179,0.5843932032585144,1.1915379762649536,1.1339709758758545
How does the starting procedure differ between a cold engine and a warm engine?,"STARTING AND STOPPING PROCEDURE
Before Starting The Engine: Fill the fuel tank as instructed in the BEFORE OPERATION section
and prime the water pump as instructed in the operating The Water Pump section of this manual.
To Start Engine:
Step #1) Pump the primer-bulb at the bottom of
the carburetor until fuel can be seen
flowing thorough the fuel-return line to
the fuel tank. (Flowing fuel should be
clear, not foamy or full of bubbles.) INTAKE
PUMP
PRIMER BULB FUEL-RETURN LINE
Step #2) Turn the choke lever to the close position.
PULL TO START
CHOKE LEVER
Step #3) With the stop switch ""ON"", and the
throttle lever positioned at IDLE, pull the
starter cord. After the engine is started,
turn the choke lever to the Open position.
IDLE POSITION
ON
FULL
OFF THROTTLE
POSITION
STOP
SWITCH THROTTLE LEVER
For starting an engine that is already warmed-up (hot restart), or if the ambient temperature
exceeds 70°F (20°C), turn the choke lever to the Open position, and perform Steps #1) and #3).
(If a MARUYAMA engine fails to start after following the above procedures, contact an authorized
MARUYAMA dealer.)
To Stop The Engine:
1. Move throttle lever to the idle position.
2. Move the stop switch to the ""OFF"" position.","position. If the engine is already warm, only a partial or open (no choke) choke setting may be required. CHOKE LEVER OPEN OPEN CLOSE CHOKE LEVER IDLE SPEED HIGH SPEED LEVER STEP #4) Press down the ""AIR FILTER COVER"" and hold the ""FRAME"" with your right foot gently. Pull the ""STARTER GRIP"" briskly to start the engine. NOTE: Only short pulls are necessary. Never pull the starter cord to its fullest extension. Never let go of the","starter grip until it is at the fully returned position. STEP #5) Warming up the engine. When the engine has started, slowly move the ""CHOKE LEVER"" fully downward to the open position. Allow the engine to “WARM-UP"" at less than 1/2 speed. PRIMER BULB FUEL RETURN LINE STARTER GRIP FRAME","11 OPERATING INSTRUCTIONS STARTING PROCEDURE STEP #3) Set the LEVER at 1/2 speed. If a MARUYAMA engine fails to start after following the above procedures, contact an authorized MARUYAMA dealer. STEP #1) Pump the ""PRIMER BULB"" under of the carburetor until fuel can be seen flowing through the ""FUEL-RETURN LINE"". STEP #2) Move the ""CHOKE LEVER"" fully upward to the closed",0.6755167245864868,0.659827709197998,0.8292423486709595,0.8055845499038696,0.8248301148414612,0.5843932032585144
What could be the consequence of forgetting to switch the choke lever to the Open position after the engine starts?,"STARTING AND STOPPING PROCEDURE
Before Starting The Engine: Fill the fuel tank as instructed in the BEFORE OPERATION section
and prime the water pump as instructed in the operating The Water Pump section of this manual.
To Start Engine:
Step #1) Pump the primer-bulb at the bottom of
the carburetor until fuel can be seen
flowing thorough the fuel-return line to
the fuel tank. (Flowing fuel should be
clear, not foamy or full of bubbles.) INTAKE
PUMP
PRIMER BULB FUEL-RETURN LINE
Step #2) Turn the choke lever to the close position.
PULL TO START
CHOKE LEVER
Step #3) With the stop switch ""ON"", and the
throttle lever positioned at IDLE, pull the
starter cord. After the engine is started,
turn the choke lever to the Open position.
IDLE POSITION
ON
FULL
OFF THROTTLE
POSITION
STOP
SWITCH THROTTLE LEVER
For starting an engine that is already warmed-up (hot restart), or if the ambient temperature
exceeds 70°F (20°C), turn the choke lever to the Open position, and perform Steps #1) and #3).
(If a MARUYAMA engine fails to start after following the above procedures, contact an authorized
MARUYAMA dealer.)
To Stop The Engine:
1. Move throttle lever to the idle position.
2. Move the stop switch to the ""OFF"" position.","position. If the engine is already warm, only a partial or open (no choke) choke setting may be required. CHOKE LEVER OPEN OPEN CLOSE CHOKE LEVER IDLE SPEED HIGH SPEED LEVER STEP #4) Press down the ""AIR FILTER COVER"" and hold the ""FRAME"" with your right foot gently. Pull the ""STARTER GRIP"" briskly to start the engine. NOTE: Only short pulls are necessary. Never pull the starter cord to its fullest extension. Never let go of the","starter grip until it is at the fully returned position. STEP #5) Warming up the engine. When the engine has started, slowly move the ""CHOKE LEVER"" fully downward to the open position. Allow the engine to “WARM-UP"" at less than 1/2 speed. PRIMER BULB FUEL RETURN LINE STARTER GRIP FRAME","11 OPERATING INSTRUCTIONS STARTING PROCEDURE STEP #3) Set the LEVER at 1/2 speed. If a MARUYAMA engine fails to start after following the above procedures, contact an authorized MARUYAMA dealer. STEP #1) Pump the ""PRIMER BULB"" under of the carburetor until fuel can be seen flowing through the ""FUEL-RETURN LINE"". STEP #2) Move the ""CHOKE LEVER"" fully upward to the closed",0.6755167245864868,0.659827709197998,0.8292423486709595,0.8055845499038696,0.8248301148414612,0.5843932032585144
Identify and list all steps involved in stopping the engine,"STARTING AND STOPPING PROCEDURE
Before Starting The Engine: Fill the fuel tank as instructed in the BEFORE OPERATION section
and prime the water pump as instructed in the operating The Water Pump section of this manual.
To Start Engine:
Step #1) Pump the primer-bulb at the bottom of
the carburetor until fuel can be seen
flowing thorough the fuel-return line to
the fuel tank. (Flowing fuel should be
clear, not foamy or full of bubbles.) INTAKE
PUMP
PRIMER BULB FUEL-RETURN LINE
Step #2) Turn the choke lever to the close position.
PULL TO START
CHOKE LEVER
Step #3) With the stop switch ""ON"", and the
throttle lever positioned at IDLE, pull the
starter cord. After the engine is started,
turn the choke lever to the Open position.
IDLE POSITION
ON
FULL
OFF THROTTLE
POSITION
STOP
SWITCH THROTTLE LEVER
For starting an engine that is already warmed-up (hot restart), or if the ambient temperature
exceeds 70°F (20°C), turn the choke lever to the Open position, and perform Steps #1) and #3).
(If a MARUYAMA engine fails to start after following the above procedures, contact an authorized
MARUYAMA dealer.)
To Stop The Engine:
1. Move throttle lever to the idle position.
2. Move the stop switch to the ""OFF"" position.","CAUTION! 1.Shutting Engine Off Before shutting the engine off, allow it to idle for a short while. • Never stop the engine by closing the choke. • Never stop the engine during operation while running above idle speed. 2.Transporting and Storage • Shut off the engine and allow it to cool before transporting or storing the unit. • Do not put the unit on dry grass or near any flammable object unless the engine is cold or cooled down.","covered by warranty. STOPPING THE ENGINE Always run the engine at idle speed for a few minutes to allow cooling before stopping. To stop the engine, push the stop button. REGULAR MAINTENANCE Before each use, the Backpack blower should be inspected for proper assembly and fitness of all components. All fasteners should be checked for correct tightness. Always inspect for fuel leaks. Do not attempt to start or operate a Backpack blower that indicates a fuel leak.","To prevent overheating and engine seizure, cooling air comes from the intake grille of the fan housing and is pushed by the blower fan through an opening in the fan housing over the cylinder fin area, taking away combustion heat. The grille and cylinder fins must be kept clean of grass, dust and any debris. Engine failure due to lack of this ""Normal Maintenance"" is not covered by warranty. STOPPING THE ENGINE",0.5478790402412415,0.4844348728656769,0.31297552585601807,0.9509164094924927,1.0154458284378052,1.1721982955932617
Why is it important to keep the throttle lever at IDLE during starting and stopping?,"STARTING AND STOPPING PROCEDURE
Before Starting The Engine: Fill the fuel tank as instructed in the BEFORE OPERATION section
and prime the water pump as instructed in the operating The Water Pump section of this manual.
To Start Engine:
Step #1) Pump the primer-bulb at the bottom of
the carburetor until fuel can be seen
flowing thorough the fuel-return line to
the fuel tank. (Flowing fuel should be
clear, not foamy or full of bubbles.) INTAKE
PUMP
PRIMER BULB FUEL-RETURN LINE
Step #2) Turn the choke lever to the close position.
PULL TO START
CHOKE LEVER
Step #3) With the stop switch ""ON"", and the
throttle lever positioned at IDLE, pull the
starter cord. After the engine is started,
turn the choke lever to the Open position.
IDLE POSITION
ON
FULL
OFF THROTTLE
POSITION
STOP
SWITCH THROTTLE LEVER
For starting an engine that is already warmed-up (hot restart), or if the ambient temperature
exceeds 70°F (20°C), turn the choke lever to the Open position, and perform Steps #1) and #3).
(If a MARUYAMA engine fails to start after following the above procedures, contact an authorized
MARUYAMA dealer.)
To Stop The Engine:
1. Move throttle lever to the idle position.
2. Move the stop switch to the ""OFF"" position.",THROTTLE LEVER KNOB THROTTLE LEVER POSITION GRIP ANGLE IDLE SPEED HIGH SPEED IDLE HIGH STOP BUTTON LEVER,"CAUTION! 1.Shutting Engine Off Before shutting the engine off, allow it to idle for a short while. • Never stop the engine by closing the choke. • Never stop the engine during operation while running above idle speed. 2.Transporting and Storage • Shut off the engine and allow it to cool before transporting or storing the unit. • Do not put the unit on dry grass or near any flammable object unless the engine is cold or cooled down.","The highest position of lever is ""IDLE"" setting, and the lowest position is the ""FULL THROTTLE"" setting. RECOMMENDED FUEL TYPE Use clean, fresh lead-free gasoline with an octane rating of 87 or higher. To ensure freshness, purchase only the quantity of gasoline that can be used in 30 days. Use of lead-free gasoline results in fewer combustion chamber deposits and longer spark plug life. Use of premium grade fuel is not necessary or recommended. CAUTION!",0.3402863144874573,0.5478790402412415,0.3570548892021179,1.1486634016036987,0.9509164094924927,1.1339709758758545
What key elements are emphasized for safe and effective engine starting?,"STARTING AND STOPPING PROCEDURE
Before Starting The Engine: Fill the fuel tank as instructed in the BEFORE OPERATION section
and prime the water pump as instructed in the operating The Water Pump section of this manual.
To Start Engine:
Step #1) Pump the primer-bulb at the bottom of
the carburetor until fuel can be seen
flowing thorough the fuel-return line to
the fuel tank. (Flowing fuel should be
clear, not foamy or full of bubbles.) INTAKE
PUMP
PRIMER BULB FUEL-RETURN LINE
Step #2) Turn the choke lever to the close position.
PULL TO START
CHOKE LEVER
Step #3) With the stop switch ""ON"", and the
throttle lever positioned at IDLE, pull the
starter cord. After the engine is started,
turn the choke lever to the Open position.
IDLE POSITION
ON
FULL
OFF THROTTLE
POSITION
STOP
SWITCH THROTTLE LEVER
For starting an engine that is already warmed-up (hot restart), or if the ambient temperature
exceeds 70°F (20°C), turn the choke lever to the Open position, and perform Steps #1) and #3).
(If a MARUYAMA engine fails to start after following the above procedures, contact an authorized
MARUYAMA dealer.)
To Stop The Engine:
1. Move throttle lever to the idle position.
2. Move the stop switch to the ""OFF"" position.","23. To reduce the risk of fire and burn injury: -Move at least 10ft (3m) away from the fueling point before starting engine. -Always store gasoline in approved container. Operating techniques A. Operate power equipment only at reasonable hours - not early in the morning or late at night when people might be disturbed. Comply with times listed in local ordinances. Usual recommendations are 9:00 am. to 5:00 p.m., Monday through Saturday.","MANUAL SAFETY SYMBOLS Throughout this manual and on the product itself, you will find safety alerts and helpful, information message preceded by symbols or key words. The following is an explanation of those symbols and key words and what they mean to you. FOREWORD ············································· 5 OPERATING INSTRUCTIONS····················· 11 Warning label·············································· 5 REGULAR MAINTENANCE························· 12","ignition and exhaust systems of this engine have been carefully designed and constructed to ensure an efficient engine with low exhaust pollutant and low evaporate emission levels. If you purchased your (Blower, Trimmer, Hedge Trimmer) in the state of California, the fuel tank includes low evaporative emission system. MAINTENANCE AND WARRANTY Proper maintenance is necessary to ensure that your engine will continue to have low emission levels. This",0.29011860489845276,0.11846315860748291,0.2244526594877243,1.1915379762649536,1.327807903289795,1.245429515838623
Why is it dangerous to adjust idle speed when the pump housing is empty?,"CARBURETOR ADJUSTMENT
This water pump is equipped with non-adjustable fuel mixture carburetor. The engine idle speed is
the only adjustment accessible to the Operator.
CAUTION:
Engine Idle Speed:
The water pump impeller is spinning during idle speed adjustment.
Never start the engine without water in the pump housing.
Running the engine without water in the pump housing will cause serious
damage.
The engine idle speed should be 2,700-3,300
rpm.
The engine idle speed is adjusted by rotating
the idle speed screw on the carburetor.
Turning the idle speed screw in (clockwise)
increase engine speed while turning the screw
out decreases engine speed.
","16 ADJUSTMENT IDLING SPEED ADJUSTMENT 1. Idle speed is the only available adjustment. 2. Do not tamper with the carburetor setting to increase the maximum engine speed. 3. If adjustment is needed, have it performed by your authorized MARUYAMA service dealer. Carburetor adjustments are made at the factory and are not adjustable without disassembling the carburetor. MAINTENANCE PERIODIC MAINTENANCE CHART","CAUTION! 1.Shutting Engine Off Before shutting the engine off, allow it to idle for a short while. • Never stop the engine by closing the choke. • Never stop the engine during operation while running above idle speed. 2.Transporting and Storage • Shut off the engine and allow it to cool before transporting or storing the unit. • Do not put the unit on dry grass or near any flammable object unless the engine is cold or cooled down.","covered by warranty. STOPPING THE ENGINE Always run the engine at idle speed for a few minutes to allow cooling before stopping. To stop the engine, push the stop button. REGULAR MAINTENANCE Before each use, the Backpack blower should be inspected for proper assembly and fitness of all components. All fasteners should be checked for correct tightness. Always inspect for fuel leaks. Do not attempt to start or operate a Backpack blower that indicates a fuel leak.",0.6163864731788635,0.33164799213409424,0.2789171636104584,0.875914990901947,1.1561591625213623,1.2009021043777466
Summarize the function and limitations of the carburetor in this pump.,"CARBURETOR ADJUSTMENT
This water pump is equipped with non-adjustable fuel mixture carburetor. The engine idle speed is
the only adjustment accessible to the Operator.
CAUTION:
Engine Idle Speed:
The water pump impeller is spinning during idle speed adjustment.
Never start the engine without water in the pump housing.
Running the engine without water in the pump housing will cause serious
damage.
The engine idle speed should be 2,700-3,300
rpm.
The engine idle speed is adjusted by rotating
the idle speed screw on the carburetor.
Turning the idle speed screw in (clockwise)
increase engine speed while turning the screw
out decreases engine speed.","EPA considers emission-related warranted parts to include all the parts listed below. These warranted parts are: the carburetor assembly, the ignition coil assembly, the ignition rotor, the spark plug, the catalytic converter, and the fuel tank. MAINTENANCE REQUIREMENTS The owner is responsible for the performance of the required maintenance as defined by the Maruyama Manufacturing Company, Inc. in the owner's manual. LIMITATIONS","11 OPERATING INSTRUCTIONS STARTING PROCEDURE STEP #3) Set the LEVER at 1/2 speed. If a MARUYAMA engine fails to start after following the above procedures, contact an authorized MARUYAMA dealer. STEP #1) Pump the ""PRIMER BULB"" under of the carburetor until fuel can be seen flowing through the ""FUEL-RETURN LINE"". STEP #2) Move the ""CHOKE LEVER"" fully upward to the closed","16 ADJUSTMENT IDLING SPEED ADJUSTMENT 1. Idle speed is the only available adjustment. 2. Do not tamper with the carburetor setting to increase the maximum engine speed. 3. If adjustment is needed, have it performed by your authorized MARUYAMA service dealer. Carburetor adjustments are made at the factory and are not adjustable without disassembling the carburetor. MAINTENANCE PERIODIC MAINTENANCE CHART",0.1295059621334076,0.4117557406425476,0.6163864731788635,1.3194650411605835,1.0846606492996216,0.875914990901947
What does the phrase “non-adjustable fuel mixture carburetor” imply for routine maintenance?,"CARBURETOR ADJUSTMENT
This water pump is equipped with non-adjustable fuel mixture carburetor. The engine idle speed is
the only adjustment accessible to the Operator.
CAUTION:
Engine Idle Speed:
The water pump impeller is spinning during idle speed adjustment.
Never start the engine without water in the pump housing.
Running the engine without water in the pump housing will cause serious
damage.
The engine idle speed should be 2,700-3,300
rpm.
The engine idle speed is adjusted by rotating
the idle speed screw on the carburetor.
Turning the idle speed screw in (clockwise)
increase engine speed while turning the screw
out decreases engine speed.","the fuel tank. Any replacement part that is equivalent in performance and durability may be used in non-warranty maintenance or repairs, and shall not reduce the warranty obligations of Maruyama Mfg. Co., Inc. DISCLAIMER OF IMPLIED WARRANTIES This limited warranty is in lieu of all other expressed or implied warranties, including any warranty of FITNESS FOR A PARTICULAR PURPOSE OR USE and any implied warranty of MERCHANTABILITY otherwise applicable to this product.","16 ADJUSTMENT IDLING SPEED ADJUSTMENT 1. Idle speed is the only available adjustment. 2. Do not tamper with the carburetor setting to increase the maximum engine speed. 3. If adjustment is needed, have it performed by your authorized MARUYAMA service dealer. Carburetor adjustments are made at the factory and are not adjustable without disassembling the carburetor. MAINTENANCE PERIODIC MAINTENANCE CHART","your failure to ensure the performance of all scheduled maintenance. Any replacement part or service that is equivalent in performance and durability may be used in non-warranty maintenance or repairs, and shall not reduce the warranty obligations of the engine manufacturer. (b) As the small off-road engine owner, you should be aware, however, that Maruyama Manufacturing Company may deny",0.1839536428451538,0.6163864731788635,0.1549733728170395,1.2775338888168335,0.875914990901947,1.3000205755233765
Why might the manufacturer provide only idle speed adjustment and not full fuel mixture control?,"CARBURETOR ADJUSTMENT
This water pump is equipped with non-adjustable fuel mixture carburetor. The engine idle speed is
the only adjustment accessible to the Operator.
CAUTION:
Engine Idle Speed:
The water pump impeller is spinning during idle speed adjustment.
Never start the engine without water in the pump housing.
Running the engine without water in the pump housing will cause serious
damage.
The engine idle speed should be 2,700-3,300
rpm.
The engine idle speed is adjusted by rotating
the idle speed screw on the carburetor.
Turning the idle speed screw in (clockwise)
increase engine speed while turning the screw
out decreases engine speed.","16 ADJUSTMENT IDLING SPEED ADJUSTMENT 1. Idle speed is the only available adjustment. 2. Do not tamper with the carburetor setting to increase the maximum engine speed. 3. If adjustment is needed, have it performed by your authorized MARUYAMA service dealer. Carburetor adjustments are made at the factory and are not adjustable without disassembling the carburetor. MAINTENANCE PERIODIC MAINTENANCE CHART","The highest position of lever is ""IDLE"" setting, and the lowest position is the ""FULL THROTTLE"" setting. RECOMMENDED FUEL TYPE Use clean, fresh lead-free gasoline with an octane rating of 87 or higher. To ensure freshness, purchase only the quantity of gasoline that can be used in 30 days. Use of lead-free gasoline results in fewer combustion chamber deposits and longer spark plug life. Use of premium grade fuel is not necessary or recommended. CAUTION!","position. If the engine is already warm, only a partial or open (no choke) choke setting may be required. CHOKE LEVER OPEN OPEN CLOSE CHOKE LEVER IDLE SPEED HIGH SPEED LEVER STEP #4) Press down the ""AIR FILTER COVER"" and hold the ""FRAME"" with your right foot gently. Pull the ""STARTER GRIP"" briskly to start the engine. NOTE: Only short pulls are necessary. Never pull the starter cord to its fullest extension. Never let go of the",0.6163864731788635,0.36702877283096313,0.2931562066078186,0.875914990901947,1.1251411437988281,1.1889859437942505
List the range of acceptable engine idle speeds and describe how to maintain it.,"CARBURETOR ADJUSTMENT
This water pump is equipped with non-adjustable fuel mixture carburetor. The engine idle speed is
the only adjustment accessible to the Operator.
CAUTION:
Engine Idle Speed:
The water pump impeller is spinning during idle speed adjustment.
Never start the engine without water in the pump housing.
Running the engine without water in the pump housing will cause serious
damage.
The engine idle speed should be 2,700-3,300
rpm.
The engine idle speed is adjusted by rotating
the idle speed screw on the carburetor.
Turning the idle speed screw in (clockwise)
increase engine speed while turning the screw
out decreases engine speed.","16 ADJUSTMENT IDLING SPEED ADJUSTMENT 1. Idle speed is the only available adjustment. 2. Do not tamper with the carburetor setting to increase the maximum engine speed. 3. If adjustment is needed, have it performed by your authorized MARUYAMA service dealer. Carburetor adjustments are made at the factory and are not adjustable without disassembling the carburetor. MAINTENANCE PERIODIC MAINTENANCE CHART","CAUTION! 1.Shutting Engine Off Before shutting the engine off, allow it to idle for a short while. • Never stop the engine by closing the choke. • Never stop the engine during operation while running above idle speed. 2.Transporting and Storage • Shut off the engine and allow it to cool before transporting or storing the unit. • Do not put the unit on dry grass or near any flammable object unless the engine is cold or cooled down.","covered by warranty. STOPPING THE ENGINE Always run the engine at idle speed for a few minutes to allow cooling before stopping. To stop the engine, push the stop button. REGULAR MAINTENANCE Before each use, the Backpack blower should be inspected for proper assembly and fitness of all components. All fasteners should be checked for correct tightness. Always inspect for fuel leaks. Do not attempt to start or operate a Backpack blower that indicates a fuel leak.",0.6163864731788635,0.33164799213409424,0.2789171636104584,0.875914990901947,1.1561591625213623,1.2009021043777466
What should you do immediately after using the pump with muddy water to ensure long-term performance?,"PUMP
REGULAR MAINTENANCE
1. After the pump has been used with muddy water, be sure to run it with clean water for a few
minutes to clean the interior of the pump before stopping operation.
2. Where outside temperatures drop to freezing or below, be sure to drain all water from the
pump before storage.
3. When the unit is not to be used for a long period of time, clean the pump interior thoroughly,
remove all remaining moisture, and then store it covered in a dry, cool, dark place.
AIR FILTER
Maintenance Interval: The air filter should be cleaned daily or more often when working in
extremely dusty conditions and replaced after every 100 hours of operation.
Maintenance: Dismantle the air filter cover
and remove the foam filter. Clean the filter with
warm, soapy water. Let the filter completely
dry. Lightly apply SAE 30 motor oil to the foam
filter and squeeze out all excess oil.
Reassemble the filter and filter cover.","your failure to ensure the performance of all scheduled maintenance. Any replacement part or service that is equivalent in performance and durability may be used in non-warranty maintenance or repairs, and shall not reduce the warranty obligations of the engine manufacturer. (b) As the small off-road engine owner, you should be aware, however, that Maruyama Manufacturing Company may deny","G. Conserve water by using Backpack blower instead of hoses for many lawn and garden applications, including areas such as gutters, screens, patios, grills, porches, and gardens. H. Watch out for children, pets, open windows, or freshly washed cars, and blow debris safely away. I. Use the full blower nozzle extension so the air stream can work close to the ground. J. After using blowers and other equipment, CLEAN UP! Dispose of debris in trash receptacles.","14. Do not put hands or feet near or under the rotating parts. Keep clear at all times. 15. If the Backpack blower should start to vibrate abnormally, stop the engine immediately and check for the cause. Vibration is generally a warning of trouble. 16. Avoid using the Backpack blower near rocks, gravel, stones and similar matter in order to avoid dangerous flying debris. 17. Use the Backpack blower only in daylight or good artificial light. 18. Do not allow bystanders in work area.",0.25342345237731934,0.32030946016311646,0.12159065902233124,1.2219464778900146,1.1659250259399414,1.3254503011703491
 What is the risk if water is left in the pump during freezing temperatures?,"PUMP
REGULAR MAINTENANCE
1. After the pump has been used with muddy water, be sure to run it with clean water for a few
minutes to clean the interior of the pump before stopping operation.
2. Where outside temperatures drop to freezing or below, be sure to drain all water from the
pump before storage.
3. When the unit is not to be used for a long period of time, clean the pump interior thoroughly,
remove all remaining moisture, and then store it covered in a dry, cool, dark place.
AIR FILTER
Maintenance Interval: The air filter should be cleaned daily or more often when working in
extremely dusty conditions and replaced after every 100 hours of operation.
Maintenance: Dismantle the air filter cover
and remove the foam filter. Clean the filter with
warm, soapy water. Let the filter completely
dry. Lightly apply SAE 30 motor oil to the foam
filter and squeeze out all excess oil.
Reassemble the filter and filter cover.","Cautions for high temperatures Muffler of engine, fin of cylinder, etc. are at high temperatures. Don't touch them.","• Muffler surface becomes hot when Backpack blower is in operation and remains hot for some time after the engine is shut off. WHAT CAN HAPPEN • Contact with hot muffler surfaces could cause a burn. HOW TO AVOID THE HAZARD • Make sure the muffler is cool before inspecting and cleaning the spark arrester. Maintenance Interval • The spark arrester should be inspected and cleaned after every 25 hours of use. • Replace the screen if it cannot be thoroughly cleaned, or","13 COOLING FINS Maintenance Interval The cylinder cooling fins should be cleaned after every 25 hours of operation, or once a week, whichever comes first. Air must flow freely around and through the cylinder cooling fins to prevent engine overheating. Leaves, grass, dirt and debris buildup on the fins will increase the operating temperature of the engine, which can reduce engine performance and shorten engine life.",0.07760196924209595,0.14937373995780945,0.39509326219558716,1.3582327365875244,1.3043206930160522,1.0999152660369873
" Why is it important to remove all moisture from the pump before long-term storage?
","PUMP
REGULAR MAINTENANCE
1. After the pump has been used with muddy water, be sure to run it with clean water for a few
minutes to clean the interior of the pump before stopping operation.
2. Where outside temperatures drop to freezing or below, be sure to drain all water from the
pump before storage.
3. When the unit is not to be used for a long period of time, clean the pump interior thoroughly,
remove all remaining moisture, and then store it covered in a dry, cool, dark place.
AIR FILTER
Maintenance Interval: The air filter should be cleaned daily or more often when working in
extremely dusty conditions and replaced after every 100 hours of operation.
Maintenance: Dismantle the air filter cover
and remove the foam filter. Clean the filter with
warm, soapy water. Let the filter completely
dry. Lightly apply SAE 30 motor oil to the foam
filter and squeeze out all excess oil.
Reassemble the filter and filter cover.","15 STORAGE For long-term storage of the Backpack blower, first perform all regular maintenance procedures and needed repairs. Empty the fuel tank. Disconnect the fuel supply line from the carburetor and depress the primer bulb until fuel stops discharging from the fuel-return line. Start the engine and allow it to run until it stops. Pull the starter cord a few times to remove any excess fuel from the engine.","CAUTION! IMPORTANT: Never use methanol, gasoline containing Methanol, gasohol containing more than 10% ethanol, premium gasoline, or white gas because engine fuel system damage could result. Do not use fuel additives other than those manufactured for fuel stabilization during storage such as MARUYAMA’s stabilizer/ conditioner or a similar product. MARUYAMA’s stabilizer/conditioner is a petroleum distillate based conditioner/stabilizer. THROTTLE LEVER KNOB THROTTLE LEVER POSITION","CAUTION! 1.Shutting Engine Off Before shutting the engine off, allow it to idle for a short while. • Never stop the engine by closing the choke. • Never stop the engine during operation while running above idle speed. 2.Transporting and Storage • Shut off the engine and allow it to cool before transporting or storing the unit. • Do not put the unit on dry grass or near any flammable object unless the engine is cold or cooled down.",0.3716847896575928,0.13820941746234894,0.2949694097042084,1.120995283126831,1.312852382659912,1.1874600648880005
" How often should the air filter be replaced, and what factors might make you clean it more frequently?","PUMP
REGULAR MAINTENANCE
1. After the pump has been used with muddy water, be sure to run it with clean water for a few
minutes to clean the interior of the pump before stopping operation.
2. Where outside temperatures drop to freezing or below, be sure to drain all water from the
pump before storage.
3. When the unit is not to be used for a long period of time, clean the pump interior thoroughly,
remove all remaining moisture, and then store it covered in a dry, cool, dark place.
AIR FILTER
Maintenance Interval: The air filter should be cleaned daily or more often when working in
extremely dusty conditions and replaced after every 100 hours of operation.
Maintenance: Dismantle the air filter cover
and remove the foam filter. Clean the filter with
warm, soapy water. Let the filter completely
dry. Lightly apply SAE 30 motor oil to the foam
filter and squeeze out all excess oil.
Reassemble the filter and filter cover.","AIR FILTER Maintenance Interval • The air filter should be cleaned and inspected each time the Backpack blower is used, or more often when working in extremely dusty conditions. • Replace after every 100 hours of operation. Air Filter Cleaning Move the choke lever to the closed ( ) position. 1. Loosen the knob and remove the air cleaner cover. 2. Remove the FOAM FILTER and AIR FILTER (PAPER) from the air cleaner body. 3. Clean the filter. ･FOAM FILTER",shorten engine life. FUEL FILTER Maintenance Interval The fuel filter should be cleaned and inspected for damage after each 20 hours of operation. The fuel filter should be replaced after every 100 hours of operation. Fuel Filter Replacement The fuel filter is attached to the end of the fuel pick-up hose inside the fuel tank. SPARK PLUG Maintenance Interval • The spark plug should be removed from the engine and checked after each 25 hours of operation.,"13 COOLING FINS Maintenance Interval The cylinder cooling fins should be cleaned after every 25 hours of operation, or once a week, whichever comes first. Air must flow freely around and through the cylinder cooling fins to prevent engine overheating. Leaves, grass, dirt and debris buildup on the fins will increase the operating temperature of the engine, which can reduce engine performance and shorten engine life.",0.6589428186416626,0.5140674114227295,0.39509326219558716,0.8259022235870361,0.9858322739601135,1.0999152660369873
 Describe the complete procedure to clean and reassemble the air filter.,"PUMP
REGULAR MAINTENANCE
1. After the pump has been used with muddy water, be sure to run it with clean water for a few
minutes to clean the interior of the pump before stopping operation.
2. Where outside temperatures drop to freezing or below, be sure to drain all water from the
pump before storage.
3. When the unit is not to be used for a long period of time, clean the pump interior thoroughly,
remove all remaining moisture, and then store it covered in a dry, cool, dark place.
AIR FILTER
Maintenance Interval: The air filter should be cleaned daily or more often when working in
extremely dusty conditions and replaced after every 100 hours of operation.
Maintenance: Dismantle the air filter cover
and remove the foam filter. Clean the filter with
warm, soapy water. Let the filter completely
dry. Lightly apply SAE 30 motor oil to the foam
filter and squeeze out all excess oil.
Reassemble the filter and filter cover.",3. Clean the filter. ･FOAM FILTER Clean FOAM FILTER by gently tapping or cleaning with a suitable solvent the filter. Then completely dry before using again. ･AIR FILTER (PAPER) Clean AIR FILTER (PAPER) by gently tapping. Replace filter if it is damaged or very dirty. 4. Reassemble components in reverse order. 5. Reinstall the air cleaner cover and tighten the knob. FILTER CASE AIR FILTER (PAPER) FOAM FILTER KNOB AIR CLEANER COVER,"AIR FILTER Maintenance Interval • The air filter should be cleaned and inspected each time the Backpack blower is used, or more often when working in extremely dusty conditions. • Replace after every 100 hours of operation. Air Filter Cleaning Move the choke lever to the closed ( ) position. 1. Loosen the knob and remove the air cleaner cover. 2. Remove the FOAM FILTER and AIR FILTER (PAPER) from the air cleaner body. 3. Clean the filter. ･FOAM FILTER","remove the filter, but do not release the hose. 5. While still holding on to the fuel hose, attach the new fuel filter. 6. Drop the new fuel filter back into the fuel tank. 7. Make sure that the fuel filter is not stuck in a corner of the tank, and that the fuel hose is not doubled over (kinked) before refueling. Cooling Fin Cleaning 1. With the engine at ambient (room) temperature, loosen the knob at air cleaner cover. 2. Remove the five screws retaining the top cover, then",0.7117765545845032,0.6589428186416626,0.43757277727127075,0.7592411041259766,0.8259022235870361,1.0605915784835815
What precautions must be taken before replacing the fuel filter in the water pump?,"FUEL FILTER
Maintenance Interval: The fuel filter should be replaced after every 100 hours of operation.
Maintenance: The fuel filter is attached to the end of the fuel
pick-up hose inside the fuel tank. To replace the fuel filter, first
make sure the fuel tank is empty. Remove the fuel cap. Using
a wire hook, gently pull the fuel filter out though the fuel filter
opening. Grasp the fuel hose next to the fuel filter fitting and
remove the filter but do not release the hose. While still
holding on to the fuel hose, attach the new fuel filter. Drop the
fuel filter back into the fuel tank. Make sure that the fuel filter
is not stuck in a corner of the tank and that the fuel hose is not
doubled over (kinked) before refueling.
SPARK PLUG
WIRE
FUEL TANK
FUEL FILTER
Maintenance Interval: The spark plug should be removed from the engine and checked after
each 25 hours of operation and replaced after every 100 hours of operation.
Maintenance: With the engine at ambient (room) temperature. Twist the high tension lead boot on the spark plug back
and forth a couple of times to loosen boot then pull the boot off
of the spark plug. Remove the spark plug. The electrodes
can be cleaned with a stiff brush. Adjust the electrode air gap
to 0.6-0.7 mm (0.024-0.028 in.). Replace the spark plug if it
is oil-fouled, damaged or if the electrodes are worn down.
Do not overtighten the spark plug when installing. The
tightening torque is 10.7-16.6 Nm (95-148 in. lbs.).","mm). 5. Replace the spark plug if it is oil-fouled, damaged, or if the electrodes are worn down. 6. Do not over tighten the spark plug when installing. The tightening torque is 95-148 in. lbs. (10.7-16.6 N･m). To replace the fuel filter: 1. Make sure the fuel tank is empty. 2. Remove the fuel cap. 3. Using a wire hook, gently pull the fuel filter out through the fuel filler opening. 4. Grasp the fuel hose next to the fuel filter fitting and",shorten engine life. FUEL FILTER Maintenance Interval The fuel filter should be cleaned and inspected for damage after each 20 hours of operation. The fuel filter should be replaced after every 100 hours of operation. Fuel Filter Replacement The fuel filter is attached to the end of the fuel pick-up hose inside the fuel tank. SPARK PLUG Maintenance Interval • The spark plug should be removed from the engine and checked after each 25 hours of operation.,"remove the filter, but do not release the hose. 5. While still holding on to the fuel hose, attach the new fuel filter. 6. Drop the new fuel filter back into the fuel tank. 7. Make sure that the fuel filter is not stuck in a corner of the tank, and that the fuel hose is not doubled over (kinked) before refueling. Cooling Fin Cleaning 1. With the engine at ambient (room) temperature, loosen the knob at air cleaner cover. 2. Remove the five screws retaining the top cover, then",0.6327238082885742,0.764836311340332,0.7853577733039856,0.8570603728294373,0.6858043074607849,0.6551981568336487
Why is it important not to release the fuel hose while replacing the fuel filter?,"FUEL FILTER
Maintenance Interval: The fuel filter should be replaced after every 100 hours of operation.
Maintenance: The fuel filter is attached to the end of the fuel
pick-up hose inside the fuel tank. To replace the fuel filter, first
make sure the fuel tank is empty. Remove the fuel cap. Using
a wire hook, gently pull the fuel filter out though the fuel filter
opening. Grasp the fuel hose next to the fuel filter fitting and
remove the filter but do not release the hose. While still
holding on to the fuel hose, attach the new fuel filter. Drop the
fuel filter back into the fuel tank. Make sure that the fuel filter
is not stuck in a corner of the tank and that the fuel hose is not
doubled over (kinked) before refueling.
SPARK PLUG
WIRE
FUEL TANK
FUEL FILTER
Maintenance Interval: The spark plug should be removed from the engine and checked after
each 25 hours of operation and replaced after every 100 hours of operation.
Maintenance: With the engine at ambient (room) temperature. Twist the high tension lead boot on the spark plug back
and forth a couple of times to loosen boot then pull the boot off
of the spark plug. Remove the spark plug. The electrodes
can be cleaned with a stiff brush. Adjust the electrode air gap
to 0.6-0.7 mm (0.024-0.028 in.). Replace the spark plug if it
is oil-fouled, damaged or if the electrodes are worn down.
Do not overtighten the spark plug when installing. The
tightening torque is 10.7-16.6 Nm (95-148 in. lbs.).","remove the filter, but do not release the hose. 5. While still holding on to the fuel hose, attach the new fuel filter. 6. Drop the new fuel filter back into the fuel tank. 7. Make sure that the fuel filter is not stuck in a corner of the tank, and that the fuel hose is not doubled over (kinked) before refueling. Cooling Fin Cleaning 1. With the engine at ambient (room) temperature, loosen the knob at air cleaner cover. 2. Remove the five screws retaining the top cover, then",shorten engine life. FUEL FILTER Maintenance Interval The fuel filter should be cleaned and inspected for damage after each 20 hours of operation. The fuel filter should be replaced after every 100 hours of operation. Fuel Filter Replacement The fuel filter is attached to the end of the fuel pick-up hose inside the fuel tank. SPARK PLUG Maintenance Interval • The spark plug should be removed from the engine and checked after each 25 hours of operation.,"mm). 5. Replace the spark plug if it is oil-fouled, damaged, or if the electrodes are worn down. 6. Do not over tighten the spark plug when installing. The tightening torque is 95-148 in. lbs. (10.7-16.6 N･m). To replace the fuel filter: 1. Make sure the fuel tank is empty. 2. Remove the fuel cap. 3. Using a wire hook, gently pull the fuel filter out through the fuel filler opening. 4. Grasp the fuel hose next to the fuel filter fitting and",0.7853577733039856,0.764836311340332,0.6327238082885742,0.6551981568336487,0.6858043074607849,0.8570603728294373
 How often should the spark plug be checked and replaced during regular operation?,"FUEL FILTER
Maintenance Interval: The fuel filter should be replaced after every 100 hours of operation.
Maintenance: The fuel filter is attached to the end of the fuel
pick-up hose inside the fuel tank. To replace the fuel filter, first
make sure the fuel tank is empty. Remove the fuel cap. Using
a wire hook, gently pull the fuel filter out though the fuel filter
opening. Grasp the fuel hose next to the fuel filter fitting and
remove the filter but do not release the hose. While still
holding on to the fuel hose, attach the new fuel filter. Drop the
fuel filter back into the fuel tank. Make sure that the fuel filter
is not stuck in a corner of the tank and that the fuel hose is not
doubled over (kinked) before refueling.
SPARK PLUG
WIRE
FUEL TANK
FUEL FILTER
Maintenance Interval: The spark plug should be removed from the engine and checked after
each 25 hours of operation and replaced after every 100 hours of operation.
Maintenance: With the engine at ambient (room) temperature. Twist the high tension lead boot on the spark plug back
and forth a couple of times to loosen boot then pull the boot off
of the spark plug. Remove the spark plug. The electrodes
can be cleaned with a stiff brush. Adjust the electrode air gap
to 0.6-0.7 mm (0.024-0.028 in.). Replace the spark plug if it
is oil-fouled, damaged or if the electrodes are worn down.
Do not overtighten the spark plug when installing. The
tightening torque is 10.7-16.6 Nm (95-148 in. lbs.).","checked after each 25 hours of operation. • Replace the spark plug after every 100 hours of operation. Spark Plug Maintenance 1. With the engine at ambient (room) temperature, twists the high tension lead boot on the spark plug back and forth a couple of times to loosen the boot, then pull the boot off of the spark plug. 2. Remove the spark plug. 3. Clean the electrodes with a stiff brush. 4. Adjust the electrode air gap to .024-.028 in (0.6- 0.7 mm).",shorten engine life. FUEL FILTER Maintenance Interval The fuel filter should be cleaned and inspected for damage after each 20 hours of operation. The fuel filter should be replaced after every 100 hours of operation. Fuel Filter Replacement The fuel filter is attached to the end of the fuel pick-up hose inside the fuel tank. SPARK PLUG Maintenance Interval • The spark plug should be removed from the engine and checked after each 25 hours of operation.,"• Muffler surface becomes hot when Backpack blower is in operation and remains hot for some time after the engine is shut off. WHAT CAN HAPPEN • Contact with hot muffler surfaces could cause a burn. HOW TO AVOID THE HAZARD • Make sure the muffler is cool before inspecting and cleaning the spark arrester. Maintenance Interval • The spark arrester should be inspected and cleaned after every 25 hours of use. • Replace the screen if it cannot be thoroughly cleaned, or",0.5986183881759644,0.764836311340332,0.186554417014122,0.8959706425666809,0.6858043074607849,1.275496482849121
 Under what conditions should a spark plug be replaced rather than cleaned?,"FUEL FILTER
Maintenance Interval: The fuel filter should be replaced after every 100 hours of operation.
Maintenance: The fuel filter is attached to the end of the fuel
pick-up hose inside the fuel tank. To replace the fuel filter, first
make sure the fuel tank is empty. Remove the fuel cap. Using
a wire hook, gently pull the fuel filter out though the fuel filter
opening. Grasp the fuel hose next to the fuel filter fitting and
remove the filter but do not release the hose. While still
holding on to the fuel hose, attach the new fuel filter. Drop the
fuel filter back into the fuel tank. Make sure that the fuel filter
is not stuck in a corner of the tank and that the fuel hose is not
doubled over (kinked) before refueling.
SPARK PLUG
WIRE
FUEL TANK
FUEL FILTER
Maintenance Interval: The spark plug should be removed from the engine and checked after
each 25 hours of operation and replaced after every 100 hours of operation.
Maintenance: With the engine at ambient (room) temperature. Twist the high tension lead boot on the spark plug back
and forth a couple of times to loosen boot then pull the boot off
of the spark plug. Remove the spark plug. The electrodes
can be cleaned with a stiff brush. Adjust the electrode air gap
to 0.6-0.7 mm (0.024-0.028 in.). Replace the spark plug if it
is oil-fouled, damaged or if the electrodes are worn down.
Do not overtighten the spark plug when installing. The
tightening torque is 10.7-16.6 Nm (95-148 in. lbs.).",shorten engine life. FUEL FILTER Maintenance Interval The fuel filter should be cleaned and inspected for damage after each 20 hours of operation. The fuel filter should be replaced after every 100 hours of operation. Fuel Filter Replacement The fuel filter is attached to the end of the fuel pick-up hose inside the fuel tank. SPARK PLUG Maintenance Interval • The spark plug should be removed from the engine and checked after each 25 hours of operation.,"checked after each 25 hours of operation. • Replace the spark plug after every 100 hours of operation. Spark Plug Maintenance 1. With the engine at ambient (room) temperature, twists the high tension lead boot on the spark plug back and forth a couple of times to loosen the boot, then pull the boot off of the spark plug. 2. Remove the spark plug. 3. Clean the electrodes with a stiff brush. 4. Adjust the electrode air gap to .024-.028 in (0.6- 0.7 mm).","mm). 5. Replace the spark plug if it is oil-fouled, damaged, or if the electrodes are worn down. 6. Do not over tighten the spark plug when installing. The tightening torque is 95-148 in. lbs. (10.7-16.6 N･m). To replace the fuel filter: 1. Make sure the fuel tank is empty. 2. Remove the fuel cap. 3. Using a wire hook, gently pull the fuel filter out through the fuel filler opening. 4. Grasp the fuel hose next to the fuel filter fitting and",0.764836311340332,0.5986183881759644,0.6327238082885742,0.6858043074607849,0.8959706425666809,0.8570603728294373
What steps must be followed when reinstalling a spark plug to ensure safe and effective operation?,"FUEL FILTER
Maintenance Interval: The fuel filter should be replaced after every 100 hours of operation.
Maintenance: The fuel filter is attached to the end of the fuel
pick-up hose inside the fuel tank. To replace the fuel filter, first
make sure the fuel tank is empty. Remove the fuel cap. Using
a wire hook, gently pull the fuel filter out though the fuel filter
opening. Grasp the fuel hose next to the fuel filter fitting and
remove the filter but do not release the hose. While still
holding on to the fuel hose, attach the new fuel filter. Drop the
fuel filter back into the fuel tank. Make sure that the fuel filter
is not stuck in a corner of the tank and that the fuel hose is not
doubled over (kinked) before refueling.
SPARK PLUG
WIRE
FUEL TANK
FUEL FILTER
Maintenance Interval: The spark plug should be removed from the engine and checked after
each 25 hours of operation and replaced after every 100 hours of operation.
Maintenance: With the engine at ambient (room) temperature. Twist the high tension lead boot on the spark plug back
and forth a couple of times to loosen boot then pull the boot off
of the spark plug. Remove the spark plug. The electrodes
can be cleaned with a stiff brush. Adjust the electrode air gap
to 0.6-0.7 mm (0.024-0.028 in.). Replace the spark plug if it
is oil-fouled, damaged or if the electrodes are worn down.
Do not overtighten the spark plug when installing. The
tightening torque is 10.7-16.6 Nm (95-148 in. lbs.).","checked after each 25 hours of operation. • Replace the spark plug after every 100 hours of operation. Spark Plug Maintenance 1. With the engine at ambient (room) temperature, twists the high tension lead boot on the spark plug back and forth a couple of times to loosen the boot, then pull the boot off of the spark plug. 2. Remove the spark plug. 3. Clean the electrodes with a stiff brush. 4. Adjust the electrode air gap to .024-.028 in (0.6- 0.7 mm).","damage. 5. Reinstall the spark arrester and tail onto the muffler, then reinstall and tighten the four screws. (See spark arrester maintenance) 6. Reinstall the top cover and the cleaner cover. GENERAL CLEANING AND TIGHTENING The MARUYAMA Backpack blower will provide maximum performance for many hours, if it is maintained properly. Good maintenance includes regular checking of all fasteners for correct tightness, and cleaning the entire","mm). 5. Replace the spark plug if it is oil-fouled, damaged, or if the electrodes are worn down. 6. Do not over tighten the spark plug when installing. The tightening torque is 95-148 in. lbs. (10.7-16.6 N･m). To replace the fuel filter: 1. Make sure the fuel tank is empty. 2. Remove the fuel cap. 3. Using a wire hook, gently pull the fuel filter out through the fuel filler opening. 4. Grasp the fuel hose next to the fuel filter fitting and",0.5986183881759644,0.34920185804367065,0.6327238082885742,0.8959706425666809,1.140875220298767,0.8570603728294373
 What should be done if leaves and grass are found on the cooling fins during routine inspection?,"CYLINDER COOLING FINS
TIPS
0.6-0.7 mm
(0.024-0.028 inches)
Maintenance Interval: The cylinder cooling fins should be cleaned after every 25 hours of operation or once a week which ever comes first. Air must flow freely around and through the cylinder
cooling fins to prevent engine overheating. Leaves, grass, dirt and debris buildup on the fins will
increase the operating temperature of the engine which can reduce engine performance and shorten engine life.
Maintenance: With the engine at ambient (room) temperature. Loosen the engine cover screw and lift off the engine
cover. Clean all dirt and debris from the cooling fins and from
around the cylinder base.. Reinstall the engine cover.","13 COOLING FINS Maintenance Interval The cylinder cooling fins should be cleaned after every 25 hours of operation, or once a week, whichever comes first. Air must flow freely around and through the cylinder cooling fins to prevent engine overheating. Leaves, grass, dirt and debris buildup on the fins will increase the operating temperature of the engine, which can reduce engine performance and shorten engine life.","To prevent overheating and engine seizure, cooling air comes from the intake grille of the fan housing and is pushed by the blower fan through an opening in the fan housing over the cylinder fin area, taking away combustion heat. The grille and cylinder fins must be kept clean of grass, dust and any debris. Engine failure due to lack of this ""Normal Maintenance"" is not covered by warranty. STOPPING THE ENGINE",remove the top cover. 4. Clean all dirt and debris from the cooling fins and from around the cylinder base. 5. Reinstall the top cover and tighten the knob. KNOB AIR CLEANER COVER SCREW SCREW,0.8132621049880981,0.5718276500701904,0.6431316137313843,0.6111267805099487,0.9253890514373779,0.8448295593261719
" According to the manual, how often should you clean the cooling fins, and what is the condition for deciding which schedule to follow?","CYLINDER COOLING FINS
TIPS
0.6-0.7 mm
(0.024-0.028 inches)
Maintenance Interval: The cylinder cooling fins should be cleaned after every 25 hours of operation or once a week which ever comes first. Air must flow freely around and through the cylinder
cooling fins to prevent engine overheating. Leaves, grass, dirt and debris buildup on the fins will
increase the operating temperature of the engine which can reduce engine performance and shorten engine life.
Maintenance: With the engine at ambient (room) temperature. Loosen the engine cover screw and lift off the engine
cover. Clean all dirt and debris from the cooling fins and from
around the cylinder base.. Reinstall the engine cover.","13 COOLING FINS Maintenance Interval The cylinder cooling fins should be cleaned after every 25 hours of operation, or once a week, whichever comes first. Air must flow freely around and through the cylinder cooling fins to prevent engine overheating. Leaves, grass, dirt and debris buildup on the fins will increase the operating temperature of the engine, which can reduce engine performance and shorten engine life.","100 hours of use. Muffler Maintenance 1. With the engine at ambient (room) temperature, loosen the knob at air cleaner cover. 2. Remove the five screws retaining the top cover, then remove the top cover. (See cooling fin cleaning.) 3. Remove the spark arrester (see spark arrester maintenance). Clean the muffler with a stiff brush. IMPORTANT: Be careful not to allow any dirt or debris to fall into the exhaust port, as this can cause engine damage.",remove the top cover. 4. Clean all dirt and debris from the cooling fins and from around the cylinder base. 5. Reinstall the top cover and tighten the knob. KNOB AIR CLEANER COVER SCREW SCREW,0.8132621049880981,0.5012723207473755,0.6431316137313843,0.6111267805099487,0.9987269043922424,0.8448295593261719
Why is it important to clean around the cylinder base as well as the cooling fins?,"CYLINDER COOLING FINS
TIPS
0.6-0.7 mm
(0.024-0.028 inches)
Maintenance Interval: The cylinder cooling fins should be cleaned after every 25 hours of operation or once a week which ever comes first. Air must flow freely around and through the cylinder
cooling fins to prevent engine overheating. Leaves, grass, dirt and debris buildup on the fins will
increase the operating temperature of the engine which can reduce engine performance and shorten engine life.
Maintenance: With the engine at ambient (room) temperature. Loosen the engine cover screw and lift off the engine
cover. Clean all dirt and debris from the cooling fins and from
around the cylinder base.. Reinstall the engine cover.","13 COOLING FINS Maintenance Interval The cylinder cooling fins should be cleaned after every 25 hours of operation, or once a week, whichever comes first. Air must flow freely around and through the cylinder cooling fins to prevent engine overheating. Leaves, grass, dirt and debris buildup on the fins will increase the operating temperature of the engine, which can reduce engine performance and shorten engine life.",remove the top cover. 4. Clean all dirt and debris from the cooling fins and from around the cylinder base. 5. Reinstall the top cover and tighten the knob. KNOB AIR CLEANER COVER SCREW SCREW,"To prevent overheating and engine seizure, cooling air comes from the intake grille of the fan housing and is pushed by the blower fan through an opening in the fan housing over the cylinder fin area, taking away combustion heat. The grille and cylinder fins must be kept clean of grass, dust and any debris. Engine failure due to lack of this ""Normal Maintenance"" is not covered by warranty. STOPPING THE ENGINE",0.8132621049880981,0.6431316137313843,0.5718276500701904,0.6111267805099487,0.8448295593261719,0.9253890514373779
 What step should be performed before accessing the cylinder cooling fins for cleaning?,"CYLINDER COOLING FINS
TIPS
0.6-0.7 mm
(0.024-0.028 inches)
Maintenance Interval: The cylinder cooling fins should be cleaned after every 25 hours of operation or once a week which ever comes first. Air must flow freely around and through the cylinder
cooling fins to prevent engine overheating. Leaves, grass, dirt and debris buildup on the fins will
increase the operating temperature of the engine which can reduce engine performance and shorten engine life.
Maintenance: With the engine at ambient (room) temperature. Loosen the engine cover screw and lift off the engine
cover. Clean all dirt and debris from the cooling fins and from
around the cylinder base.. Reinstall the engine cover.","13 COOLING FINS Maintenance Interval The cylinder cooling fins should be cleaned after every 25 hours of operation, or once a week, whichever comes first. Air must flow freely around and through the cylinder cooling fins to prevent engine overheating. Leaves, grass, dirt and debris buildup on the fins will increase the operating temperature of the engine, which can reduce engine performance and shorten engine life.",remove the top cover. 4. Clean all dirt and debris from the cooling fins and from around the cylinder base. 5. Reinstall the top cover and tighten the knob. KNOB AIR CLEANER COVER SCREW SCREW,"remove the filter, but do not release the hose. 5. While still holding on to the fuel hose, attach the new fuel filter. 6. Drop the new fuel filter back into the fuel tank. 7. Make sure that the fuel filter is not stuck in a corner of the tank, and that the fuel hose is not doubled over (kinked) before refueling. Cooling Fin Cleaning 1. With the engine at ambient (room) temperature, loosen the knob at air cleaner cover. 2. Remove the five screws retaining the top cover, then",0.8132621049880981,0.6431316137313843,0.2945992052555084,0.6111267805099487,0.8448295593261719,1.1877716779708862
What are the possible consequences of neglecting to clean the cooling fins regularly?,"CYLINDER COOLING FINS
TIPS
0.6-0.7 mm
(0.024-0.028 inches)
Maintenance Interval: The cylinder cooling fins should be cleaned after every 25 hours of operation or once a week which ever comes first. Air must flow freely around and through the cylinder
cooling fins to prevent engine overheating. Leaves, grass, dirt and debris buildup on the fins will
increase the operating temperature of the engine which can reduce engine performance and shorten engine life.
Maintenance: With the engine at ambient (room) temperature. Loosen the engine cover screw and lift off the engine
cover. Clean all dirt and debris from the cooling fins and from
around the cylinder base.. Reinstall the engine cover.","13 COOLING FINS Maintenance Interval The cylinder cooling fins should be cleaned after every 25 hours of operation, or once a week, whichever comes first. Air must flow freely around and through the cylinder cooling fins to prevent engine overheating. Leaves, grass, dirt and debris buildup on the fins will increase the operating temperature of the engine, which can reduce engine performance and shorten engine life.","To prevent overheating and engine seizure, cooling air comes from the intake grille of the fan housing and is pushed by the blower fan through an opening in the fan housing over the cylinder fin area, taking away combustion heat. The grille and cylinder fins must be kept clean of grass, dust and any debris. Engine failure due to lack of this ""Normal Maintenance"" is not covered by warranty. STOPPING THE ENGINE","100 hours of use. Muffler Maintenance 1. With the engine at ambient (room) temperature, loosen the knob at air cleaner cover. 2. Remove the five screws retaining the top cover, then remove the top cover. (See cooling fin cleaning.) 3. Remove the spark arrester (see spark arrester maintenance). Clean the muffler with a stiff brush. IMPORTANT: Be careful not to allow any dirt or debris to fall into the exhaust port, as this can cause engine damage.",0.8132621049880981,0.5718276500701904,0.5012723207473755,0.6111267805099487,0.9253890514373779,0.9987269043922424
" If a user finds the spark arrester screen is damaged or cannot be fully cleaned, what should they do?","SPARK ARRESTER
Maintenance Interval: The spark arrester should be inspected and cleaned after every 25 hours
of use. Replace the screen if it cannot be thoroughly cleaned or if it is damage.
Maintenance: The spark arrester is installed inside the
exhaust outlet of the muffler. One screw located on the
side of the exhaust outlet holds the spark arrester in place.
Remove spark arrester retaining screw, then using a suitable pair of pliers, withdraw the spark arrester. Do not
crush or distort the spark arrester flange during removal.
SCREW
SPARK
ARRESTER
The screen can be cleaned using a non-flammable solvent
and a stiff wire brush. To install insert the spark arrester into the exhaust outlet. Install the screw.","if it is damaged. Spark Arrester Maintenance 1. With the engine at ambient (room) temperature, loosen the knob and remove the air cleaner cover (see Cooling Fin Cleaning). 2. Remove the screw from the muffler. 3. Take the spark arrester out of the muffler, and then clean by brushing it. 4. Return the spark arrester to the muffler. 5. Tighten the screw securely. EXHAUST MUFFLER Maintenance Interval The muffler should be inspected and cleaned after each","• Muffler surface becomes hot when Backpack blower is in operation and remains hot for some time after the engine is shut off. WHAT CAN HAPPEN • Contact with hot muffler surfaces could cause a burn. HOW TO AVOID THE HAZARD • Make sure the muffler is cool before inspecting and cleaning the spark arrester. Maintenance Interval • The spark arrester should be inspected and cleaned after every 25 hours of use. • Replace the screen if it cannot be thoroughly cleaned, or","14 SPARK ARRESTER GUARD When air flow has dropped down during operation, stop the engine and inspect the intake guard for blocking by debris. Cleaning debris from intake guard. Never use the blower without the GUARD of the blower. Before each use, check that the GUARD is attached in place and is free from any damage. POTENTIAL HAZARD • Muffler surface becomes hot when Backpack",0.8001745939254761,0.5429088473320007,0.5984777808189392,0.6321794390678406,0.9561288952827454,0.8961275219917297
"What tool should be used to remove the spark arrester, and what precaution must be taken during this step?","SPARK ARRESTER
Maintenance Interval: The spark arrester should be inspected and cleaned after every 25 hours
of use. Replace the screen if it cannot be thoroughly cleaned or if it is damage.
Maintenance: The spark arrester is installed inside the
exhaust outlet of the muffler. One screw located on the
side of the exhaust outlet holds the spark arrester in place.
Remove spark arrester retaining screw, then using a suitable pair of pliers, withdraw the spark arrester. Do not
crush or distort the spark arrester flange during removal.
SCREW
SPARK
ARRESTER
The screen can be cleaned using a non-flammable solvent
and a stiff wire brush. To install insert the spark arrester into the exhaust outlet. Install the screw.","if it is damaged. Spark Arrester Maintenance 1. With the engine at ambient (room) temperature, loosen the knob and remove the air cleaner cover (see Cooling Fin Cleaning). 2. Remove the screw from the muffler. 3. Take the spark arrester out of the muffler, and then clean by brushing it. 4. Return the spark arrester to the muffler. 5. Tighten the screw securely. EXHAUST MUFFLER Maintenance Interval The muffler should be inspected and cleaned after each","100 hours of use. Muffler Maintenance 1. With the engine at ambient (room) temperature, loosen the knob at air cleaner cover. 2. Remove the five screws retaining the top cover, then remove the top cover. (See cooling fin cleaning.) 3. Remove the spark arrester (see spark arrester maintenance). Clean the muffler with a stiff brush. IMPORTANT: Be careful not to allow any dirt or debris to fall into the exhaust port, as this can cause engine damage.","14 SPARK ARRESTER GUARD When air flow has dropped down during operation, stop the engine and inspect the intake guard for blocking by debris. Cleaning debris from intake guard. Never use the blower without the GUARD of the blower. Before each use, check that the GUARD is attached in place and is free from any damage. POTENTIAL HAZARD • Muffler surface becomes hot when Backpack",0.8001745939254761,0.7153304219245911,0.5984777808189392,0.6321794390678406,0.7545457482337952,0.8961275219917297
" Where is the spark arrester located, and how is it held in place?","SPARK ARRESTER
Maintenance Interval: The spark arrester should be inspected and cleaned after every 25 hours
of use. Replace the screen if it cannot be thoroughly cleaned or if it is damage.
Maintenance: The spark arrester is installed inside the
exhaust outlet of the muffler. One screw located on the
side of the exhaust outlet holds the spark arrester in place.
Remove spark arrester retaining screw, then using a suitable pair of pliers, withdraw the spark arrester. Do not
crush or distort the spark arrester flange during removal.
SCREW
SPARK
ARRESTER
The screen can be cleaned using a non-flammable solvent
and a stiff wire brush. To install insert the spark arrester into the exhaust outlet. Install the screw.","14 SPARK ARRESTER GUARD When air flow has dropped down during operation, stop the engine and inspect the intake guard for blocking by debris. Cleaning debris from intake guard. Never use the blower without the GUARD of the blower. Before each use, check that the GUARD is attached in place and is free from any damage. POTENTIAL HAZARD • Muffler surface becomes hot when Backpack","if it is damaged. Spark Arrester Maintenance 1. With the engine at ambient (room) temperature, loosen the knob and remove the air cleaner cover (see Cooling Fin Cleaning). 2. Remove the screw from the muffler. 3. Take the spark arrester out of the muffler, and then clean by brushing it. 4. Return the spark arrester to the muffler. 5. Tighten the screw securely. EXHAUST MUFFLER Maintenance Interval The muffler should be inspected and cleaned after each","damage. 5. Reinstall the spark arrester and tail onto the muffler, then reinstall and tighten the four screws. (See spark arrester maintenance) 6. Reinstall the top cover and the cleaner cover. GENERAL CLEANING AND TIGHTENING The MARUYAMA Backpack blower will provide maximum performance for many hours, if it is maintained properly. Good maintenance includes regular checking of all fasteners for correct tightness, and cleaning the entire",0.5984777808189392,0.8001745939254761,0.6086606979370117,0.8961275219917297,0.6321794390678406,0.8846913576126099
How often should the spark arrester be inspected and cleaned according to the manual?,"SPARK ARRESTER
Maintenance Interval: The spark arrester should be inspected and cleaned after every 25 hours
of use. Replace the screen if it cannot be thoroughly cleaned or if it is damage.
Maintenance: The spark arrester is installed inside the
exhaust outlet of the muffler. One screw located on the
side of the exhaust outlet holds the spark arrester in place.
Remove spark arrester retaining screw, then using a suitable pair of pliers, withdraw the spark arrester. Do not
crush or distort the spark arrester flange during removal.
SCREW
SPARK
ARRESTER
The screen can be cleaned using a non-flammable solvent
and a stiff wire brush. To install insert the spark arrester into the exhaust outlet. Install the screw.","• Muffler surface becomes hot when Backpack blower is in operation and remains hot for some time after the engine is shut off. WHAT CAN HAPPEN • Contact with hot muffler surfaces could cause a burn. HOW TO AVOID THE HAZARD • Make sure the muffler is cool before inspecting and cleaning the spark arrester. Maintenance Interval • The spark arrester should be inspected and cleaned after every 25 hours of use. • Replace the screen if it cannot be thoroughly cleaned, or","if it is damaged. Spark Arrester Maintenance 1. With the engine at ambient (room) temperature, loosen the knob and remove the air cleaner cover (see Cooling Fin Cleaning). 2. Remove the screw from the muffler. 3. Take the spark arrester out of the muffler, and then clean by brushing it. 4. Return the spark arrester to the muffler. 5. Tighten the screw securely. EXHAUST MUFFLER Maintenance Interval The muffler should be inspected and cleaned after each",shorten engine life. FUEL FILTER Maintenance Interval The fuel filter should be cleaned and inspected for damage after each 20 hours of operation. The fuel filter should be replaced after every 100 hours of operation. Fuel Filter Replacement The fuel filter is attached to the end of the fuel pick-up hose inside the fuel tank. SPARK PLUG Maintenance Interval • The spark plug should be removed from the engine and checked after each 25 hours of operation.,0.5429088473320007,0.8001745939254761,0.37291818857192993,0.9561288952827454,0.6321794390678406,1.1198945045471191
What risks might arise from operating the water pump with a clogged or damaged spark arrester?,"SPARK ARRESTER
Maintenance Interval: The spark arrester should be inspected and cleaned after every 25 hours
of use. Replace the screen if it cannot be thoroughly cleaned or if it is damage.
Maintenance: The spark arrester is installed inside the
exhaust outlet of the muffler. One screw located on the
side of the exhaust outlet holds the spark arrester in place.
Remove spark arrester retaining screw, then using a suitable pair of pliers, withdraw the spark arrester. Do not
crush or distort the spark arrester flange during removal.
SCREW
SPARK
ARRESTER
The screen can be cleaned using a non-flammable solvent
and a stiff wire brush. To install insert the spark arrester into the exhaust outlet. Install the screw.","14 SPARK ARRESTER GUARD When air flow has dropped down during operation, stop the engine and inspect the intake guard for blocking by debris. Cleaning debris from intake guard. Never use the blower without the GUARD of the blower. Before each use, check that the GUARD is attached in place and is free from any damage. POTENTIAL HAZARD • Muffler surface becomes hot when Backpack","machine. Contact an authorized MARUYAMA dealer for additional maintenance suggestions. SCREW SCREW SPARK ARRESTER GUARD POTENTIAL HAZARD • When engine is running, fan is rotating and other parts are moving. WHAT CAN HAPPEN • Contact with rotating fan or other moving parts could cause serious personal injury or death. HOW TO AVOID THE HAZARD • Always turn off your Backpack blower before you clean or perform any maintenance on it.","if it is damaged. Spark Arrester Maintenance 1. With the engine at ambient (room) temperature, loosen the knob and remove the air cleaner cover (see Cooling Fin Cleaning). 2. Remove the screw from the muffler. 3. Take the spark arrester out of the muffler, and then clean by brushing it. 4. Return the spark arrester to the muffler. 5. Tighten the screw securely. EXHAUST MUFFLER Maintenance Interval The muffler should be inspected and cleaned after each",0.5984777808189392,0.37391597032546997,0.8001745939254761,0.8961275219917297,1.119003176689148,0.6321794390678406
What are the steps involved in cleaning the muffler and reinstalling it correctly after 100 hours of use?,"EXHAUST MUFFLER
Maintenance Interval: The muffler should be inspected and cleaned after each 100 hours of use.
Maintenance: The engine cover must be removed
for access to the muffler. Remove spark arrester
retaining screw, then using a suitable pair of pliers,
withdraw the spark arrester. (Refer to the illustration
shown in the following SPARK ARRESTER section.)
Four screws (see sketch) attach the muffler cover to
the muffler body. Remove the cover, clean the cover
and the spark arrester. (see instructions-Spark
Arrester.) It is not necessary to remove the muffler
body from the cylinder for cleaning, BUT special care
should be taken to prevent any debris from entering
the exhaust ports. Use liquid gasket P/N 261910 to
form the gasket between the muffler body and cover.
Use Loctite P/N 261911 on the four screws attaching
the cover to the muffler body. Secure the spark
arrester into place with the fastening screw.","100 hours of use. Muffler Maintenance 1. With the engine at ambient (room) temperature, loosen the knob at air cleaner cover. 2. Remove the five screws retaining the top cover, then remove the top cover. (See cooling fin cleaning.) 3. Remove the spark arrester (see spark arrester maintenance). Clean the muffler with a stiff brush. IMPORTANT: Be careful not to allow any dirt or debris to fall into the exhaust port, as this can cause engine damage.","damage. 5. Reinstall the spark arrester and tail onto the muffler, then reinstall and tighten the four screws. (See spark arrester maintenance) 6. Reinstall the top cover and the cleaner cover. GENERAL CLEANING AND TIGHTENING The MARUYAMA Backpack blower will provide maximum performance for many hours, if it is maintained properly. Good maintenance includes regular checking of all fasteners for correct tightness, and cleaning the entire","if it is damaged. Spark Arrester Maintenance 1. With the engine at ambient (room) temperature, loosen the knob and remove the air cleaner cover (see Cooling Fin Cleaning). 2. Remove the screw from the muffler. 3. Take the spark arrester out of the muffler, and then clean by brushing it. 4. Return the spark arrester to the muffler. 5. Tighten the screw securely. EXHAUST MUFFLER Maintenance Interval The muffler should be inspected and cleaned after each",0.8103103637695312,0.650854229927063,0.7904462814331055,0.6159377098083496,0.8356384634971619,0.6473848223686218
Why is it important to avoid debris entering the exhaust ports during muffler maintenance?,"EXHAUST MUFFLER
Maintenance Interval: The muffler should be inspected and cleaned after each 100 hours of use.
Maintenance: The engine cover must be removed
for access to the muffler. Remove spark arrester
retaining screw, then using a suitable pair of pliers,
withdraw the spark arrester. (Refer to the illustration
shown in the following SPARK ARRESTER section.)
Four screws (see sketch) attach the muffler cover to
the muffler body. Remove the cover, clean the cover
and the spark arrester. (see instructions-Spark
Arrester.) It is not necessary to remove the muffler
body from the cylinder for cleaning, BUT special care
should be taken to prevent any debris from entering
the exhaust ports. Use liquid gasket P/N 261910 to
form the gasket between the muffler body and cover.
Use Loctite P/N 261911 on the four screws attaching
the cover to the muffler body. Secure the spark
arrester into place with the fastening screw.","100 hours of use. Muffler Maintenance 1. With the engine at ambient (room) temperature, loosen the knob at air cleaner cover. 2. Remove the five screws retaining the top cover, then remove the top cover. (See cooling fin cleaning.) 3. Remove the spark arrester (see spark arrester maintenance). Clean the muffler with a stiff brush. IMPORTANT: Be careful not to allow any dirt or debris to fall into the exhaust port, as this can cause engine damage.","14 SPARK ARRESTER GUARD When air flow has dropped down during operation, stop the engine and inspect the intake guard for blocking by debris. Cleaning debris from intake guard. Never use the blower without the GUARD of the blower. Before each use, check that the GUARD is attached in place and is free from any damage. POTENTIAL HAZARD • Muffler surface becomes hot when Backpack","• Muffler surface becomes hot when Backpack blower is in operation and remains hot for some time after the engine is shut off. WHAT CAN HAPPEN • Contact with hot muffler surfaces could cause a burn. HOW TO AVOID THE HAZARD • Make sure the muffler is cool before inspecting and cleaning the spark arrester. Maintenance Interval • The spark arrester should be inspected and cleaned after every 25 hours of use. • Replace the screen if it cannot be thoroughly cleaned, or",0.8103103637695312,0.6006945371627808,0.5422712564468384,0.6159377098083496,0.8936502933502197,0.956795334815979
"How many screws hold the muffler cover in place, and what should be used on them during reassembly?","EXHAUST MUFFLER
Maintenance Interval: The muffler should be inspected and cleaned after each 100 hours of use.
Maintenance: The engine cover must be removed
for access to the muffler. Remove spark arrester
retaining screw, then using a suitable pair of pliers,
withdraw the spark arrester. (Refer to the illustration
shown in the following SPARK ARRESTER section.)
Four screws (see sketch) attach the muffler cover to
the muffler body. Remove the cover, clean the cover
and the spark arrester. (see instructions-Spark
Arrester.) It is not necessary to remove the muffler
body from the cylinder for cleaning, BUT special care
should be taken to prevent any debris from entering
the exhaust ports. Use liquid gasket P/N 261910 to
form the gasket between the muffler body and cover.
Use Loctite P/N 261911 on the four screws attaching
the cover to the muffler body. Secure the spark
arrester into place with the fastening screw.","100 hours of use. Muffler Maintenance 1. With the engine at ambient (room) temperature, loosen the knob at air cleaner cover. 2. Remove the five screws retaining the top cover, then remove the top cover. (See cooling fin cleaning.) 3. Remove the spark arrester (see spark arrester maintenance). Clean the muffler with a stiff brush. IMPORTANT: Be careful not to allow any dirt or debris to fall into the exhaust port, as this can cause engine damage.","damage. 5. Reinstall the spark arrester and tail onto the muffler, then reinstall and tighten the four screws. (See spark arrester maintenance) 6. Reinstall the top cover and the cleaner cover. GENERAL CLEANING AND TIGHTENING The MARUYAMA Backpack blower will provide maximum performance for many hours, if it is maintained properly. Good maintenance includes regular checking of all fasteners for correct tightness, and cleaning the entire","if it is damaged. Spark Arrester Maintenance 1. With the engine at ambient (room) temperature, loosen the knob and remove the air cleaner cover (see Cooling Fin Cleaning). 2. Remove the screw from the muffler. 3. Take the spark arrester out of the muffler, and then clean by brushing it. 4. Return the spark arrester to the muffler. 5. Tighten the screw securely. EXHAUST MUFFLER Maintenance Interval The muffler should be inspected and cleaned after each",0.8103103637695312,0.650854229927063,0.7904462814331055,0.6159377098083496,0.8356384634971619,0.6473848223686218
Why might it not be necessary to remove the entire muffler body from the cylinder during regular cleaning?,"EXHAUST MUFFLER
Maintenance Interval: The muffler should be inspected and cleaned after each 100 hours of use.
Maintenance: The engine cover must be removed
for access to the muffler. Remove spark arrester
retaining screw, then using a suitable pair of pliers,
withdraw the spark arrester. (Refer to the illustration
shown in the following SPARK ARRESTER section.)
Four screws (see sketch) attach the muffler cover to
the muffler body. Remove the cover, clean the cover
and the spark arrester. (see instructions-Spark
Arrester.) It is not necessary to remove the muffler
body from the cylinder for cleaning, BUT special care
should be taken to prevent any debris from entering
the exhaust ports. Use liquid gasket P/N 261910 to
form the gasket between the muffler body and cover.
Use Loctite P/N 261911 on the four screws attaching
the cover to the muffler body. Secure the spark
arrester into place with the fastening screw.","100 hours of use. Muffler Maintenance 1. With the engine at ambient (room) temperature, loosen the knob at air cleaner cover. 2. Remove the five screws retaining the top cover, then remove the top cover. (See cooling fin cleaning.) 3. Remove the spark arrester (see spark arrester maintenance). Clean the muffler with a stiff brush. IMPORTANT: Be careful not to allow any dirt or debris to fall into the exhaust port, as this can cause engine damage.","if it is damaged. Spark Arrester Maintenance 1. With the engine at ambient (room) temperature, loosen the knob and remove the air cleaner cover (see Cooling Fin Cleaning). 2. Remove the screw from the muffler. 3. Take the spark arrester out of the muffler, and then clean by brushing it. 4. Return the spark arrester to the muffler. 5. Tighten the screw securely. EXHAUST MUFFLER Maintenance Interval The muffler should be inspected and cleaned after each","• Muffler surface becomes hot when Backpack blower is in operation and remains hot for some time after the engine is shut off. WHAT CAN HAPPEN • Contact with hot muffler surfaces could cause a burn. HOW TO AVOID THE HAZARD • Make sure the muffler is cool before inspecting and cleaning the spark arrester. Maintenance Interval • The spark arrester should be inspected and cleaned after every 25 hours of use. • Replace the screen if it cannot be thoroughly cleaned, or",0.8103103637695312,0.7904462814331055,0.5422712564468384,0.6159377098083496,0.6473848223686218,0.956795334815979
"What product is recommended for sealing the joint between the muffler body and cover, and why is it necessary?","EXHAUST MUFFLER
Maintenance Interval: The muffler should be inspected and cleaned after each 100 hours of use.
Maintenance: The engine cover must be removed
for access to the muffler. Remove spark arrester
retaining screw, then using a suitable pair of pliers,
withdraw the spark arrester. (Refer to the illustration
shown in the following SPARK ARRESTER section.)
Four screws (see sketch) attach the muffler cover to
the muffler body. Remove the cover, clean the cover
and the spark arrester. (see instructions-Spark
Arrester.) It is not necessary to remove the muffler
body from the cylinder for cleaning, BUT special care
should be taken to prevent any debris from entering
the exhaust ports. Use liquid gasket P/N 261910 to
form the gasket between the muffler body and cover.
Use Loctite P/N 261911 on the four screws attaching
the cover to the muffler body. Secure the spark
arrester into place with the fastening screw.","damage. 5. Reinstall the spark arrester and tail onto the muffler, then reinstall and tighten the four screws. (See spark arrester maintenance) 6. Reinstall the top cover and the cleaner cover. GENERAL CLEANING AND TIGHTENING The MARUYAMA Backpack blower will provide maximum performance for many hours, if it is maintained properly. Good maintenance includes regular checking of all fasteners for correct tightness, and cleaning the entire","100 hours of use. Muffler Maintenance 1. With the engine at ambient (room) temperature, loosen the knob at air cleaner cover. 2. Remove the five screws retaining the top cover, then remove the top cover. (See cooling fin cleaning.) 3. Remove the spark arrester (see spark arrester maintenance). Clean the muffler with a stiff brush. IMPORTANT: Be careful not to allow any dirt or debris to fall into the exhaust port, as this can cause engine damage.","if it is damaged. Spark Arrester Maintenance 1. With the engine at ambient (room) temperature, loosen the knob and remove the air cleaner cover (see Cooling Fin Cleaning). 2. Remove the screw from the muffler. 3. Take the spark arrester out of the muffler, and then clean by brushing it. 4. Return the spark arrester to the muffler. 5. Tighten the screw securely. EXHAUST MUFFLER Maintenance Interval The muffler should be inspected and cleaned after each",0.650854229927063,0.8103103637695312,0.7904462814331055,0.8356384634971619,0.6159377098083496,0.6473848223686218
What is the correct sequence of actions to prepare the water pump for long-term storage?,"STORAGE
For long-term storage of the water pump, empty the fuel tank into a suitable fuel storage container.
Pump the primer bulb on the carburetor until all fuel is discharged through the clear fuel return
hose. Perform all regular maintenance procedures and any needed repairs. Remove the spark
plug and squirt a very small amount of oil into the cylinder. Pull the starter grip once.
CAUTION: Oil may squirt out of the spark plug opening
while pulling the starter cord. Protect your eyes and
keep your face away from the spark plug opening.
Slowly pull the starter cord to bring the piston to the top
of the cylinder (TDC). Reinstall the spark plug. Clean
the water pump interior thoroughly, remove all remaining moisture, and then store in a dry place away from
excessive heat, sparks or open flame.","15 STORAGE For long-term storage of the Backpack blower, first perform all regular maintenance procedures and needed repairs. Empty the fuel tank. Disconnect the fuel supply line from the carburetor and depress the primer bulb until fuel stops discharging from the fuel-return line. Start the engine and allow it to run until it stops. Pull the starter cord a few times to remove any excess fuel from the engine.","CAUTION! 1.Shutting Engine Off Before shutting the engine off, allow it to idle for a short while. • Never stop the engine by closing the choke. • Never stop the engine during operation while running above idle speed. 2.Transporting and Storage • Shut off the engine and allow it to cool before transporting or storing the unit. • Do not put the unit on dry grass or near any flammable object unless the engine is cold or cooled down.","11 OPERATING INSTRUCTIONS STARTING PROCEDURE STEP #3) Set the LEVER at 1/2 speed. If a MARUYAMA engine fails to start after following the above procedures, contact an authorized MARUYAMA dealer. STEP #1) Pump the ""PRIMER BULB"" under of the carburetor until fuel can be seen flowing through the ""FUEL-RETURN LINE"". STEP #2) Move the ""CHOKE LEVER"" fully upward to the closed",0.6371315717697144,0.3310773968696594,0.49761277437210083,0.8519019484519958,1.156652569770813,1.0023844242095947
 Why should you keep your face away from the spark plug opening during storage preparation?,"STORAGE
For long-term storage of the water pump, empty the fuel tank into a suitable fuel storage container.
Pump the primer bulb on the carburetor until all fuel is discharged through the clear fuel return
hose. Perform all regular maintenance procedures and any needed repairs. Remove the spark
plug and squirt a very small amount of oil into the cylinder. Pull the starter grip once.
CAUTION: Oil may squirt out of the spark plug opening
while pulling the starter cord. Protect your eyes and
keep your face away from the spark plug opening.
Slowly pull the starter cord to bring the piston to the top
of the cylinder (TDC). Reinstall the spark plug. Clean
the water pump interior thoroughly, remove all remaining moisture, and then store in a dry place away from
excessive heat, sparks or open flame.","mm). 5. Replace the spark plug if it is oil-fouled, damaged, or if the electrodes are worn down. 6. Do not over tighten the spark plug when installing. The tightening torque is 95-148 in. lbs. (10.7-16.6 N･m). To replace the fuel filter: 1. Make sure the fuel tank is empty. 2. Remove the fuel cap. 3. Using a wire hook, gently pull the fuel filter out through the fuel filler opening. 4. Grasp the fuel hose next to the fuel filter fitting and",Remove the spark plug and insert a small amount of oil into the cylinder. Slowly pull the starter cord and bring the piston to a position closest to the spark plug hole. Re-install the spark plug. Apply a thin coating of oil to all the metal surfaces and store the Backpack blower in a dry place. EMISSION CONTROL INFORMATION FUEL INFORMATION THIS ENGINE IS CERTIFIED TO OPERATE ON UNLEADED REGULAR GRADE GASOLINE ONLY. A minimum of 87,"checked after each 25 hours of operation. • Replace the spark plug after every 100 hours of operation. Spark Plug Maintenance 1. With the engine at ambient (room) temperature, twists the high tension lead boot on the spark plug back and forth a couple of times to loosen the boot, then pull the boot off of the spark plug. 2. Remove the spark plug. 3. Clean the electrodes with a stiff brush. 4. Adjust the electrode air gap to .024-.028 in (0.6- 0.7 mm).",0.41417479515075684,0.5985003113746643,0.5217909812927246,1.082427978515625,0.8961023688316345,0.9779662489891052
What is the purpose of bringing the piston to the top of the cylinder (TDC) before storing the engine?,"STORAGE
For long-term storage of the water pump, empty the fuel tank into a suitable fuel storage container.
Pump the primer bulb on the carburetor until all fuel is discharged through the clear fuel return
hose. Perform all regular maintenance procedures and any needed repairs. Remove the spark
plug and squirt a very small amount of oil into the cylinder. Pull the starter grip once.
CAUTION: Oil may squirt out of the spark plug opening
while pulling the starter cord. Protect your eyes and
keep your face away from the spark plug opening.
Slowly pull the starter cord to bring the piston to the top
of the cylinder (TDC). Reinstall the spark plug. Clean
the water pump interior thoroughly, remove all remaining moisture, and then store in a dry place away from
excessive heat, sparks or open flame.",Remove the spark plug and insert a small amount of oil into the cylinder. Slowly pull the starter cord and bring the piston to a position closest to the spark plug hole. Re-install the spark plug. Apply a thin coating of oil to all the metal surfaces and store the Backpack blower in a dry place. EMISSION CONTROL INFORMATION FUEL INFORMATION THIS ENGINE IS CERTIFIED TO OPERATE ON UNLEADED REGULAR GRADE GASOLINE ONLY. A minimum of 87,"CAUTION! 1.Shutting Engine Off Before shutting the engine off, allow it to idle for a short while. • Never stop the engine by closing the choke. • Never stop the engine during operation while running above idle speed. 2.Transporting and Storage • Shut off the engine and allow it to cool before transporting or storing the unit. • Do not put the unit on dry grass or near any flammable object unless the engine is cold or cooled down.","To prevent overheating and engine seizure, cooling air comes from the intake grille of the fan housing and is pushed by the blower fan through an opening in the fan housing over the cylinder fin area, taking away combustion heat. The grille and cylinder fins must be kept clean of grass, dust and any debris. Engine failure due to lack of this ""Normal Maintenance"" is not covered by warranty. STOPPING THE ENGINE",0.5985003113746643,0.3310773968696594,0.2199145257472992,0.8961023688316345,1.156652569770813,1.249068021774292
What risks are avoided by draining fuel and clearing the fuel lines before storage?,"STORAGE
For long-term storage of the water pump, empty the fuel tank into a suitable fuel storage container.
Pump the primer bulb on the carburetor until all fuel is discharged through the clear fuel return
hose. Perform all regular maintenance procedures and any needed repairs. Remove the spark
plug and squirt a very small amount of oil into the cylinder. Pull the starter grip once.
CAUTION: Oil may squirt out of the spark plug opening
while pulling the starter cord. Protect your eyes and
keep your face away from the spark plug opening.
Slowly pull the starter cord to bring the piston to the top
of the cylinder (TDC). Reinstall the spark plug. Clean
the water pump interior thoroughly, remove all remaining moisture, and then store in a dry place away from
excessive heat, sparks or open flame.
","15 STORAGE For long-term storage of the Backpack blower, first perform all regular maintenance procedures and needed repairs. Empty the fuel tank. Disconnect the fuel supply line from the carburetor and depress the primer bulb until fuel stops discharging from the fuel-return line. Start the engine and allow it to run until it stops. Pull the starter cord a few times to remove any excess fuel from the engine.","23. To reduce the risk of fire and burn injury: -Move at least 10ft (3m) away from the fueling point before starting engine. -Always store gasoline in approved container. Operating techniques A. Operate power equipment only at reasonable hours - not early in the morning or late at night when people might be disturbed. Comply with times listed in local ordinances. Usual recommendations are 9:00 am. to 5:00 p.m., Monday through Saturday.","Blower. When refilling the Backpack Blower fuel tank, clean around the fuel tank cap to prevent dirt and debris for entering the tank during cap removal. Always shake the premix fuel container momentarily before filling the fuel tank. Always use a spout or funnel when fueling to reduce fuel spillage. Only fill the tank to within 1/2 inch from the top of the tank. Avoid filing to the top of the tank filler neck. NOTE:",0.6371315717697144,0.34941381216049194,0.4522879123687744,0.8519019484519958,1.140689492225647,1.0466251373291016
"Why is it important to store the water pump in a dry place away from excessive heat, sparks, or open flames?","STORAGE
For long-term storage of the water pump, empty the fuel tank into a suitable fuel storage container.
Pump the primer bulb on the carburetor until all fuel is discharged through the clear fuel return
hose. Perform all regular maintenance procedures and any needed repairs. Remove the spark
plug and squirt a very small amount of oil into the cylinder. Pull the starter grip once.
CAUTION: Oil may squirt out of the spark plug opening
while pulling the starter cord. Protect your eyes and
keep your face away from the spark plug opening.
Slowly pull the starter cord to bring the piston to the top
of the cylinder (TDC). Reinstall the spark plug. Clean
the water pump interior thoroughly, remove all remaining moisture, and then store in a dry place away from
excessive heat, sparks or open flame.",Remove the spark plug and insert a small amount of oil into the cylinder. Slowly pull the starter cord and bring the piston to a position closest to the spark plug hole. Re-install the spark plug. Apply a thin coating of oil to all the metal surfaces and store the Backpack blower in a dry place. EMISSION CONTROL INFORMATION FUEL INFORMATION THIS ENGINE IS CERTIFIED TO OPERATE ON UNLEADED REGULAR GRADE GASOLINE ONLY. A minimum of 87,"23. To reduce the risk of fire and burn injury: -Move at least 10ft (3m) away from the fueling point before starting engine. -Always store gasoline in approved container. Operating techniques A. Operate power equipment only at reasonable hours - not early in the morning or late at night when people might be disturbed. Comply with times listed in local ordinances. Usual recommendations are 9:00 am. to 5:00 p.m., Monday through Saturday.",can cause engine damage. Gasoline is extremely flammable and can be explosive under certain conditions. Turn the engine switch OFF. Do not smoke. Make sure the area is well ventilated and free from any source of flame of sparks : this includes any appliance with a pilot light.,0.5985003113746643,0.34941381216049194,0.2723853290081024,0.8961023688316345,1.140689492225647,1.2063287496566772
Why is it important to add a small amount of oil to the cylinder before storage?,"STORAGE
For long-term storage of the water pump, empty the fuel tank into a suitable fuel storage container.
Pump the primer bulb on the carburetor until all fuel is discharged through the clear fuel return
hose. Perform all regular maintenance procedures and any needed repairs. Remove the spark
plug and squirt a very small amount of oil into the cylinder. Pull the starter grip once.
CAUTION: Oil may squirt out of the spark plug opening
while pulling the starter cord. Protect your eyes and
keep your face away from the spark plug opening.
Slowly pull the starter cord to bring the piston to the top
of the cylinder (TDC). Reinstall the spark plug. Clean
the water pump interior thoroughly, remove all remaining moisture, and then store in a dry place away from
excessive heat, sparks or open flame.",Remove the spark plug and insert a small amount of oil into the cylinder. Slowly pull the starter cord and bring the piston to a position closest to the spark plug hole. Re-install the spark plug. Apply a thin coating of oil to all the metal surfaces and store the Backpack blower in a dry place. EMISSION CONTROL INFORMATION FUEL INFORMATION THIS ENGINE IS CERTIFIED TO OPERATE ON UNLEADED REGULAR GRADE GASOLINE ONLY. A minimum of 87,identify it as fuel mix for the Backpack Blower. Use regular unleaded gasoline and fill the container with half the required amount of gasoline. Pour the correct amount of oil into the container then add the remaining amount of gasoline. Close the container tightly and shake it momentarily to evenly mix the oil and the gasoline before filling the fuel tank on the Backpack Blower.,"for lubrication. Failure to add oil to the gasoline or failure to mix oil with the gasoline at the appropriate ratio will cause major engine damage which will void your warranty. For your fuel premix, only use Maruyama 50:1 2-Stroke Oil or quality oil designed for 2-stroke air-cooled engine. FUEL MIXTURE: When using genuine Maruyama 50:1 2-Stroke Oil, or a quality oil designed for 2- stroke air-cooled engines, oil ratio is 50 parts gasoline to 1 part oil or 50:1.",0.5985003113746643,0.40298187732696533,0.10573111474514008,0.8961023688316345,1.0927196741104126,1.3373621702194214
 What action should be taken to prevent water damage inside the pump before storage?,"STORAGE
For long-term storage of the water pump, empty the fuel tank into a suitable fuel storage container.
Pump the primer bulb on the carburetor until all fuel is discharged through the clear fuel return
hose. Perform all regular maintenance procedures and any needed repairs. Remove the spark
plug and squirt a very small amount of oil into the cylinder. Pull the starter grip once.
CAUTION: Oil may squirt out of the spark plug opening
while pulling the starter cord. Protect your eyes and
keep your face away from the spark plug opening.
Slowly pull the starter cord to bring the piston to the top
of the cylinder (TDC). Reinstall the spark plug. Clean
the water pump interior thoroughly, remove all remaining moisture, and then store in a dry place away from
excessive heat, sparks or open flame.","CAUTION! 1.Shutting Engine Off Before shutting the engine off, allow it to idle for a short while. • Never stop the engine by closing the choke. • Never stop the engine during operation while running above idle speed. 2.Transporting and Storage • Shut off the engine and allow it to cool before transporting or storing the unit. • Do not put the unit on dry grass or near any flammable object unless the engine is cold or cooled down.","23. To reduce the risk of fire and burn injury: -Move at least 10ft (3m) away from the fueling point before starting engine. -Always store gasoline in approved container. Operating techniques A. Operate power equipment only at reasonable hours - not early in the morning or late at night when people might be disturbed. Comply with times listed in local ordinances. Usual recommendations are 9:00 am. to 5:00 p.m., Monday through Saturday.","Blower. When refilling the Backpack Blower fuel tank, clean around the fuel tank cap to prevent dirt and debris for entering the tank during cap removal. Always shake the premix fuel container momentarily before filling the fuel tank. Always use a spout or funnel when fueling to reduce fuel spillage. Only fill the tank to within 1/2 inch from the top of the tank. Avoid filing to the top of the tank filler neck. NOTE:",0.3310773968696594,0.34941381216049194,0.4522879123687744,1.156652569770813,1.140689492225647,1.0466251373291016
What could happen if the piston is not set to TDC before reinstalling the spark plug?,"STORAGE
For long-term storage of the water pump, empty the fuel tank into a suitable fuel storage container.
Pump the primer bulb on the carburetor until all fuel is discharged through the clear fuel return
hose. Perform all regular maintenance procedures and any needed repairs. Remove the spark
plug and squirt a very small amount of oil into the cylinder. Pull the starter grip once.
CAUTION: Oil may squirt out of the spark plug opening
while pulling the starter cord. Protect your eyes and
keep your face away from the spark plug opening.
Slowly pull the starter cord to bring the piston to the top
of the cylinder (TDC). Reinstall the spark plug. Clean
the water pump interior thoroughly, remove all remaining moisture, and then store in a dry place away from
excessive heat, sparks or open flame.",Remove the spark plug and insert a small amount of oil into the cylinder. Slowly pull the starter cord and bring the piston to a position closest to the spark plug hole. Re-install the spark plug. Apply a thin coating of oil to all the metal surfaces and store the Backpack blower in a dry place. EMISSION CONTROL INFORMATION FUEL INFORMATION THIS ENGINE IS CERTIFIED TO OPERATE ON UNLEADED REGULAR GRADE GASOLINE ONLY. A minimum of 87,"damage. 5. Reinstall the spark arrester and tail onto the muffler, then reinstall and tighten the four screws. (See spark arrester maintenance) 6. Reinstall the top cover and the cleaner cover. GENERAL CLEANING AND TIGHTENING The MARUYAMA Backpack blower will provide maximum performance for many hours, if it is maintained properly. Good maintenance includes regular checking of all fasteners for correct tightness, and cleaning the entire","mm). 5. Replace the spark plug if it is oil-fouled, damaged, or if the electrodes are worn down. 6. Do not over tighten the spark plug when installing. The tightening torque is 95-148 in. lbs. (10.7-16.6 N･m). To replace the fuel filter: 1. Make sure the fuel tank is empty. 2. Remove the fuel cap. 3. Using a wire hook, gently pull the fuel filter out through the fuel filler opening. 4. Grasp the fuel hose next to the fuel filter fitting and",0.5985003113746643,0.3401136100292206,0.41417479515075684,0.8961023688316345,1.1488137245178223,1.082427978515625
"If fuel remains in the clear return hose after pumping, what should you do?","STORAGE
For long-term storage of the water pump, empty the fuel tank into a suitable fuel storage container.
Pump the primer bulb on the carburetor until all fuel is discharged through the clear fuel return
hose. Perform all regular maintenance procedures and any needed repairs. Remove the spark
plug and squirt a very small amount of oil into the cylinder. Pull the starter grip once.
CAUTION: Oil may squirt out of the spark plug opening
while pulling the starter cord. Protect your eyes and
keep your face away from the spark plug opening.
Slowly pull the starter cord to bring the piston to the top
of the cylinder (TDC). Reinstall the spark plug. Clean
the water pump interior thoroughly, remove all remaining moisture, and then store in a dry place away from
excessive heat, sparks or open flame.","remove the filter, but do not release the hose. 5. While still holding on to the fuel hose, attach the new fuel filter. 6. Drop the new fuel filter back into the fuel tank. 7. Make sure that the fuel filter is not stuck in a corner of the tank, and that the fuel hose is not doubled over (kinked) before refueling. Cooling Fin Cleaning 1. With the engine at ambient (room) temperature, loosen the knob at air cleaner cover. 2. Remove the five screws retaining the top cover, then",shorten engine life. FUEL FILTER Maintenance Interval The fuel filter should be cleaned and inspected for damage after each 20 hours of operation. The fuel filter should be replaced after every 100 hours of operation. Fuel Filter Replacement The fuel filter is attached to the end of the fuel pick-up hose inside the fuel tank. SPARK PLUG Maintenance Interval • The spark plug should be removed from the engine and checked after each 25 hours of operation.,"15 STORAGE For long-term storage of the Backpack blower, first perform all regular maintenance procedures and needed repairs. Empty the fuel tank. Disconnect the fuel supply line from the carburetor and depress the primer bulb until fuel stops discharging from the fuel-return line. Start the engine and allow it to run until it stops. Pull the starter cord a few times to remove any excess fuel from the engine.",0.5441223382949829,0.3831900954246521,0.6371315717697144,0.9548588395118713,1.1106843948364258,0.8519019484519958
"How does combining regular maintenance with proper storage preparation benefit the pump’s performance?
","STORAGE
For long-term storage of the water pump, empty the fuel tank into a suitable fuel storage container.
Pump the primer bulb on the carburetor until all fuel is discharged through the clear fuel return
hose. Perform all regular maintenance procedures and any needed repairs. Remove the spark
plug and squirt a very small amount of oil into the cylinder. Pull the starter grip once.
CAUTION: Oil may squirt out of the spark plug opening
while pulling the starter cord. Protect your eyes and
keep your face away from the spark plug opening.
Slowly pull the starter cord to bring the piston to the top
of the cylinder (TDC). Reinstall the spark plug. Clean
the water pump interior thoroughly, remove all remaining moisture, and then store in a dry place away from
excessive heat, sparks or open flame.",REGULAR MAINTENANCE························· 12 SPECIFICATIONS······································· 7 STORAGE················································ 15 ASSEMBLY INSTRUCTIONS ························ 8 EMISSION CONTROL INFORMATION·········· 15 BEFORE OPERATION································· 9 MAINTENANCE········································ 16 This symbol accompanied by the words WARNING and DANGER calls attention to an act or condition that can lead to serious,"15 STORAGE For long-term storage of the Backpack blower, first perform all regular maintenance procedures and needed repairs. Empty the fuel tank. Disconnect the fuel supply line from the carburetor and depress the primer bulb until fuel stops discharging from the fuel-return line. Start the engine and allow it to run until it stops. Pull the starter cord a few times to remove any excess fuel from the engine.","13 COOLING FINS Maintenance Interval The cylinder cooling fins should be cleaned after every 25 hours of operation, or once a week, whichever comes first. Air must flow freely around and through the cylinder cooling fins to prevent engine overheating. Leaves, grass, dirt and debris buildup on the fins will increase the operating temperature of the engine, which can reduce engine performance and shorten engine life.",0.06900632381439209,0.6371315717697144,0.2112223207950592,1.364546537399292,0.8519019484519958,1.2560076713562012
