QUESTION,GROUND TRUTH,RETRIEVED ANSWER K=1,RETRIEVED ANSWER K=2,SIMILARITY SCORE K=1,SIMILARITY SCORE K=2,DISTANCE K=1,DISTANCE K=2
Why is it dangerous to operate the water pump inside a closed room or building?,"SAFETY INSTRUCTIONS                                                                                                                                                                               Operator safety                                                                                                                                                                                                         1. Read and understand this Owner's/Operator's Manual before using this product. Be thoroughly familiar with the proper use of this product.
2.Never operate this water pump when you are tired, illor under the influence of alcohol, drugs
or medication.
3.Never start or run the engine inside a closed room or building. Breathing exhaust fumes can
cause death.   here is the answer can you give 10questions for this answer?","18. not allow bystanders in work area. 19. not operate without guard(s) in place. 20. not operate in unventilated area. 21. To reduce the risk injury associated with the inhalation dust, use face filter mask in dusty conditions.","When engine is running, fan is rotating and other parts are moving. WHAT CAN HAPPEN Contact with rotating fan or other moving parts could cause serious personal injury or death. HOW TO AVOID THE HAZARD Always turn off your Backpack blower before you",0.3999217748641968,0.3727418780326843,1.095516562461853,1.1200519800186157
Explain why it is not safe to assume experience alone is enough without reading the manual.,"SAFETY INSTRUCTIONS                                                                                                                                                                               Operator safety                                                                                                                                                                                                         1. Read and understand this Owner's/Operator's Manual before using this product. Be thoroughly familiar with the proper use of this product.
2.Never operate this water pump when you are tired, illor under the influence of alcohol, drugs
or medication.
3.Never start or run the engine inside a closed room or building. Breathing exhaust fumes can
cause death.   here is the answer can you give 10questions for this answer?","Important safety instructions will identified the following safety symbol Failure to comply with the instructions in this manual may result in serious injury or death. For additional assistance, contact any local authorized Maruyama dealer or Maruyama U.S., Inc.,","reading the Owner Operator Manual. Become familiar with the controls and know how to stop the engine quickly. Always use eye protection and hearing protection. Keep the area operation clear all persons, particularly small children and pets.",0.4337080717086792,0.5062280893325806,1.0642292499542236,0.9937524795532227
Suggest one real-life situation where ignoring these safety instructions could result in a fatal accident.,"SAFETY INSTRUCTIONS                                                                                                                                                                               Operator safety                                                                                                                                                                                                         1. Read and understand this Owner's/Operator's Manual before using this product. Be thoroughly familiar with the proper use of this product.
2.Never operate this water pump when you are tired, illor under the influence of alcohol, drugs
or medication.
3.Never start or run the engine inside a closed room or building. Breathing exhaust fumes can
cause death.   here is the answer can you give 10questions for this answer?","Important safety instructions will identified the following safety symbol Failure to comply with the instructions in this manual may result in serious injury or death. For additional assistance, contact any local authorized Maruyama dealer or Maruyama U.S., Inc.,","When engine is running, fan is rotating and other parts are moving. WHAT CAN HAPPEN Contact with rotating fan or other moving parts could cause serious personal injury or death. HOW TO AVOID THE HAZARD Always turn off your Backpack blower before you",0.4337080717086792,0.3727418780326843,1.0642292499542236,1.1200519800186157
What is the deadly gas that may be produced when operating the engine in a confined space?,"SAFETY INSTRUCTIONS                                                                                                                                                                               Operator safety                                                                                                                                                                                                         1. Read and understand this Owner's/Operator's Manual before using this product. Be thoroughly familiar with the proper use of this product.
2.Never operate this water pump when you are tired, illor under the influence of alcohol, drugs
or medication.
3.Never start or run the engine inside a closed room or building. Breathing exhaust fumes can
cause death.   here is the answer can you give 10questions for this answer?",can cause engine damage. Gasoline is extremely flammable and can explosive under certain conditions. Turn the engine switch OFF. not smoke. Make sure the area is well ventilated and free from any source flame sparks this includes any appliance with pilot light.,Don put naked flame close to place where supplying fuel or doing maintenance. Cautions for exhaust gas. Take care not to breathe in exhaust gas from the engine. Read Owner Operator Manual thoroughly. Make sure you read the Owner Operator Manual thoroughly prior to use.,0.36804479360580444,0.40837588906288147,1.1242377758026123,1.087772250175476
"List three dangers of using the water pump while tired, ill, or under the influence of alcohol or drugs.","SAFETY INSTRUCTIONS                                                                                                                                                                               Operator safety                                                                                                                                                                                                         1. Read and understand this Owner's/Operator's Manual before using this product. Be thoroughly familiar with the proper use of this product.
2.Never operate this water pump when you are tired, illor under the influence of alcohol, drugs
or medication.
3.Never start or run the engine inside a closed room or building. Breathing exhaust fumes can
cause death.   here is the answer can you give 10questions for this answer?",Never operate Backpack blower when you are fatigued. Never operate Backpack blower without proper guards or other protective safety devices in place. Dress properly not wear loose clothing or jewelry that can caught in moving parts. Always wear substantial,"Vibration is generally warning trouble. 16. Avoid using the Backpack blower near rocks, gravel, stones and similar matter in order to avoid dangerous flying debris. 17. Use the Backpack blower only in daylight or good artificial light. 18. not allow bystanders in work area.",0.302408903837204,0.23276127874851227,1.181178331375122,1.23874032497406
How could improper fuel storage in a non-approved container affect both the user and the environment over time?,"Fuel safety
1. Gasoline is highly flammable and must be handled and stored
carefully. Use a container approved for fuel for storing gasoline
and/or fuel/oil mixture.
2. Mix and pour fuel outdoors and where there are no sparks or flames.
3. Do not smoke near fuel or the water pump or while using the water pump.
4. Do not overfill the fuel tank. Stop filling 1/4-1/2 inch from the top of the tank.
5. Wipe up any spilled fuel before starting the engine.",-Move at least 10ft (3m) away from the fueling point before starting engine. -Always store gasoline in approved container. Operating techniques Operate power equipment only at reasonable hours not early in the morning or late at night when people might,"footwear, long pant, and long sleeved shirt. 10. Gasoline is highly flammable handle carefully. not smoke while handling gasoline. Use approved fuel container for storing the gasoline oil mixture. not fill the fuel tank when the engine is hot or running",0.7047895193099976,0.6043726801872253,0.768388569355011,0.8895249962806702
Why is it critical to leave a gap (¼–½ inch) at the top of the fuel tank rather than filling it completely? Link your explanation to fuel expansion.,"Fuel safety
1. Gasoline is highly flammable and must be handled and stored
carefully. Use a container approved for fuel for storing gasoline
and/or fuel/oil mixture.
2. Mix and pour fuel outdoors and where there are no sparks or flames.
3. Do not smoke near fuel or the water pump or while using the water pump.
4. Do not overfill the fuel tank. Stop filling 1/4-1/2 inch from the top of the tank.
5. Wipe up any spilled fuel before starting the engine.",not fill the fuel tank when the engine is hot or running Fill the fuel tank outdoors and only to one-half inch from the top the tank. not fill the filler neck. Wipe away any spilled gasoline before starting the engine.,during cap removal. Always shake the premix fuel container momentarily before filling the fuel tank. Always use spout or funnel when fueling to reduce fuel spillage. Only fill the tank to within inch from the top the tank. Avoid filing to the top the tank filler neck. NOTE,0.6417927742004395,0.5192347764968872,0.846412718296051,0.9805765748023987
Imagine a situation where a spark occurs from static electricity during refueling. ,"Fuel safety
1. Gasoline is highly flammable and must be handled and stored
carefully. Use a container approved for fuel for storing gasoline
and/or fuel/oil mixture.
2. Mix and pour fuel outdoors and where there are no sparks or flames.
3. Do not smoke near fuel or the water pump or while using the water pump.
4. Do not overfill the fuel tank. Stop filling 1/4-1/2 inch from the top of the tank.
5. Wipe up any spilled fuel before starting the engine.",during cap removal. Always shake the premix fuel container momentarily before filling the fuel tank. Always use spout or funnel when fueling to reduce fuel spillage. Only fill the tank to within inch from the top the tank. Avoid filing to the top the tank filler neck. NOTE,"footwear, long pant, and long sleeved shirt. 10. Gasoline is highly flammable handle carefully. not smoke while handling gasoline. Use approved fuel container for storing the gasoline oil mixture. not fill the fuel tank when the engine is hot or running",0.5192347764968872,0.6043726801872253,0.9805765748023987,0.8895249962806702
"What safety precautions could prevent this, and what might happen if ignored?","Fuel safety
1. Gasoline is highly flammable and must be handled and stored
carefully. Use a container approved for fuel for storing gasoline
and/or fuel/oil mixture.
2. Mix and pour fuel outdoors and where there are no sparks or flames.
3. Do not smoke near fuel or the water pump or while using the water pump.
4. Do not overfill the fuel tank. Stop filling 1/4-1/2 inch from the top of the tank.
5. Wipe up any spilled fuel before starting the engine.","Important safety instructions will identified the following safety symbol Failure to comply with the instructions in this manual may result in serious injury or death. For additional assistance, contact any local authorized Maruyama dealer or Maruyama U.S., Inc.,","When engine is running, fan is rotating and other parts are moving. WHAT CAN HAPPEN Contact with rotating fan or other moving parts could cause serious personal injury or death. HOW TO AVOID THE HAZARD Always turn off your Backpack blower before you",0.25346192717552185,0.29358869791030884,1.2219150066375732,1.1886221170425415
What could be a potential weakness in fuel safety if an operator stores the water pump without emptying the tank?,"Fuel safety
1. Gasoline is highly flammable and must be handled and stored
carefully. Use a container approved for fuel for storing gasoline
and/or fuel/oil mixture.
2. Mix and pour fuel outdoors and where there are no sparks or flames.
3. Do not smoke near fuel or the water pump or while using the water pump.
4. Do not overfill the fuel tank. Stop filling 1/4-1/2 inch from the top of the tank.
5. Wipe up any spilled fuel before starting the engine.",-Move at least 10ft (3m) away from the fueling point before starting engine. -Always store gasoline in approved container. Operating techniques Operate power equipment only at reasonable hours not early in the morning or late at night when people might,Avoid filing to the top the tank filler neck. NOTE Never mix gasoline and oil directly in the Backpack Blower fuel tank. CAUTION! not use National Marine Manufacturer Association (NMMA) or BIA certified oils. This type or 2-stroke engine oil does,0.7047895193099976,0.507622241973877,0.768388569355011,0.9923484921455383
How should an operator assemble the suction hose using the supplied components?,"ASSEMBLY INSTRUCTIONS
Install a rubber packing onto one of the 1 inch hose fittings. Slide a hose fitting nut over the fitting. Slide two hose clamps over the suction hose. Attach the hose coupler assembly and
strainer to either end and tighten the hose clamps.
Due to different operator requirements, the outlet hose is not provided. Three hose fittings are
supplied with water pump to be used with either 5/8, 3/4 or 1 inch inside diameter hose. Select
an outlet hose that is the suitable diameter and length for your application.
Once you have selected the outlet hose, assemble the appr","STEP Locate and identify all the components (see sketch). STEP Prepare the flat head screwdriver, Using the BAND, connect the BENT PIPE and FLEXIBLE PIPE to the blower, and the SWIVEL PIPE to the FLEXIBLE PIPE (see sketch).","and the SWIVEL PIPE to the FLEXIBLE PIPE (see sketch). STEP Assemble the STRAIGHT PIPE, BENT PIPE, and END PIPE, then connect them to the SWIVEL PIPE (see sketch). STEP Slides THROTTLE LEVER over SWIVEL PIPE and tighten retainer knob (see page 9). CLAMP STRAIGHT PIPE END PIPE",0.3502458333969116,0.3331318497657776,1.1399598121643066,1.1548751592636108
"Group the assembly steps into stages: preparation, fitting, and final connection.","ASSEMBLY INSTRUCTIONS
Install a rubber packing onto one of the 1 inch hose fittings. Slide a hose fitting nut over the fitting. Slide two hose clamps over the suction hose. Attach the hose coupler assembly and
strainer to either end and tighten the hose clamps.
Due to different operator requirements, the outlet hose is not provided. Three hose fittings are
supplied with water pump to be used with either 5/8, 3/4 or 1 inch inside diameter hose. Select
an outlet hose that is the suitable diameter and length for your application.
Once you have selected the outlet hose, assemble the appr","STEP Locate and identify all the components (see sketch). STEP Prepare the flat head screwdriver, Using the BAND, connect the BENT PIPE and FLEXIBLE PIPE to the blower, and the SWIVEL PIPE to the FLEXIBLE PIPE (see sketch).",ASSEMBLY INSTRUCTIONS EMISSION CONTROL INFORMATION BEFORE OPERATION MAINTENANCE This symbol accompanied the words WARNING and DANGER,0.3502458333969116,-0.016086135059595108,1.1399598121643066,1.4255428314208984
What does the instruction about selecting a suitable outlet hose imply about the pump’s design?,"ASSEMBLY INSTRUCTIONS
Install a rubber packing onto one of the 1 inch hose fittings. Slide a hose fitting nut over the fitting. Slide two hose clamps over the suction hose. Attach the hose coupler assembly and
strainer to either end and tighten the hose clamps.
Due to different operator requirements, the outlet hose is not provided. Three hose fittings are
supplied with water pump to be used with either 5/8, 3/4 or 1 inch inside diameter hose. Select
an outlet hose that is the suitable diameter and length for your application.
Once you have selected the outlet hose, assemble the appr","STEP Locate and identify all the components (see sketch). STEP Prepare the flat head screwdriver, Using the BAND, connect the BENT PIPE and FLEXIBLE PIPE to the blower, and the SWIVEL PIPE to the FLEXIBLE PIPE (see sketch).","and the SWIVEL PIPE to the FLEXIBLE PIPE (see sketch). STEP Assemble the STRAIGHT PIPE, BENT PIPE, and END PIPE, then connect them to the SWIVEL PIPE (see sketch). STEP Slides THROTTLE LEVER over SWIVEL PIPE and tighten retainer knob (see page 9). CLAMP STRAIGHT PIPE END PIPE",0.3502458333969116,0.3331318497657776,1.1399598121643066,1.1548751592636108
What safety concept is emphasized across all fuel-related instructions?,"ASSEMBLY INSTRUCTIONS Install a rubber packing onto one of the 1 inch hose fittings. Slide a hose fitting nut over the fitting. Slide two hose clamps over the suction hose. Attach the hose coupler assembly and strainer to either end and tighten the hose clamps. Due to different operator requirements, the outlet hose is not provided. Three hose fittings are supplied with water pump to be used with either 5/8, 3/4 or 1 inch inside diameter hose. Select an outlet hose that is the suitable diameter and length for your application. Once you have selected the outlet hose, assemble the appr","footwear, long pant, and long sleeved shirt. 10. Gasoline is highly flammable handle carefully. not smoke while handling gasoline. Use approved fuel container for storing the gasoline oil mixture. not fill the fuel tank when the engine is hot or running",during cap removal. Always shake the premix fuel container momentarily before filling the fuel tank. Always use spout or funnel when fueling to reduce fuel spillage. Only fill the tank to within inch from the top the tank. Avoid filing to the top the tank filler neck. NOTE,-0.0009953118860721588,0.07447563111782074,1.414917230606079,1.360532522201538
"Identify and list all actions aimed at preventing fire hazards.
","ASSEMBLY INSTRUCTIONS
Install a rubber packing onto one of the 1 inch hose fittings. Slide a hose fitting nut over the fitting. Slide two hose clamps over the suction hose. Attach the hose coupler assembly and
strainer to either end and tighten the hose clamps.
Due to different operator requirements, the outlet hose is not provided. Three hose fittings are
supplied with water pump to be used with either 5/8, 3/4 or 1 inch inside diameter hose. Select
an outlet hose that is the suitable diameter and length for your application.
Once you have selected the outlet hose, assemble the appr",This symbol accompanied the words WARNING and DANGER calls attention to act or condition that can lead to serious personal injury to operator and bystanders. Prohibition fire Don put naked flame close to place where supplying fuel or doing maintenance.,"22. To reduce the risk injury associated with contacting rotating part, stop the engine before installing or removing attachments. 23. To reduce the risk fire and burn injury -Move at least 10ft (3m) away from the fueling point before starting engine.",-0.11334499716758728,0.11804283410310745,1.4922099113464355,1.3281244039535522
Why is it necessary to use a strainer with any suction hose?," Fix the suction hose and the outlet hose to the pump, as shown.
WARNING: Always use the suction hose and strainer provided among the standard accessories. If another suction hose is used, it must be used with the strainer.
A crush resistant hose is recommended.
During operation, if the suction hose is crushed, it can cause the pump to fail.","Cleaning debris from intake guard. Never use the blower without the GUARD the blower. Before each use, check that the GUARD is attached in place and is free from any damage. POTENTIAL HAZARD Muffler surface becomes hot when Backpack blower is in operation and remains hot for some","Use the full blower nozzle extension the air stream can work close to the ground. After using blowers and other equipment, CLEAN UP! Dispose debris in trash receptacles.",0.24051417410373688,0.3394106328487396,1.2324657440185547,1.1494253873825073
What are the risks of using a non-recommended suction hose without a strainer?," Fix the suction hose and the outlet hose to the pump, as shown.
WARNING: Always use the suction hose and strainer provided among the standard accessories. If another suction hose is used, it must be used with the strainer.
A crush resistant hose is recommended.
During operation, if the suction hose is crushed, it can cause the pump to fail.","18. not allow bystanders in work area. 19. not operate without guard(s) in place. 20. not operate in unventilated area. 21. To reduce the risk injury associated with the inhalation dust, use face filter mask in dusty conditions.","Cleaning debris from intake guard. Never use the blower without the GUARD the blower. Before each use, check that the GUARD is attached in place and is free from any damage. POTENTIAL HAZARD Muffler surface becomes hot when Backpack blower is in operation and remains hot for some",0.052582986652851105,0.24051417410373688,1.3765296936035156,1.2324657440185547
Identify and list all components necessary for safe hose operation.," Fix the suction hose and the outlet hose to the pump, as shown.
WARNING: Always use the suction hose and strainer provided among the standard accessories. If another suction hose is used, it must be used with the strainer.
A crush resistant hose is recommended.
During operation, if the suction hose is crushed, it can cause the pump to fail.","STEP Locate and identify all the components (see sketch). STEP Prepare the flat head screwdriver, Using the BAND, connect the BENT PIPE and FLEXIBLE PIPE to the blower, and the SWIVEL PIPE to the FLEXIBLE PIPE (see sketch).","TABLE CONTENTS FOREWORD This Owner Operator Manual is designed to familiarize the operator with the various features and component parts the equipment and to assist you with the assembly, operation and maintenance your new Backpack Blower.",0.28088629245758057,0.16490310430526733,1.19926118850708,1.2923598289489746
What does the warning about hose crushing suggest about the pump's dependency on steady suction?," Fix the suction hose and the outlet hose to the pump, as shown.
WARNING: Always use the suction hose and strainer provided among the standard accessories. If another suction hose is used, it must be used with the strainer.
A crush resistant hose is recommended.
During operation, if the suction hose is crushed, it can cause the pump to fail.","Vibration is generally warning trouble. 16. Avoid using the Backpack blower near rocks, gravel, stones and similar matter in order to avoid dangerous flying debris. 17. Use the Backpack blower only in daylight or good artificial light. 18. not allow bystanders in work area.","instructions provided on page this manual. 14. not put hands or feet near or under the rotating parts. Keep clear at all times. 15. If the Backpack blower should start to vibrate abnormally, stop the engine immediately and check for the cause.",0.10199573636054993,0.22483573853969574,1.340152382850647,1.245121955871582
What is the central warning or message of this instruction?," Fix the suction hose and the outlet hose to the pump, as shown.
WARNING: Always use the suction hose and strainer provided among the standard accessories. If another suction hose is used, it must be used with the strainer.
A crush resistant hose is recommended.
During operation, if the suction hose is crushed, it can cause the pump to fail.","Important safety instructions will identified the following safety symbol Failure to comply with the instructions in this manual may result in serious injury or death. For additional assistance, contact any local authorized Maruyama dealer or Maruyama U.S., Inc.,",This symbol accompanied the words WARNING and DANGER calls attention to act or condition that can lead to serious personal injury to operator and bystanders. Prohibition fire Don put naked flame close to place where supplying fuel or doing maintenance.,0.018535152077674866,-0.03196035325527191,1.4010459184646606,1.4366352558135986
Why is it important to ensure the strainer is completely submerged but not touching sandy or muddy surfaces?,"BEFORE OPERATION                                                                                                                                            PUMP SECTION
1. Check that there are no loose screws or components on the machinery.
2. Place the pump on a level surface, but not immediately next to the water supply.
If the pump must be placed on a sloping or inclined surface, a level platform must be used. Be
sure to secure the pump adequately.
3. Where the weight of the suction hose causes the pump to tilt or move, secure the pump adequately.
4. Always attach the strainer to the end of the suction hose. If the pump is operated without the
strainer, pebbles and other materials will be sucked into the pump and could cause damage
and pump failure.
5. Be sure that the strainer is completely submerged, but not in contact with sandy or muddy bottom surfaces.
6. Secure the suction and outlet hoses tightly to the pump to avoid sucking air.","Check your equipment before operation, especially the muffler, air intakes, and air filters. Use rakes and brooms to loosen debris before blowing. In dusty conditions, slightly dampen surfaces when water is available.","In dusty conditions, slightly dampen surfaces when water is available. Conserve water using Backpack blower instead hoses for many lawn and garden applications, including areas such gutters, screens, patios, grills, porches, and gardens.",0.279485285282135,0.19762656092643738,1.20042884349823,1.2667860984802246
What might be the consequences of operating the pump without tightly securing the suction and outlet hoses?,"BEFORE OPERATION                                                                                                                                            PUMP SECTION
1. Check that there are no loose screws or components on the machinery.
2. Place the pump on a level surface, but not immediately next to the water supply.
If the pump must be placed on a sloping or inclined surface, a level platform must be used. Be
sure to secure the pump adequately.
3. Where the weight of the suction hose causes the pump to tilt or move, secure the pump adequately.
4. Always attach the strainer to the end of the suction hose. If the pump is operated without the
strainer, pebbles and other materials will be sucked into the pump and could cause damage
and pump failure.
5. Be sure that the strainer is completely submerged, but not in contact with sandy or muddy bottom surfaces.
6. Secure the suction and outlet hoses tightly to the pump to avoid sucking air.",Never operate Backpack blower when you are fatigued. Never operate Backpack blower without proper guards or other protective safety devices in place. Dress properly not wear loose clothing or jewelry that can caught in moving parts. Always wear substantial,should checked for correct tightness. Always inspect for fuel leaks. not attempt to start or operate Backpack blower that indicates fuel leak. AIR FILTER Maintenance Interval,0.14296600222587585,0.3658469021320343,1.309224247932434,1.1261910200119019
What does the instruction about avoiding air suction imply about the pump’s operation?,"BEFORE OPERATION                                                                                                                                            PUMP SECTION
1. Check that there are no loose screws or components on the machinery.
2. Place the pump on a level surface, but not immediately next to the water supply.
If the pump must be placed on a sloping or inclined surface, a level platform must be used. Be
sure to secure the pump adequately.
3. Where the weight of the suction hose causes the pump to tilt or move, secure the pump adequately.
4. Always attach the strainer to the end of the suction hose. If the pump is operated without the
strainer, pebbles and other materials will be sucked into the pump and could cause damage
and pump failure.
5. Be sure that the strainer is completely submerged, but not in contact with sandy or muddy bottom surfaces.
6. Secure the suction and outlet hoses tightly to the pump to avoid sucking air.","instructions provided on page this manual. 14. not put hands or feet near or under the rotating parts. Keep clear at all times. 15. If the Backpack blower should start to vibrate abnormally, stop the engine immediately and check for the cause.","Vibration is generally warning trouble. 16. Avoid using the Backpack blower near rocks, gravel, stones and similar matter in order to avoid dangerous flying debris. 17. Use the Backpack blower only in daylight or good artificial light. 18. not allow bystanders in work area.",0.2587221562862396,0.18381893634796143,1.2176024913787842,1.2776392698287964
Why must the strainer be attached even if the water appears clean?,"BEFORE OPERATION                                                                                                                                            PUMP SECTION
1. Check that there are no loose screws or components on the machinery.
2. Place the pump on a level surface, but not immediately next to the water supply.
If the pump must be placed on a sloping or inclined surface, a level platform must be used. Be
sure to secure the pump adequately.
3. Where the weight of the suction hose causes the pump to tilt or move, secure the pump adequately.
4. Always attach the strainer to the end of the suction hose. If the pump is operated without the
strainer, pebbles and other materials will be sucked into the pump and could cause damage
and pump failure.
5. Be sure that the strainer is completely submerged, but not in contact with sandy or muddy bottom surfaces.
6. Secure the suction and outlet hoses tightly to the pump to avoid sucking air.","Cleaning debris from intake guard. Never use the blower without the GUARD the blower. Before each use, check that the GUARD is attached in place and is free from any damage. POTENTIAL HAZARD Muffler surface becomes hot when Backpack blower is in operation and remains hot for some",before using again. AIR FILTER (PAPER) Clean AIR FILTER (PAPER) gently tapping. Replace filter if is damaged or very dirty. Reassemble components in reverse order. Reinstall the air cleaner cover and tighten the knob. FILTER CASE AIR FILTER (PAPER) FOAM FILTER,0.17826645076274872,0.24554777145385742,1.2819777727127075,1.228374719619751
List all checks or setup steps to perform before operating the pump.,"BEFORE OPERATION                                                                                                                                            PUMP SECTION
1. Check that there are no loose screws or components on the machinery.
2. Place the pump on a level surface, but not immediately next to the water supply.
If the pump must be placed on a sloping or inclined surface, a level platform must be used. Be
sure to secure the pump adequately.
3. Where the weight of the suction hose causes the pump to tilt or move, secure the pump adequately.
4. Always attach the strainer to the end of the suction hose. If the pump is operated without the
strainer, pebbles and other materials will be sucked into the pump and could cause damage
and pump failure.
5. Be sure that the strainer is completely submerged, but not in contact with sandy or muddy bottom surfaces.
6. Secure the suction and outlet hoses tightly to the pump to avoid sucking air.","BEFORE OPERATION sure the Backpack blower is correctly assembled and all fasteners and fittings are properly secured. THROTTLE LEVER Before operating the Backpack blower, release the knob, adjust the throttle grip to the position and grip angle in the","button. REGULAR MAINTENANCE Before each use, the Backpack blower should inspected for proper assembly and fitness all components. All fasteners should checked for correct tightness. Always inspect for fuel leaks.",0.27035123109817505,0.28419914841651917,1.208013892173767,1.1964956521987915
Why is it necessary to open the fuel tank cap slowly during refueling?,"FUELING
WARNING! The following precautions will lessen the risk of fire.
1. Do not smoke near fuel.
2. Mix and pour fuel outdoors and where there are no sparks or flames.
3. Always shut off the engine before refueling. Never remove the fuel tank cap while the engine
is running or right after just stopping the engine.
4. Always open the fuel tank cap slowly to release any
possible overpressure inside the tank.
5. Do not overfill the fuel tank. Stop filling 1/4-1/2 inch
from the top of the tan.
6. Tighten the tank fuel cap carefully but firmly after
refilling..
7. Wipe up any spilled fuel before starting the engine.
8. Move the water pump at least 10 feet away from the
fueling location and fuel storage container before
starting the engine.",during cap removal. Always shake the premix fuel container momentarily before filling the fuel tank. Always use spout or funnel when fueling to reduce fuel spillage. Only fill the tank to within inch from the top the tank. Avoid filing to the top the tank filler neck. NOTE,not fill the fuel tank when the engine is hot or running Fill the fuel tank outdoors and only to one-half inch from the top the tank. not fill the filler neck. Wipe away any spilled gasoline before starting the engine.,0.5653144121170044,0.645777702331543,0.9324007630348206,0.8416914939880371
What does the repeated emphasis on distance and flame avoidance suggest about the properties of fuel vapors?,"FUELING
WARNING! The following precautions will lessen the risk of fire.
1. Do not smoke near fuel.
2. Mix and pour fuel outdoors and where there are no sparks or flames.
3. Always shut off the engine before refueling. Never remove the fuel tank cap while the engine
is running or right after just stopping the engine.
4. Always open the fuel tank cap slowly to release any
possible overpressure inside the tank.
5. Do not overfill the fuel tank. Stop filling 1/4-1/2 inch
from the top of the tan.
6. Tighten the tank fuel cap carefully but firmly after
refilling..
7. Wipe up any spilled fuel before starting the engine.
8. Move the water pump at least 10 feet away from the
fueling location and fuel storage container before
starting the engine.",This symbol accompanied the words WARNING and DANGER calls attention to act or condition that can lead to serious personal injury to operator and bystanders. Prohibition fire Don put naked flame close to place where supplying fuel or doing maintenance.,"footwear, long pant, and long sleeved shirt. 10. Gasoline is highly flammable handle carefully. not smoke while handling gasoline. Use approved fuel container for storing the gasoline oil mixture. not fill the fuel tank when the engine is hot or running",0.36121228337287903,0.46128565073013306,1.1302988529205322,1.0379927158355713
What core safety principle is reinforced throughout these fueling instructions?,"FUELING
WARNING! The following precautions will lessen the risk of fire.
1. Do not smoke near fuel.
2. Mix and pour fuel outdoors and where there are no sparks or flames.
3. Always shut off the engine before refueling. Never remove the fuel tank cap while the engine
is running or right after just stopping the engine.
4. Always open the fuel tank cap slowly to release any
possible overpressure inside the tank.
5. Do not overfill the fuel tank. Stop filling 1/4-1/2 inch
from the top of the tan.
6. Tighten the tank fuel cap carefully but firmly after
refilling..
7. Wipe up any spilled fuel before starting the engine.
8. Move the water pump at least 10 feet away from the
fueling location and fuel storage container before
starting the engine.",during cap removal. Always shake the premix fuel container momentarily before filling the fuel tank. Always use spout or funnel when fueling to reduce fuel spillage. Only fill the tank to within inch from the top the tank. Avoid filing to the top the tank filler neck. NOTE,This symbol accompanied the words WARNING and DANGER calls attention to act or condition that can lead to serious personal injury to operator and bystanders. Prohibition fire Don put naked flame close to place where supplying fuel or doing maintenance.,0.5653144121170044,0.36121228337287903,0.9324007630348206,1.1302988529205322
What are the potential consequences of removing the fuel tank cap while the engine is running or just after stopping it?,"FUELING
WARNING! The following precautions will lessen the risk of fire.
1. Do not smoke near fuel.
2. Mix and pour fuel outdoors and where there are no sparks or flames.
3. Always shut off the engine before refueling. Never remove the fuel tank cap while the engine
is running or right after just stopping the engine.
4. Always open the fuel tank cap slowly to release any
possible overpressure inside the tank.
5. Do not overfill the fuel tank. Stop filling 1/4-1/2 inch
from the top of the tan.
6. Tighten the tank fuel cap carefully but firmly after
refilling..
7. Wipe up any spilled fuel before starting the engine.
8. Move the water pump at least 10 feet away from the
fueling location and fuel storage container before
starting the engine.",during cap removal. Always shake the premix fuel container momentarily before filling the fuel tank. Always use spout or funnel when fueling to reduce fuel spillage. Only fill the tank to within inch from the top the tank. Avoid filing to the top the tank filler neck. NOTE,Always remove the spark plug cap from spark plug when servicing the engine to prevent accidental starting.,0.5653144121170044,0.39364442229270935,0.9324007630348206,1.101231575012207
"Group the instructions into categories: fueling environment, engine handling, and post-fueling actions.","FUELING
WARNING! The following precautions will lessen the risk of fire.
1. Do not smoke near fuel.
2. Mix and pour fuel outdoors and where there are no sparks or flames.
3. Always shut off the engine before refueling. Never remove the fuel tank cap while the engine
is running or right after just stopping the engine.
4. Always open the fuel tank cap slowly to release any
possible overpressure inside the tank.
5. Do not overfill the fuel tank. Stop filling 1/4-1/2 inch
from the top of the tan.
6. Tighten the tank fuel cap carefully but firmly after
refilling..
7. Wipe up any spilled fuel before starting the engine.
8. Move the water pump at least 10 feet away from the
fueling location and fuel storage container before
starting the engine.",not fill the fuel tank when the engine is hot or running Fill the fuel tank outdoors and only to one-half inch from the top the tank. not fill the filler neck. Wipe away any spilled gasoline before starting the engine.,Don put naked flame close to place where supplying fuel or doing maintenance. Cautions for exhaust gas. Take care not to breathe in exhaust gas from the engine. Read Owner Operator Manual thoroughly. Make sure you read the Owner Operator Manual thoroughly prior to use.,0.645777702331543,0.6426450610160828,0.8416914939880371,0.8454052805900574
What does the requirement of oil mixing suggest about the lubrication system of a 2-cycle engine?,"FUEL; MIXING GASOLINE AND OIL
WARNING! The engine used on this water pump is of a 2-cycle design. The internal moving parts
of the engine, i.e., crankshaft bearings, piston pin bearings and piston to cylinder wall contact surfaces, require oil mixed with the gasoline for lubrication. Failure to add oil to the gasoline or failure
to mix oil with the gasoline at the appropriate ratio will cause major engine damage which will void
your warranty. For your fuel premix, only use Maruyama 50:1 2-Cycle Oil or a quality oil desigried
for 2-cycle air-cooled engines.
FUEL MIXTURE: When using genuine Maruyama 50:1 2-Cycle Oil, the fuel: oil ratio is 50 parts
gasoline to 1 part oil or 50:1. If Maruyama 2-cycle engine oil is not available, use a good quality 2-
cycle, are-cooled engine oil mixéd at a ratio of 25:1.","for lubrication. Failure to add oil to the gasoline or failure to mix oil with the gasoline at the appropriate ratio will cause major engine damage which will void your warranty. For your fuel premix, only use Maruyama 2-Stroke Oil or quality oil designed for 2-stroke air-cooled engine.","designed for 2-stroke air-cooled engine. FUEL MIXTURE When using genuine Maruyama 2-Stroke Oil, or quality oil designed for stroke air-cooled engines, oil ratio is parts gasoline to part oil or",0.7416731119155884,0.6999146342277527,0.7187864184379578,0.7747069001197815
What central message is emphasized in these mixing instructions?,"FUEL; MIXING GASOLINE AND OIL
WARNING! The engine used on this water pump is of a 2-cycle design. The internal moving parts
of the engine, i.e., crankshaft bearings, piston pin bearings and piston to cylinder wall contact surfaces, require oil mixed with the gasoline for lubrication. Failure to add oil to the gasoline or failure
to mix oil with the gasoline at the appropriate ratio will cause major engine damage which will void
your warranty. For your fuel premix, only use Maruyama 50:1 2-Cycle Oil or a quality oil desigried
for 2-cycle air-cooled engines.
FUEL MIXTURE: When using genuine Maruyama 50:1 2-Cycle Oil, the fuel: oil ratio is 50 parts
gasoline to 1 part oil or 50:1. If Maruyama 2-cycle engine oil is not available, use a good quality 2-
cycle, are-cooled engine oil mixéd at a ratio of 25:1.","Ratios less the (for example, 100 1), reduce the amount lubrication to the internal moving parts the engine and can cause damage. MIXING INSTRUCTIONS Always mix fuel and oil in clean container approved for gasoline. Mark the container to","engines, oil ratio is parts gasoline to part oil or CAUTION! If Maruyama brand oil is not used, never use mixing ratio less than regardless the oil package mixing instructions. Ratios less the (for example, 100 1), reduce the amount",0.5340782999992371,0.7250107526779175,0.9653204083442688,0.7416054606437683
What is the potential consequence of using the wrong oil ratio in the fuel mixture?,"FUEL; MIXING GASOLINE AND OIL
WARNING! The engine used on this water pump is of a 2-cycle design. The internal moving parts
of the engine, i.e., crankshaft bearings, piston pin bearings and piston to cylinder wall contact surfaces, require oil mixed with the gasoline for lubrication. Failure to add oil to the gasoline or failure
to mix oil with the gasoline at the appropriate ratio will cause major engine damage which will void
your warranty. For your fuel premix, only use Maruyama 50:1 2-Cycle Oil or a quality oil desigried
for 2-cycle air-cooled engines.
FUEL MIXTURE: When using genuine Maruyama 50:1 2-Cycle Oil, the fuel: oil ratio is 50 parts
gasoline to 1 part oil or 50:1. If Maruyama 2-cycle engine oil is not available, use a good quality 2-
cycle, are-cooled engine oil mixéd at a ratio of 25:1.","for lubrication. Failure to add oil to the gasoline or failure to mix oil with the gasoline at the appropriate ratio will cause major engine damage which will void your warranty. For your fuel premix, only use Maruyama 2-Stroke Oil or quality oil designed for 2-stroke air-cooled engine.","Ratios less the (for example, 100 1), reduce the amount lubrication to the internal moving parts the engine and can cause damage. MIXING INSTRUCTIONS Always mix fuel and oil in clean container approved for gasoline. Mark the container to",0.7416731119155884,0.5340782999992371,0.7187864184379578,0.9653204083442688
List all key requirements for preparing the correct fuel mixture.,"FUEL; MIXING GASOLINE AND OIL
WARNING! The engine used on this water pump is of a 2-cycle design. The internal moving parts
of the engine, i.e., crankshaft bearings, piston pin bearings and piston to cylinder wall contact surfaces, require oil mixed with the gasoline for lubrication. Failure to add oil to the gasoline or failure
to mix oil with the gasoline at the appropriate ratio will cause major engine damage which will void
your warranty. For your fuel premix, only use Maruyama 50:1 2-Cycle Oil or a quality oil desigried
for 2-cycle air-cooled engines.
FUEL MIXTURE: When using genuine Maruyama 50:1 2-Cycle Oil, the fuel: oil ratio is 50 parts
gasoline to 1 part oil or 50:1. If Maruyama 2-cycle engine oil is not available, use a good quality 2-
cycle, are-cooled engine oil mixéd at a ratio of 25:1.","Ratios less the (for example, 100 1), reduce the amount lubrication to the internal moving parts the engine and can cause damage. MIXING INSTRUCTIONS Always mix fuel and oil in clean container approved for gasoline. Mark the container to",during cap removal. Always shake the premix fuel container momentarily before filling the fuel tank. Always use spout or funnel when fueling to reduce fuel spillage. Only fill the tank to within inch from the top the tank. Avoid filing to the top the tank filler neck. NOTE,0.5340782999992371,0.32636559009552,0.9653204083442688,1.1607190370559692
Group the instructions based on type of oil used and corresponding fuel ratio.,"FUEL; MIXING GASOLINE AND OIL
WARNING! The engine used on this water pump is of a 2-cycle design. The internal moving parts
of the engine, i.e., crankshaft bearings, piston pin bearings and piston to cylinder wall contact surfaces, require oil mixed with the gasoline for lubrication. Failure to add oil to the gasoline or failure
to mix oil with the gasoline at the appropriate ratio will cause major engine damage which will void
your warranty. For your fuel premix, only use Maruyama 50:1 2-Cycle Oil or a quality oil desigried
for 2-cycle air-cooled engines.
FUEL MIXTURE: When using genuine Maruyama 50:1 2-Cycle Oil, the fuel: oil ratio is 50 parts
gasoline to 1 part oil or 50:1. If Maruyama 2-cycle engine oil is not available, use a good quality 2-
cycle, are-cooled engine oil mixéd at a ratio of 25:1.","engines, oil ratio is parts gasoline to part oil or CAUTION! If Maruyama brand oil is not used, never use mixing ratio less than regardless the oil package mixing instructions. Ratios less the (for example, 100 1), reduce the amount","Ratios less the (for example, 100 1), reduce the amount lubrication to the internal moving parts the engine and can cause damage. MIXING INSTRUCTIONS Always mix fuel and oil in clean container approved for gasoline. Mark the container to",0.7250107526779175,0.5340782999992371,0.7416054606437683,0.9653204083442688
How should an operator correctly prepare a 5-gallon fuel mix using other brands of 2-cycle oil?,"FUEL MIXTURE CHART:
Gasoline Maruyama 50:1 2-Cycle Oil Gasoline Other brands of 2-Cycle Oil
1 gallon 2.6 oz. 1 gallon 5.2 oz.
2 1/2 gallon 6.4 oz. 2 1/2 gallon 12.8 oz.
5 gallon 12.8 oz. 5 gallon 25.6 oz.
MIXING INSTRUCTIONS: Always mix fuel and oil in a clean container approved for gasoline.
Mark the container to identify it as fuel mix for the water pump. Use regular unleaded gasoline and
fill the container with half the required amount of gasoline. Pour the correct amount of oil into the
container then add the remaining amount of gasoline. Close the container tightly and shake it
momentarily to evenly mix the oil and the gasoline before filling the fuel tank on the water pump.
FILL MARK
GAS OIL GAS
+
HALF GASOLINE ADD OIL ADD REMAINING
GASOLINE
☑ SHAKE
(MIX OIL AND GASOLINE)
When refilling the fuel tank, clean around the fuel tank cap before removing it to prevent dirt and
debris from entering the tank during cap removal. Always shake the premix fuel container momentarily before filling the fuel tank.
Always use a spout or funnel when fueling to reduce fuel spillage. Only fill the tank to within 1/4
1/2 inch from the top of the tank. Avoid filling to the top of the tank filler neck.","Carburetor All position diaphragm Fuel Tank Capacity 2.1 Fuel Mixture Using MARUYAMA 2-cycle Engine Oil or any quality 2-cycle engine oil designed for use in air-cooled, high performance 2-cycle engines. Attachments (Standard) Flexible Pipe, Swivel Pipe Straight Pipe, End Pipe","for lubrication. Failure to add oil to the gasoline or failure to mix oil with the gasoline at the appropriate ratio will cause major engine damage which will void your warranty. For your fuel premix, only use Maruyama 2-Stroke Oil or quality oil designed for 2-stroke air-cooled engine.",0.49084731936454773,0.5005025267601013,1.0091111660003662,0.9994973540306091
What does the instruction to always shake the container before refueling suggest about oil separation?,"FUEL MIXTURE CHART:
Gasoline Maruyama 50:1 2-Cycle Oil Gasoline Other brands of 2-Cycle Oil
1 gallon 2.6 oz. 1 gallon 5.2 oz.
2 1/2 gallon 6.4 oz. 2 1/2 gallon 12.8 oz.
5 gallon 12.8 oz. 5 gallon 25.6 oz.
MIXING INSTRUCTIONS: Always mix fuel and oil in a clean container approved for gasoline.
Mark the container to identify it as fuel mix for the water pump. Use regular unleaded gasoline and
fill the container with half the required amount of gasoline. Pour the correct amount of oil into the
container then add the remaining amount of gasoline. Close the container tightly and shake it
momentarily to evenly mix the oil and the gasoline before filling the fuel tank on the water pump.
FILL MARK
GAS OIL GAS
+
HALF GASOLINE ADD OIL ADD REMAINING
GASOLINE
☑ SHAKE
(MIX OIL AND GASOLINE)
When refilling the fuel tank, clean around the fuel tank cap before removing it to prevent dirt and
debris from entering the tank during cap removal. Always shake the premix fuel container momentarily before filling the fuel tank.
Always use a spout or funnel when fueling to reduce fuel spillage. Only fill the tank to within 1/4
1/2 inch from the top of the tank. Avoid filling to the top of the tank filler neck.",during cap removal. Always shake the premix fuel container momentarily before filling the fuel tank. Always use spout or funnel when fueling to reduce fuel spillage. Only fill the tank to within inch from the top the tank. Avoid filing to the top the tank filler neck. NOTE,"container tightly and shake momentarily to evenly mix the oil and the gasoline before filling the fuel tank on the Backpack Blower. When refilling the Backpack Blower fuel tank, clean around the fuel tank cap to prevent dirt and debris for entering the tank",0.6179481744766235,0.5266553163528442,0.8741302490234375,0.9729794859886169
Why is a spout or funnel recommended during fueling?,"FUEL MIXTURE CHART:
Gasoline Maruyama 50:1 2-Cycle Oil Gasoline Other brands of 2-Cycle Oil
1 gallon 2.6 oz. 1 gallon 5.2 oz.
2 1/2 gallon 6.4 oz. 2 1/2 gallon 12.8 oz.
5 gallon 12.8 oz. 5 gallon 25.6 oz.
MIXING INSTRUCTIONS: Always mix fuel and oil in a clean container approved for gasoline.
Mark the container to identify it as fuel mix for the water pump. Use regular unleaded gasoline and
fill the container with half the required amount of gasoline. Pour the correct amount of oil into the
container then add the remaining amount of gasoline. Close the container tightly and shake it
momentarily to evenly mix the oil and the gasoline before filling the fuel tank on the water pump.
FILL MARK
GAS OIL GAS
+
HALF GASOLINE ADD OIL ADD REMAINING
GASOLINE
☑ SHAKE
(MIX OIL AND GASOLINE)
When refilling the fuel tank, clean around the fuel tank cap before removing it to prevent dirt and
debris from entering the tank during cap removal. Always shake the premix fuel container momentarily before filling the fuel tank.
Always use a spout or funnel when fueling to reduce fuel spillage. Only fill the tank to within 1/4
1/2 inch from the top of the tank. Avoid filling to the top of the tank filler neck.",during cap removal. Always shake the premix fuel container momentarily before filling the fuel tank. Always use spout or funnel when fueling to reduce fuel spillage. Only fill the tank to within inch from the top the tank. Avoid filing to the top the tank filler neck. NOTE,not fill the fuel tank when the engine is hot or running Fill the fuel tank outdoors and only to one-half inch from the top the tank. not fill the filler neck. Wipe away any spilled gasoline before starting the engine.,0.6179481744766235,0.5158101320266724,0.8741302490234375,0.9840628504753113
How does the oil quantity differ between Maruyama oil and other 2-cycle oils for a 2.5-gallon mix?,"FUEL MIXTURE CHART:
Gasoline Maruyama 50:1 2-Cycle Oil Gasoline Other brands of 2-Cycle Oil
1 gallon 2.6 oz. 1 gallon 5.2 oz.
2 1/2 gallon 6.4 oz. 2 1/2 gallon 12.8 oz.
5 gallon 12.8 oz. 5 gallon 25.6 oz.
MIXING INSTRUCTIONS: Always mix fuel and oil in a clean container approved for gasoline.
Mark the container to identify it as fuel mix for the water pump. Use regular unleaded gasoline and
fill the container with half the required amount of gasoline. Pour the correct amount of oil into the
container then add the remaining amount of gasoline. Close the container tightly and shake it
momentarily to evenly mix the oil and the gasoline before filling the fuel tank on the water pump.
FILL MARK
GAS OIL GAS
+
HALF GASOLINE ADD OIL ADD REMAINING
GASOLINE
☑ SHAKE
(MIX OIL AND GASOLINE)
When refilling the fuel tank, clean around the fuel tank cap before removing it to prevent dirt and
debris from entering the tank during cap removal. Always shake the premix fuel container momentarily before filling the fuel tank.
Always use a spout or funnel when fueling to reduce fuel spillage. Only fill the tank to within 1/4
1/2 inch from the top of the tank. Avoid filling to the top of the tank filler neck.","Carburetor All position diaphragm Fuel Tank Capacity 2.1 Fuel Mixture Using MARUYAMA 2-cycle Engine Oil or any quality 2-cycle engine oil designed for use in air-cooled, high performance 2-cycle engines. Attachments (Standard) Flexible Pipe, Swivel Pipe Straight Pipe, End Pipe","designed for 2-stroke air-cooled engine. FUEL MIXTURE When using genuine Maruyama 2-Stroke Oil, or quality oil designed for stroke air-cooled engines, oil ratio is parts gasoline to part oil or",0.49084731936454773,0.47227784991264343,1.0091111660003662,1.0273481607437134
"Group the instructions into categories: preparation, mixing process, and fueling procedure.","FUEL MIXTURE CHART:
Gasoline Maruyama 50:1 2-Cycle Oil Gasoline Other brands of 2-Cycle Oil
1 gallon 2.6 oz. 1 gallon 5.2 oz.
2 1/2 gallon 6.4 oz. 2 1/2 gallon 12.8 oz.
5 gallon 12.8 oz. 5 gallon 25.6 oz.
MIXING INSTRUCTIONS: Always mix fuel and oil in a clean container approved for gasoline.
Mark the container to identify it as fuel mix for the water pump. Use regular unleaded gasoline and
fill the container with half the required amount of gasoline. Pour the correct amount of oil into the
container then add the remaining amount of gasoline. Close the container tightly and shake it
momentarily to evenly mix the oil and the gasoline before filling the fuel tank on the water pump.
FILL MARK
GAS OIL GAS
+
HALF GASOLINE ADD OIL ADD REMAINING
GASOLINE
☑ SHAKE
(MIX OIL AND GASOLINE)
When refilling the fuel tank, clean around the fuel tank cap before removing it to prevent dirt and
debris from entering the tank during cap removal. Always shake the premix fuel container momentarily before filling the fuel tank.
Always use a spout or funnel when fueling to reduce fuel spillage. Only fill the tank to within 1/4
1/2 inch from the top of the tank. Avoid filling to the top of the tank filler neck.",during cap removal. Always shake the premix fuel container momentarily before filling the fuel tank. Always use spout or funnel when fueling to reduce fuel spillage. Only fill the tank to within inch from the top the tank. Avoid filing to the top the tank filler neck. NOTE,"Ratios less the (for example, 100 1), reduce the amount lubrication to the internal moving parts the engine and can cause damage. MIXING INSTRUCTIONS Always mix fuel and oil in clean container approved for gasoline. Mark the container to",0.6179481744766235,0.5872998237609863,0.8741302490234375,0.9085153937339783
Why must the water pump always be primed with water before starting the engine?,"OPERATING THE WATER PUMP Remove the water inlet cap Fill the pump casing with priming water until it is full. Shake the equipment slightly so that trapped air is easily removed. 2. Fasten the cap tightly. WARNING: (1) Never start the engine without first priming the pump. If the engine is started without first priming the pump with water, the water pump mechanical seal will be permanently damaged. (2) Before running the engine, be sure to immerse the suction hose in the water. Running the engine with only priming water will cause the temperature of the priming water to rise, damaging the mechanical seal. 3. After the engine starts, the pump will gradually start suction. Once suction starts, let the pump run 2-3 minutes to warm up, and then operate it at the specified rpm setting. 4. To stop water pump operation, press the engine stop button. 5. When the engine is restarted, the pump will operate without priming, but the level of the water inside the casing must be checked before starting in the event that the suction hose end is exposed, the installation site is changed, or the pump has not been used for a long time.","starter grip until is at the fully returned position. STEP Warming the engine. When the engine has started, slowly move the CHOKE LEVER fully downward to the open position. Allow the engine to WARM-UP at less than speed. PRIMER BULB FUEL RETURN LINE STARTER GRIP","for lubrication. Failure to add oil to the gasoline or failure to mix oil with the gasoline at the appropriate ratio will cause major engine damage which will void your warranty. For your fuel premix, only use Maruyama 2-Stroke Oil or quality oil designed for 2-stroke air-cooled engine.",0.4549729824066162,0.05730418488383293,1.0440565347671509,1.3730956315994263
"Group the precautions and procedures into categories: before starting, during operation, and restarting.","OPERATING THE WATER PUMP Remove the water inlet cap Fill the pump casing with priming water until it is full. Shake the equipment slightly so that trapped air is easily removed. 2. Fasten the cap tightly. WARNING: (1) Never start the engine without first priming the pump. If the engine is started without first priming the pump with water, the water pump mechanical seal will be permanently damaged. (2) Before running the engine, be sure to immerse the suction hose in the water. Running the engine with only priming water will cause the temperature of the priming water to rise, damaging the mechanical seal. 3. After the engine starts, the pump will gradually start suction. Once suction starts, let the pump run 2-3 minutes to warm up, and then operate it at the specified rpm setting. 4. To stop water pump operation, press the engine stop button. 5. When the engine is restarted, the pump will operate without priming, but the level of the water inside the casing must be checked before starting in the event that the suction hose end is exposed, the installation site is changed, or the pump has not been used for a long time.","Make sure you read the Owner Operator Manual thoroughly prior to use. Wear protective gear. Wear protectors such hat, safety glasses, ear plugs during work. Cautions for high temperatures Muffler engine, fin cylinder, etc. are at high temperatures. Don touch them.",ASSEMBLY INSTRUCTIONS EMISSION CONTROL INFORMATION BEFORE OPERATION MAINTENANCE This symbol accompanied the words WARNING and DANGER,0.1738065779209137,0.08331990987062454,1.2854520082473755,1.3540163040161133
What does the requirement to “shake the equipment slightly” imply about trapped air’s effect on pump performance?,"OPERATING THE WATER PUMP Remove the water inlet cap Fill the pump casing with priming water until it is full. Shake the equipment slightly so that trapped air is easily removed. 2. Fasten the cap tightly. WARNING: (1) Never start the engine without first priming the pump. If the engine is started without first priming the pump with water, the water pump mechanical seal will be permanently damaged. (2) Before running the engine, be sure to immerse the suction hose in the water. Running the engine with only priming water will cause the temperature of the priming water to rise, damaging the mechanical seal. 3. After the engine starts, the pump will gradually start suction. Once suction starts, let the pump run 2-3 minutes to warm up, and then operate it at the specified rpm setting. 4. To stop water pump operation, press the engine stop button. 5. When the engine is restarted, the pump will operate without priming, but the level of the water inside the casing must be checked before starting in the event that the suction hose end is exposed, the installation site is changed, or the pump has not been used for a long time.","Check your equipment before operation, especially the muffler, air intakes, and air filters. Use rakes and brooms to loosen debris before blowing. In dusty conditions, slightly dampen surfaces when water is available.",during cap removal. Always shake the premix fuel container momentarily before filling the fuel tank. Always use spout or funnel when fueling to reduce fuel spillage. Only fill the tank to within inch from the top the tank. Avoid filing to the top the tank filler neck. NOTE,0.23197077214717865,0.4008256196975708,1.2393782138824463,1.0946911573410034
Why is a 2–3 minute warm-up period recommended after suction begins?,"OPERATING THE WATER PUMP Remove the water inlet cap Fill the pump casing with priming water until it is full. Shake the equipment slightly so that trapped air is easily removed. 2. Fasten the cap tightly. WARNING: (1) Never start the engine without first priming the pump. If the engine is started without first priming the pump with water, the water pump mechanical seal will be permanently damaged. (2) Before running the engine, be sure to immerse the suction hose in the water. Running the engine with only priming water will cause the temperature of the priming water to rise, damaging the mechanical seal. 3. After the engine starts, the pump will gradually start suction. Once suction starts, let the pump run 2-3 minutes to warm up, and then operate it at the specified rpm setting. 4. To stop water pump operation, press the engine stop button. 5. When the engine is restarted, the pump will operate without priming, but the level of the water inside the casing must be checked before starting in the event that the suction hose end is exposed, the installation site is changed, or the pump has not been used for a long time.","starter grip until is at the fully returned position. STEP Warming the engine. When the engine has started, slowly move the CHOKE LEVER fully downward to the open position. Allow the engine to WARM-UP at less than speed. PRIMER BULB FUEL RETURN LINE STARTER GRIP","Cleaning debris from intake guard. Never use the blower without the GUARD the blower. Before each use, check that the GUARD is attached in place and is free from any damage. POTENTIAL HAZARD Muffler surface becomes hot when Backpack blower is in operation and remains hot for some",0.4549729824066162,0.11609701067209244,1.0440565347671509,1.3295886516571045
List all the steps involved in starting and operating the water pump.,"OPERATING THE WATER PUMP Remove the water inlet cap Fill the pump casing with priming water until it is full. Shake the equipment slightly so that trapped air is easily removed. 2. Fasten the cap tightly. WARNING: (1) Never start the engine without first priming the pump. If the engine is started without first priming the pump with water, the water pump mechanical seal will be permanently damaged. (2) Before running the engine, be sure to immerse the suction hose in the water. Running the engine with only priming water will cause the temperature of the priming water to rise, damaging the mechanical seal. 3. After the engine starts, the pump will gradually start suction. Once suction starts, let the pump run 2-3 minutes to warm up, and then operate it at the specified rpm setting. 4. To stop water pump operation, press the engine stop button. 5. When the engine is restarted, the pump will operate without priming, but the level of the water inside the casing must be checked before starting in the event that the suction hose end is exposed, the installation site is changed, or the pump has not been used for a long time.","starter grip until is at the fully returned position. STEP Warming the engine. When the engine has started, slowly move the CHOKE LEVER fully downward to the open position. Allow the engine to WARM-UP at less than speed. PRIMER BULB FUEL RETURN LINE STARTER GRIP",FRAME with your right foot gently. Pull the STARTER GRIP briskly to start the engine. NOTE Only short pulls are necessary. Never pull the starter cord to its fullest extension. Never let the starter grip until is at the fully returned position. STEP Warming the engine.,0.4549729824066162,0.3939409852027893,1.0440565347671509,1.1009622812271118
How does the process differ between starting the pump for the first time and restarting it after previous use?,"OPERATING THE WATER PUMP
Remove the water inlet cap
Fill the pump casing with priming water until it is full.
Shake the equipment slightly so that trapped air is
easily removed.
2. Fasten the cap tightly.
WARNING: (1) Never start the engine without first priming the pump. If the engine is started
without first priming the pump with water, the water pump mechanical seal will
be permanently damaged.
(2) Before running the engine, be sure to immerse the suction hose in the water.
Running the engine with only priming water will cause the temperature of the
priming water to rise, damaging the mechanical seal.
3. After the engine starts, the pump will gradually start suction. Once suction starts, let the pump
run 2-3 minutes to warm up, and then operate it at the specified rpm setting.
4. To stop water pump operation, press the engine stop button.
5. When the engine is restarted, the pump will operate without priming, but the level of the water
inside the casing must be checked before starting in the event that the suction hose end is
exposed, the installation site is changed, or the pump has not been used for a long time.","OPERATING INSTRUCTIONS STARTING PROCEDURE STEP Set the LEVER at speed. If MARUYAMA engine fails to start after following the above procedures, contact authorized MARUYAMA dealer. STEP",from the fuel-return line. Start the engine and allow to run until stops. Pull the starter cord few times to remove any excess fuel from the engine. Remove the spark plug and insert small amount oil into the cylinder. Slowly pull the starter cord and bring the piston to,0.34793853759765625,0.36761415004730225,1.141982078552246,1.1246206760406494
Identify and list all actions that protect the pump’s mechanical seal.,"OPERATING THE WATER PUMP
Remove the water inlet cap
Fill the pump casing with priming water until it is full.
Shake the equipment slightly so that trapped air is
easily removed.
2. Fasten the cap tightly.
WARNING: (1) Never start the engine without first priming the pump. If the engine is started
without first priming the pump with water, the water pump mechanical seal will
be permanently damaged.
(2) Before running the engine, be sure to immerse the suction hose in the water.
Running the engine with only priming water will cause the temperature of the
priming water to rise, damaging the mechanical seal.
3. After the engine starts, the pump will gradually start suction. Once suction starts, let the pump
run 2-3 minutes to warm up, and then operate it at the specified rpm setting.
4. To stop water pump operation, press the engine stop button.
5. When the engine is restarted, the pump will operate without priming, but the level of the water
inside the casing must be checked before starting in the event that the suction hose end is
exposed, the installation site is changed, or the pump has not been used for a long time.","reading the Owner Operator Manual. Become familiar with the controls and know how to stop the engine quickly. Always use eye protection and hearing protection. Keep the area operation clear all persons, particularly small children and pets.","fasteners for correct tightness, and cleaning the entire machine. Contact authorized MARUYAMA dealer for additional maintenance suggestions. SCREW SCREW SPARK ARRESTER GUARD POTENTIAL HAZARD When engine is running, fan is rotating and other parts are moving. WHAT CAN HAPPEN",0.28815653920173645,0.1739371120929718,1.1931835412979126,1.2853504419326782
What steps must an operator follow before starting the engine to ensure proper pump operation?,"OPERATING THE WATER PUMP
Remove the water inlet cap
Fill the pump casing with priming water until it is full.
Shake the equipment slightly so that trapped air is
easily removed.
2. Fasten the cap tightly.
WARNING: (1) Never start the engine without first priming the pump. If the engine is started
without first priming the pump with water, the water pump mechanical seal will
be permanently damaged.
(2) Before running the engine, be sure to immerse the suction hose in the water.
Running the engine with only priming water will cause the temperature of the
priming water to rise, damaging the mechanical seal.
3. After the engine starts, the pump will gradually start suction. Once suction starts, let the pump
run 2-3 minutes to warm up, and then operate it at the specified rpm setting.
4. To stop water pump operation, press the engine stop button.
5. When the engine is restarted, the pump will operate without priming, but the level of the water
inside the casing must be checked before starting in the event that the suction hose end is
exposed, the installation site is changed, or the pump has not been used for a long time.","reading the Owner Operator Manual. Become familiar with the controls and know how to stop the engine quickly. Always use eye protection and hearing protection. Keep the area operation clear all persons, particularly small children and pets.","OPERATING INSTRUCTIONS STARTING PROCEDURE STEP Set the LEVER at speed. If MARUYAMA engine fails to start after following the above procedures, contact authorized MARUYAMA dealer. STEP",0.28815653920173645,0.34793853759765625,1.1931835412979126,1.141982078552246
What core principle is emphasized throughout these operating instructions?,"OPERATING THE WATER PUMP
Remove the water inlet cap
Fill the pump casing with priming water until it is full.
Shake the equipment slightly so that trapped air is
easily removed.
2. Fasten the cap tightly.
WARNING: (1) Never start the engine without first priming the pump. If the engine is started
without first priming the pump with water, the water pump mechanical seal will
be permanently damaged.
(2) Before running the engine, be sure to immerse the suction hose in the water.
Running the engine with only priming water will cause the temperature of the
priming water to rise, damaging the mechanical seal.
3. After the engine starts, the pump will gradually start suction. Once suction starts, let the pump
run 2-3 minutes to warm up, and then operate it at the specified rpm setting.
4. To stop water pump operation, press the engine stop button.
5. When the engine is restarted, the pump will operate without priming, but the level of the water
inside the casing must be checked before starting in the event that the suction hose end is
exposed, the installation site is changed, or the pump has not been used for a long time.","reading the Owner Operator Manual. Become familiar with the controls and know how to stop the engine quickly. Always use eye protection and hearing protection. Keep the area operation clear all persons, particularly small children and pets.",symbols or key words. The following is explanation those symbols and key words and what they mean to you. FOREWORD OPERATING INSTRUCTIONS Warning label,0.28815653920173645,0.12452086806297302,1.1931835412979126,1.3232377767562866
What could happen if the pump runs with only priming water and the suction hose is not immersed in water?,"OPERATING THE WATER PUMP
Remove the water inlet cap
Fill the pump casing with priming water until it is full.
Shake the equipment slightly so that trapped air is
easily removed.
2. Fasten the cap tightly.
WARNING: (1) Never start the engine without first priming the pump. If the engine is started
without first priming the pump with water, the water pump mechanical seal will
be permanently damaged.
(2) Before running the engine, be sure to immerse the suction hose in the water.
Running the engine with only priming water will cause the temperature of the
priming water to rise, damaging the mechanical seal.
3. After the engine starts, the pump will gradually start suction. Once suction starts, let the pump
run 2-3 minutes to warm up, and then operate it at the specified rpm setting.
4. To stop water pump operation, press the engine stop button.
5. When the engine is restarted, the pump will operate without priming, but the level of the water
inside the casing must be checked before starting in the event that the suction hose end is
exposed, the installation site is changed, or the pump has not been used for a long time.","STEP Pump the PRIMER BULB under the carburetor until fuel can seen flowing through the FUEL-RETURN LINE STEP Move the CHOKE LEVER fully upward to the closed position. If the engine is already warm, only partial or open (no choke) choke setting may required.","for lubrication. Failure to add oil to the gasoline or failure to mix oil with the gasoline at the appropriate ratio will cause major engine damage which will void your warranty. For your fuel premix, only use Maruyama 2-Stroke Oil or quality oil designed for 2-stroke air-cooled engine.",0.48126012086868286,0.05730418488383293,1.0185675621032715,1.3730956315994263
How should an operator start a warm engine or when the temperature exceeds 70°F (20°C)?,"STARTING AND STOPPING PROCEDURE
Before Starting The Engine: Fill the fuel tank as instructed in the BEFORE OPERATION section
and prime the water pump as instructed in the operating The Water Pump section of this manual.
To Start Engine:
Step #1) Pump the primer-bulb at the bottom of
the carburetor until fuel can be seen
flowing thorough the fuel-return line to
the fuel tank. (Flowing fuel should be
clear, not foamy or full of bubbles.) INTAKE
PUMP
PRIMER BULB FUEL-RETURN LINE
Step #2) Turn the choke lever to the close position.
PULL TO START
CHOKE LEVER
Step #3) With the stop switch ""ON"", and the
throttle lever positioned at IDLE, pull the
starter cord. After the engine is started,
turn the choke lever to the Open position.
IDLE POSITION
ON
FULL
OFF THROTTLE
POSITION
STOP
SWITCH THROTTLE LEVER
For starting an engine that is already warmed-up (hot restart), or if the ambient temperature
exceeds 70°F (20°C), turn the choke lever to the Open position, and perform Steps #1) and #3).
(If a MARUYAMA engine fails to start after following the above procedures, contact an authorized
MARUYAMA dealer.)
To Stop The Engine:
1. Move throttle lever to the idle position.
2. Move the stop switch to the ""OFF"" position.","Make sure you read the Owner Operator Manual thoroughly prior to use. Wear protective gear. Wear protectors such hat, safety glasses, ear plugs during work. Cautions for high temperatures Muffler engine, fin cylinder, etc. are at high temperatures. Don touch them.","starter grip until is at the fully returned position. STEP Warming the engine. When the engine has started, slowly move the CHOKE LEVER fully downward to the open position. Allow the engine to WARM-UP at less than speed. PRIMER BULB FUEL RETURN LINE STARTER GRIP",0.21003201603889465,0.6443756222724915,1.2569550275802612,0.8433557152748108
List all steps required to start a cold engine.,"STARTING AND STOPPING PROCEDURE
Before Starting The Engine: Fill the fuel tank as instructed in the BEFORE OPERATION section
and prime the water pump as instructed in the operating The Water Pump section of this manual.
To Start Engine:
Step #1) Pump the primer-bulb at the bottom of
the carburetor until fuel can be seen
flowing thorough the fuel-return line to
the fuel tank. (Flowing fuel should be
clear, not foamy or full of bubbles.) INTAKE
PUMP
PRIMER BULB FUEL-RETURN LINE
Step #2) Turn the choke lever to the close position.
PULL TO START
CHOKE LEVER
Step #3) With the stop switch ""ON"", and the
throttle lever positioned at IDLE, pull the
starter cord. After the engine is started,
turn the choke lever to the Open position.
IDLE POSITION
ON
FULL
OFF THROTTLE
POSITION
STOP
SWITCH THROTTLE LEVER
For starting an engine that is already warmed-up (hot restart), or if the ambient temperature
exceeds 70°F (20°C), turn the choke lever to the Open position, and perform Steps #1) and #3).
(If a MARUYAMA engine fails to start after following the above procedures, contact an authorized
MARUYAMA dealer.)
To Stop The Engine:
1. Move throttle lever to the idle position.
2. Move the stop switch to the ""OFF"" position.",FRAME with your right foot gently. Pull the STARTER GRIP briskly to start the engine. NOTE Only short pulls are necessary. Never pull the starter cord to its fullest extension. Never let the starter grip until is at the fully returned position. STEP Warming the engine.,"starter grip until is at the fully returned position. STEP Warming the engine. When the engine has started, slowly move the CHOKE LEVER fully downward to the open position. Allow the engine to WARM-UP at less than speed. PRIMER BULB FUEL RETURN LINE STARTER GRIP",0.5239211320877075,0.6443756222724915,0.9757856726646423,0.8433557152748108
What does the inclusion of a primer bulb and fuel-return line suggest about the pump’s fuel system?,"STARTING AND STOPPING PROCEDURE
Before Starting The Engine: Fill the fuel tank as instructed in the BEFORE OPERATION section
and prime the water pump as instructed in the operating The Water Pump section of this manual.
To Start Engine:
Step #1) Pump the primer-bulb at the bottom of
the carburetor until fuel can be seen
flowing thorough the fuel-return line to
the fuel tank. (Flowing fuel should be
clear, not foamy or full of bubbles.) INTAKE
PUMP
PRIMER BULB FUEL-RETURN LINE
Step #2) Turn the choke lever to the close position.
PULL TO START
CHOKE LEVER
Step #3) With the stop switch ""ON"", and the
throttle lever positioned at IDLE, pull the
starter cord. After the engine is started,
turn the choke lever to the Open position.
IDLE POSITION
ON
FULL
OFF THROTTLE
POSITION
STOP
SWITCH THROTTLE LEVER
For starting an engine that is already warmed-up (hot restart), or if the ambient temperature
exceeds 70°F (20°C), turn the choke lever to the Open position, and perform Steps #1) and #3).
(If a MARUYAMA engine fails to start after following the above procedures, contact an authorized
MARUYAMA dealer.)
To Stop The Engine:
1. Move throttle lever to the idle position.
2. Move the stop switch to the ""OFF"" position.
",speed. PRIMER BULB FUEL RETURN LINE STARTER GRIP FRAME,"STEP Pump the PRIMER BULB under the carburetor until fuel can seen flowing through the FUEL-RETURN LINE STEP Move the CHOKE LEVER fully upward to the closed position. If the engine is already warm, only partial or open (no choke) choke setting may required.",0.2937006950378418,0.7168195247650146,1.1885279417037964,0.7525696158409119
Why must fuel in the fuel-return line be clear and not foamy or full of bubbles?,"STARTING AND STOPPING PROCEDURE
Before Starting The Engine: Fill the fuel tank as instructed in the BEFORE OPERATION section
and prime the water pump as instructed in the operating The Water Pump section of this manual.
To Start Engine:
Step #1) Pump the primer-bulb at the bottom of
the carburetor until fuel can be seen
flowing thorough the fuel-return line to
the fuel tank. (Flowing fuel should be
clear, not foamy or full of bubbles.) INTAKE
PUMP
PRIMER BULB FUEL-RETURN LINE
Step #2) Turn the choke lever to the close position.
PULL TO START
CHOKE LEVER
Step #3) With the stop switch ""ON"", and the
throttle lever positioned at IDLE, pull the
starter cord. After the engine is started,
turn the choke lever to the Open position.
IDLE POSITION
ON
FULL
OFF THROTTLE
POSITION
STOP
SWITCH THROTTLE LEVER
For starting an engine that is already warmed-up (hot restart), or if the ambient temperature
exceeds 70°F (20°C), turn the choke lever to the Open position, and perform Steps #1) and #3).
(If a MARUYAMA engine fails to start after following the above procedures, contact an authorized
MARUYAMA dealer.)
To Stop The Engine:
1. Move throttle lever to the idle position.
2. Move the stop switch to the ""OFF"" position.","STEP Pump the PRIMER BULB under the carburetor until fuel can seen flowing through the FUEL-RETURN LINE STEP Move the CHOKE LEVER fully upward to the closed position. If the engine is already warm, only partial or open (no choke) choke setting may required.",from the fuel-return line. Start the engine and allow to run until stops. Pull the starter cord few times to remove any excess fuel from the engine. Remove the spark plug and insert small amount oil into the cylinder. Slowly pull the starter cord and bring the piston to,0.7168195247650146,0.5766716003417969,0.7525696158409119,0.9201396703720093
"Group the starting procedure into categories: fuel preparation, engine settings, and ignition.","STARTING AND STOPPING PROCEDURE
Before Starting The Engine: Fill the fuel tank as instructed in the BEFORE OPERATION section
and prime the water pump as instructed in the operating The Water Pump section of this manual.
To Start Engine:
Step #1) Pump the primer-bulb at the bottom of
the carburetor until fuel can be seen
flowing thorough the fuel-return line to
the fuel tank. (Flowing fuel should be
clear, not foamy or full of bubbles.) INTAKE
PUMP
PRIMER BULB FUEL-RETURN LINE
Step #2) Turn the choke lever to the close position.
PULL TO START
CHOKE LEVER
Step #3) With the stop switch ""ON"", and the
throttle lever positioned at IDLE, pull the
starter cord. After the engine is started,
turn the choke lever to the Open position.
IDLE POSITION
ON
FULL
OFF THROTTLE
POSITION
STOP
SWITCH THROTTLE LEVER
For starting an engine that is already warmed-up (hot restart), or if the ambient temperature
exceeds 70°F (20°C), turn the choke lever to the Open position, and perform Steps #1) and #3).
(If a MARUYAMA engine fails to start after following the above procedures, contact an authorized
MARUYAMA dealer.)
To Stop The Engine:
1. Move throttle lever to the idle position.
2. Move the stop switch to the ""OFF"" position.",-Move at least 10ft (3m) away from the fueling point before starting engine. -Always store gasoline in approved container. Operating techniques Operate power equipment only at reasonable hours not early in the morning or late at night when people might,from the fuel-return line. Start the engine and allow to run until stops. Pull the starter cord few times to remove any excess fuel from the engine. Remove the spark plug and insert small amount oil into the cylinder. Slowly pull the starter cord and bring the piston to,0.41189202666282654,0.5766716003417969,1.0845348834991455,0.9201396703720093
How does the starting procedure differ between a cold engine and a warm engine?,"STARTING AND STOPPING PROCEDURE
Before Starting The Engine: Fill the fuel tank as instructed in the BEFORE OPERATION section
and prime the water pump as instructed in the operating The Water Pump section of this manual.
To Start Engine:
Step #1) Pump the primer-bulb at the bottom of
the carburetor until fuel can be seen
flowing thorough the fuel-return line to
the fuel tank. (Flowing fuel should be
clear, not foamy or full of bubbles.) INTAKE
PUMP
PRIMER BULB FUEL-RETURN LINE
Step #2) Turn the choke lever to the close position.
PULL TO START
CHOKE LEVER
Step #3) With the stop switch ""ON"", and the
throttle lever positioned at IDLE, pull the
starter cord. After the engine is started,
turn the choke lever to the Open position.
IDLE POSITION
ON
FULL
OFF THROTTLE
POSITION
STOP
SWITCH THROTTLE LEVER
For starting an engine that is already warmed-up (hot restart), or if the ambient temperature
exceeds 70°F (20°C), turn the choke lever to the Open position, and perform Steps #1) and #3).
(If a MARUYAMA engine fails to start after following the above procedures, contact an authorized
MARUYAMA dealer.)
To Stop The Engine:
1. Move throttle lever to the idle position.
2. Move the stop switch to the ""OFF"" position.","starter grip until is at the fully returned position. STEP Warming the engine. When the engine has started, slowly move the CHOKE LEVER fully downward to the open position. Allow the engine to WARM-UP at less than speed. PRIMER BULB FUEL RETURN LINE STARTER GRIP",FRAME with your right foot gently. Pull the STARTER GRIP briskly to start the engine. NOTE Only short pulls are necessary. Never pull the starter cord to its fullest extension. Never let the starter grip until is at the fully returned position. STEP Warming the engine.,0.6443756222724915,0.5239211320877075,0.8433557152748108,0.9757856726646423
What could be the consequence of forgetting to switch the choke lever to the Open position after the engine starts?,"STARTING AND STOPPING PROCEDURE
Before Starting The Engine: Fill the fuel tank as instructed in the BEFORE OPERATION section
and prime the water pump as instructed in the operating The Water Pump section of this manual.
To Start Engine:
Step #1) Pump the primer-bulb at the bottom of
the carburetor until fuel can be seen
flowing thorough the fuel-return line to
the fuel tank. (Flowing fuel should be
clear, not foamy or full of bubbles.) INTAKE
PUMP
PRIMER BULB FUEL-RETURN LINE
Step #2) Turn the choke lever to the close position.
PULL TO START
CHOKE LEVER
Step #3) With the stop switch ""ON"", and the
throttle lever positioned at IDLE, pull the
starter cord. After the engine is started,
turn the choke lever to the Open position.
IDLE POSITION
ON
FULL
OFF THROTTLE
POSITION
STOP
SWITCH THROTTLE LEVER
For starting an engine that is already warmed-up (hot restart), or if the ambient temperature
exceeds 70°F (20°C), turn the choke lever to the Open position, and perform Steps #1) and #3).
(If a MARUYAMA engine fails to start after following the above procedures, contact an authorized
MARUYAMA dealer.)
To Stop The Engine:
1. Move throttle lever to the idle position.
2. Move the stop switch to the ""OFF"" position.","starter grip until is at the fully returned position. STEP Warming the engine. When the engine has started, slowly move the CHOKE LEVER fully downward to the open position. Allow the engine to WARM-UP at less than speed. PRIMER BULB FUEL RETURN LINE STARTER GRIP",(no choke) choke setting may required. CHOKE LEVER OPEN OPEN CLOSE CHOKE LEVER IDLE SPEED HIGH SPEED LEVER STEP Press down the AIR FILTER COVER and hold the FRAME with your right foot gently. Pull the STARTER GRIP briskly to start the engine.,0.6443756222724915,0.6503985524177551,0.8433557152748108,0.8361833691596985
Identify and list all steps involved in stopping the engine,"STARTING AND STOPPING PROCEDURE
Before Starting The Engine: Fill the fuel tank as instructed in the BEFORE OPERATION section
and prime the water pump as instructed in the operating The Water Pump section of this manual.
To Start Engine:
Step #1) Pump the primer-bulb at the bottom of
the carburetor until fuel can be seen
flowing thorough the fuel-return line to
the fuel tank. (Flowing fuel should be
clear, not foamy or full of bubbles.) INTAKE
PUMP
PRIMER BULB FUEL-RETURN LINE
Step #2) Turn the choke lever to the close position.
PULL TO START
CHOKE LEVER
Step #3) With the stop switch ""ON"", and the
throttle lever positioned at IDLE, pull the
starter cord. After the engine is started,
turn the choke lever to the Open position.
IDLE POSITION
ON
FULL
OFF THROTTLE
POSITION
STOP
SWITCH THROTTLE LEVER
For starting an engine that is already warmed-up (hot restart), or if the ambient temperature
exceeds 70°F (20°C), turn the choke lever to the Open position, and perform Steps #1) and #3).
(If a MARUYAMA engine fails to start after following the above procedures, contact an authorized
MARUYAMA dealer.)
To Stop The Engine:
1. Move throttle lever to the idle position.
2. Move the stop switch to the ""OFF"" position.","covered warranty. STOPPING THE ENGINE Always run the engine at idle speed for few minutes to allow cooling before stopping. To stop the engine, push the stop button. REGULAR MAINTENANCE","1.Shutting Engine Off Before shutting the engine off, allow to idle for short while. Never stop the engine closing the choke. Never stop the engine during operation while running above idle speed. 2.Transporting and Storage",0.3555724620819092,0.5440754890441895,1.135277509689331,0.9549078345298767
Why is it important to keep the throttle lever at IDLE during starting and stopping?,"STARTING AND STOPPING PROCEDURE
Before Starting The Engine: Fill the fuel tank as instructed in the BEFORE OPERATION section
and prime the water pump as instructed in the operating The Water Pump section of this manual.
To Start Engine:
Step #1) Pump the primer-bulb at the bottom of
the carburetor until fuel can be seen
flowing thorough the fuel-return line to
the fuel tank. (Flowing fuel should be
clear, not foamy or full of bubbles.) INTAKE
PUMP
PRIMER BULB FUEL-RETURN LINE
Step #2) Turn the choke lever to the close position.
PULL TO START
CHOKE LEVER
Step #3) With the stop switch ""ON"", and the
throttle lever positioned at IDLE, pull the
starter cord. After the engine is started,
turn the choke lever to the Open position.
IDLE POSITION
ON
FULL
OFF THROTTLE
POSITION
STOP
SWITCH THROTTLE LEVER
For starting an engine that is already warmed-up (hot restart), or if the ambient temperature
exceeds 70°F (20°C), turn the choke lever to the Open position, and perform Steps #1) and #3).
(If a MARUYAMA engine fails to start after following the above procedures, contact an authorized
MARUYAMA dealer.)
To Stop The Engine:
1. Move throttle lever to the idle position.
2. Move the stop switch to the ""OFF"" position.","The highest position lever is IDLE setting, and the lowest position is the FULL THROTTLE setting. RECOMMENDED FUEL TYPE Use clean, fresh lead-free gasoline with octane rating or higher. To ensure freshness, purchase only the quantity","1.Shutting Engine Off Before shutting the engine off, allow to idle for short while. Never stop the engine closing the choke. Never stop the engine during operation while running above idle speed. 2.Transporting and Storage",0.3884643316268921,0.5440754890441895,1.1059255599975586,0.9549078345298767
What key elements are emphasized for safe and effective engine starting?,"STARTING AND STOPPING PROCEDURE
Before Starting The Engine: Fill the fuel tank as instructed in the BEFORE OPERATION section
and prime the water pump as instructed in the operating The Water Pump section of this manual.
To Start Engine:
Step #1) Pump the primer-bulb at the bottom of
the carburetor until fuel can be seen
flowing thorough the fuel-return line to
the fuel tank. (Flowing fuel should be
clear, not foamy or full of bubbles.) INTAKE
PUMP
PRIMER BULB FUEL-RETURN LINE
Step #2) Turn the choke lever to the close position.
PULL TO START
CHOKE LEVER
Step #3) With the stop switch ""ON"", and the
throttle lever positioned at IDLE, pull the
starter cord. After the engine is started,
turn the choke lever to the Open position.
IDLE POSITION
ON
FULL
OFF THROTTLE
POSITION
STOP
SWITCH THROTTLE LEVER
For starting an engine that is already warmed-up (hot restart), or if the ambient temperature
exceeds 70°F (20°C), turn the choke lever to the Open position, and perform Steps #1) and #3).
(If a MARUYAMA engine fails to start after following the above procedures, contact an authorized
MARUYAMA dealer.)
To Stop The Engine:
1. Move throttle lever to the idle position.
2. Move the stop switch to the ""OFF"" position.",-Move at least 10ft (3m) away from the fueling point before starting engine. -Always store gasoline in approved container. Operating techniques Operate power equipment only at reasonable hours not early in the morning or late at night when people might,FRAME with your right foot gently. Pull the STARTER GRIP briskly to start the engine. NOTE Only short pulls are necessary. Never pull the starter cord to its fullest extension. Never let the starter grip until is at the fully returned position. STEP Warming the engine.,0.41189202666282654,0.5239211320877075,1.0845348834991455,0.9757856726646423
Why is it dangerous to adjust idle speed when the pump housing is empty?,"CARBURETOR ADJUSTMENT
This water pump is equipped with non-adjustable fuel mixture carburetor. The engine idle speed is
the only adjustment accessible to the Operator.
CAUTION:
Engine Idle Speed:
The water pump impeller is spinning during idle speed adjustment.
Never start the engine without water in the pump housing.
Running the engine without water in the pump housing will cause serious
damage.
The engine idle speed should be 2,700-3,300
rpm.
The engine idle speed is adjusted by rotating
the idle speed screw on the carburetor.
Turning the idle speed screw in (clockwise)
increase engine speed while turning the screw
out decreases engine speed.
","ADJUSTMENT IDLING SPEED ADJUSTMENT Idle speed is the only available adjustment. not tamper with the carburetor setting to increase the maximum engine speed. If adjustment is needed, have performed your authorized MARUYAMA service dealer.","The highest position lever is IDLE setting, and the lowest position is the FULL THROTTLE setting. RECOMMENDED FUEL TYPE Use clean, fresh lead-free gasoline with octane rating or higher. To ensure freshness, purchase only the quantity",0.6194106936454773,0.4169245958328247,0.8724555373191833,1.079884648323059
Summarize the function and limitations of the carburetor in this pump.,"CARBURETOR ADJUSTMENT
This water pump is equipped with non-adjustable fuel mixture carburetor. The engine idle speed is
the only adjustment accessible to the Operator.
CAUTION:
Engine Idle Speed:
The water pump impeller is spinning during idle speed adjustment.
Never start the engine without water in the pump housing.
Running the engine without water in the pump housing will cause serious
damage.
The engine idle speed should be 2,700-3,300
rpm.
The engine idle speed is adjusted by rotating
the idle speed screw on the carburetor.
Turning the idle speed screw in (clockwise)
increase engine speed while turning the screw
out decreases engine speed.","If adjustment is needed, have performed your authorized MARUYAMA service dealer. Carburetor adjustments are made at the factory and are not adjustable without disassembling the carburetor. MAINTENANCE PERIODIC MAINTENANCE CHART","Carburetor All position diaphragm Fuel Tank Capacity 2.1 Fuel Mixture Using MARUYAMA 2-cycle Engine Oil or any quality 2-cycle engine oil designed for use in air-cooled, high performance 2-cycle engines. Attachments (Standard) Flexible Pipe, Swivel Pipe Straight Pipe, End Pipe",0.48402076959609985,0.5219473242759705,1.0158536434173584,0.9778064489364624
What does the phrase “non-adjustable fuel mixture carburetor” imply for routine maintenance?,"CARBURETOR ADJUSTMENT
This water pump is equipped with non-adjustable fuel mixture carburetor. The engine idle speed is
the only adjustment accessible to the Operator.
CAUTION:
Engine Idle Speed:
The water pump impeller is spinning during idle speed adjustment.
Never start the engine without water in the pump housing.
Running the engine without water in the pump housing will cause serious
damage.
The engine idle speed should be 2,700-3,300
rpm.
The engine idle speed is adjusted by rotating
the idle speed screw on the carburetor.
Turning the idle speed screw in (clockwise)
increase engine speed while turning the screw
out decreases engine speed.","If adjustment is needed, have performed your authorized MARUYAMA service dealer. Carburetor adjustments are made at the factory and are not adjustable without disassembling the carburetor. MAINTENANCE PERIODIC MAINTENANCE CHART","period time listed above provided there has been abuse, neglect or improper maintenance your small off-road engine. Your emission control system may include parts such the carburetor or fuel injection system, the ignition system, fuel",0.48402076959609985,0.21193835139274597,1.0158536434173584,1.2554374933242798
Why might the manufacturer provide only idle speed adjustment and not full fuel mixture control?,"CARBURETOR ADJUSTMENT
This water pump is equipped with non-adjustable fuel mixture carburetor. The engine idle speed is
the only adjustment accessible to the Operator.
CAUTION:
Engine Idle Speed:
The water pump impeller is spinning during idle speed adjustment.
Never start the engine without water in the pump housing.
Running the engine without water in the pump housing will cause serious
damage.
The engine idle speed should be 2,700-3,300
rpm.
The engine idle speed is adjusted by rotating
the idle speed screw on the carburetor.
Turning the idle speed screw in (clockwise)
increase engine speed while turning the screw
out decreases engine speed.","ADJUSTMENT IDLING SPEED ADJUSTMENT Idle speed is the only available adjustment. not tamper with the carburetor setting to increase the maximum engine speed. If adjustment is needed, have performed your authorized MARUYAMA service dealer.","The highest position lever is IDLE setting, and the lowest position is the FULL THROTTLE setting. RECOMMENDED FUEL TYPE Use clean, fresh lead-free gasoline with octane rating or higher. To ensure freshness, purchase only the quantity",0.6194106936454773,0.4169245958328247,0.8724555373191833,1.079884648323059
List the range of acceptable engine idle speeds and describe how to maintain it.,"CARBURETOR ADJUSTMENT
This water pump is equipped with non-adjustable fuel mixture carburetor. The engine idle speed is
the only adjustment accessible to the Operator.
CAUTION:
Engine Idle Speed:
The water pump impeller is spinning during idle speed adjustment.
Never start the engine without water in the pump housing.
Running the engine without water in the pump housing will cause serious
damage.
The engine idle speed should be 2,700-3,300
rpm.
The engine idle speed is adjusted by rotating
the idle speed screw on the carburetor.
Turning the idle speed screw in (clockwise)
increase engine speed while turning the screw
out decreases engine speed.","ADJUSTMENT IDLING SPEED ADJUSTMENT Idle speed is the only available adjustment. not tamper with the carburetor setting to increase the maximum engine speed. If adjustment is needed, have performed your authorized MARUYAMA service dealer.","covered warranty. STOPPING THE ENGINE Always run the engine at idle speed for few minutes to allow cooling before stopping. To stop the engine, push the stop button. REGULAR MAINTENANCE",0.6194106936454773,0.23341819643974304,0.8724555373191833,1.238209843635559
What should you do immediately after using the pump with muddy water to ensure long-term performance?,"PUMP
REGULAR MAINTENANCE
1. After the pump has been used with muddy water, be sure to run it with clean water for a few
minutes to clean the interior of the pump before stopping operation.
2. Where outside temperatures drop to freezing or below, be sure to drain all water from the
pump before storage.
3. When the unit is not to be used for a long period of time, clean the pump interior thoroughly,
remove all remaining moisture, and then store it covered in a dry, cool, dark place.
AIR FILTER
Maintenance Interval: The air filter should be cleaned daily or more often when working in
extremely dusty conditions and replaced after every 100 hours of operation.
Maintenance: Dismantle the air filter cover
and remove the foam filter. Clean the filter with
warm, soapy water. Let the filter completely
dry. Lightly apply SAE 30 motor oil to the foam
filter and squeeze out all excess oil.
Reassemble the filter and filter cover.","Check your equipment before operation, especially the muffler, air intakes, and air filters. Use rakes and brooms to loosen debris before blowing. In dusty conditions, slightly dampen surfaces when water is available.","GENERAL CLEANING AND TIGHTENING The MARUYAMA Backpack blower will provide maximum performance for many hours, if is maintained properly. Good maintenance includes regular checking all fasteners for correct tightness, and cleaning the entire",0.45729947090148926,0.39228445291519165,1.041825771331787,1.1024659872055054
 What is the risk if water is left in the pump during freezing temperatures?,"PUMP
REGULAR MAINTENANCE
1. After the pump has been used with muddy water, be sure to run it with clean water for a few
minutes to clean the interior of the pump before stopping operation.
2. Where outside temperatures drop to freezing or below, be sure to drain all water from the
pump before storage.
3. When the unit is not to be used for a long period of time, clean the pump interior thoroughly,
remove all remaining moisture, and then store it covered in a dry, cool, dark place.
AIR FILTER
Maintenance Interval: The air filter should be cleaned daily or more often when working in
extremely dusty conditions and replaced after every 100 hours of operation.
Maintenance: Dismantle the air filter cover
and remove the foam filter. Clean the filter with
warm, soapy water. Let the filter completely
dry. Lightly apply SAE 30 motor oil to the foam
filter and squeeze out all excess oil.
Reassemble the filter and filter cover.","Air must flow freely around and through the cylinder cooling fins to prevent engine overheating. Leaves, grass, dirt and debris buildup on the fins will increase the operating temperature the engine, which can reduce engine performance and shorten engine life. FUEL FILTER","Make sure you read the Owner Operator Manual thoroughly prior to use. Wear protective gear. Wear protectors such hat, safety glasses, ear plugs during work. Cautions for high temperatures Muffler engine, fin cylinder, etc. are at high temperatures. Don touch them.",0.26116234064102173,0.28677278757095337,1.2155967950820923,1.1943427324295044
" Why is it important to remove all moisture from the pump before long-term storage?
","PUMP
REGULAR MAINTENANCE
1. After the pump has been used with muddy water, be sure to run it with clean water for a few
minutes to clean the interior of the pump before stopping operation.
2. Where outside temperatures drop to freezing or below, be sure to drain all water from the
pump before storage.
3. When the unit is not to be used for a long period of time, clean the pump interior thoroughly,
remove all remaining moisture, and then store it covered in a dry, cool, dark place.
AIR FILTER
Maintenance Interval: The air filter should be cleaned daily or more often when working in
extremely dusty conditions and replaced after every 100 hours of operation.
Maintenance: Dismantle the air filter cover
and remove the foam filter. Clean the filter with
warm, soapy water. Let the filter completely
dry. Lightly apply SAE 30 motor oil to the foam
filter and squeeze out all excess oil.
Reassemble the filter and filter cover.","STORAGE For long-term storage the Backpack blower, first perform all regular maintenance procedures and needed repairs. Empty the fuel tank. Disconnect the fuel supply line from the carburetor and depress the primer bulb until fuel stops discharging from the fuel-return line.",position closest to the spark plug hole. Re-install the spark plug. Apply thin coating oil to all the metal surfaces and store the Backpack blower in dry place. EMISSION CONTROL INFORMATION FUEL INFORMATION,0.3549119830131531,0.21534165740013123,1.1358592510223389,1.2527238130569458
" How often should the air filter be replaced, and what factors might make you clean it more frequently?","PUMP
REGULAR MAINTENANCE
1. After the pump has been used with muddy water, be sure to run it with clean water for a few
minutes to clean the interior of the pump before stopping operation.
2. Where outside temperatures drop to freezing or below, be sure to drain all water from the
pump before storage.
3. When the unit is not to be used for a long period of time, clean the pump interior thoroughly,
remove all remaining moisture, and then store it covered in a dry, cool, dark place.
AIR FILTER
Maintenance Interval: The air filter should be cleaned daily or more often when working in
extremely dusty conditions and replaced after every 100 hours of operation.
Maintenance: Dismantle the air filter cover
and remove the foam filter. Clean the filter with
warm, soapy water. Let the filter completely
dry. Lightly apply SAE 30 motor oil to the foam
filter and squeeze out all excess oil.
Reassemble the filter and filter cover.","AIR FILTER Maintenance Interval The air filter should cleaned and inspected each time the Backpack blower is used, or more often when working in extremely dusty conditions. Replace after every 100 hours operation. Air Filter Cleaning",extremely dusty conditions. Replace after every 100 hours operation. Air Filter Cleaning Move the choke lever to the closed position. Loosen the knob and remove the air cleaner cover. Remove the FOAM FILTER and AIR FILTER (PAPER) from the air cleaner body.,0.5516101121902466,0.5973949432373047,0.946984589099884,0.8973350524902344
 Describe the complete procedure to clean and reassemble the air filter.,"PUMP
REGULAR MAINTENANCE
1. After the pump has been used with muddy water, be sure to run it with clean water for a few
minutes to clean the interior of the pump before stopping operation.
2. Where outside temperatures drop to freezing or below, be sure to drain all water from the
pump before storage.
3. When the unit is not to be used for a long period of time, clean the pump interior thoroughly,
remove all remaining moisture, and then store it covered in a dry, cool, dark place.
AIR FILTER
Maintenance Interval: The air filter should be cleaned daily or more often when working in
extremely dusty conditions and replaced after every 100 hours of operation.
Maintenance: Dismantle the air filter cover
and remove the foam filter. Clean the filter with
warm, soapy water. Let the filter completely
dry. Lightly apply SAE 30 motor oil to the foam
filter and squeeze out all excess oil.
Reassemble the filter and filter cover.",before using again. AIR FILTER (PAPER) Clean AIR FILTER (PAPER) gently tapping. Replace filter if is damaged or very dirty. Reassemble components in reverse order. Reinstall the air cleaner cover and tighten the knob. FILTER CASE AIR FILTER (PAPER) FOAM FILTER,Remove the FOAM FILTER and AIR FILTER (PAPER) from the air cleaner body. Clean the filter. FOAM FILTER Clean FOAM FILTER gently tapping or cleaning with suitable solvent the filter. Then completely dry before using again. AIR FILTER (PAPER),0.6056712865829468,0.7084054946899414,0.888063907623291,0.7636682391166687
What precautions must be taken before replacing the fuel filter in the water pump?,"FUEL FILTER
Maintenance Interval: The fuel filter should be replaced after every 100 hours of operation.
Maintenance: The fuel filter is attached to the end of the fuel
pick-up hose inside the fuel tank. To replace the fuel filter, first
make sure the fuel tank is empty. Remove the fuel cap. Using
a wire hook, gently pull the fuel filter out though the fuel filter
opening. Grasp the fuel hose next to the fuel filter fitting and
remove the filter but do not release the hose. While still
holding on to the fuel hose, attach the new fuel filter. Drop the
fuel filter back into the fuel tank. Make sure that the fuel filter
is not stuck in a corner of the tank and that the fuel hose is not
doubled over (kinked) before refueling.
SPARK PLUG
WIRE
FUEL TANK
FUEL FILTER
Maintenance Interval: The spark plug should be removed from the engine and checked after
each 25 hours of operation and replaced after every 100 hours of operation.
Maintenance: With the engine at ambient (room) temperature. Twist the high tension lead boot on the spark plug back
and forth a couple of times to loosen boot then pull the boot off
of the spark plug. Remove the spark plug. The electrodes
can be cleaned with a stiff brush. Adjust the electrode air gap
to 0.6-0.7 mm (0.024-0.028 in.). Replace the spark plug if it
is oil-fouled, damaged or if the electrodes are worn down.
Do not overtighten the spark plug when installing. The
tightening torque is 10.7-16.6 Nm (95-148 in. lbs.).","To replace the fuel filter Make sure the fuel tank is empty. Remove the fuel cap. Using wire hook, gently pull the fuel filter out through the fuel filler opening. Grasp the fuel hose next to the fuel filter fitting and remove the filter, but not release the hose.","remove the filter, but not release the hose. While still holding on to the fuel hose, attach the new fuel filter. Drop the new fuel filter back into the fuel tank. Make sure that the fuel filter is not stuck in corner the tank, and that the fuel hose is not doubled over",0.770025372505188,0.7645879983901978,0.6781957745552063,0.6861662864685059
Why is it important not to release the fuel hose while replacing the fuel filter?,"FUEL FILTER
Maintenance Interval: The fuel filter should be replaced after every 100 hours of operation.
Maintenance: The fuel filter is attached to the end of the fuel
pick-up hose inside the fuel tank. To replace the fuel filter, first
make sure the fuel tank is empty. Remove the fuel cap. Using
a wire hook, gently pull the fuel filter out though the fuel filter
opening. Grasp the fuel hose next to the fuel filter fitting and
remove the filter but do not release the hose. While still
holding on to the fuel hose, attach the new fuel filter. Drop the
fuel filter back into the fuel tank. Make sure that the fuel filter
is not stuck in a corner of the tank and that the fuel hose is not
doubled over (kinked) before refueling.
SPARK PLUG
WIRE
FUEL TANK
FUEL FILTER
Maintenance Interval: The spark plug should be removed from the engine and checked after
each 25 hours of operation and replaced after every 100 hours of operation.
Maintenance: With the engine at ambient (room) temperature. Twist the high tension lead boot on the spark plug back
and forth a couple of times to loosen boot then pull the boot off
of the spark plug. Remove the spark plug. The electrodes
can be cleaned with a stiff brush. Adjust the electrode air gap
to 0.6-0.7 mm (0.024-0.028 in.). Replace the spark plug if it
is oil-fouled, damaged or if the electrodes are worn down.
Do not overtighten the spark plug when installing. The
tightening torque is 10.7-16.6 Nm (95-148 in. lbs.).","remove the filter, but not release the hose. While still holding on to the fuel hose, attach the new fuel filter. Drop the new fuel filter back into the fuel tank. Make sure that the fuel filter is not stuck in corner the tank, and that the fuel hose is not doubled over","To replace the fuel filter Make sure the fuel tank is empty. Remove the fuel cap. Using wire hook, gently pull the fuel filter out through the fuel filler opening. Grasp the fuel hose next to the fuel filter fitting and remove the filter, but not release the hose.",0.7645879983901978,0.770025372505188,0.6861662864685059,0.6781957745552063
 How often should the spark plug be checked and replaced during regular operation?,"FUEL FILTER
Maintenance Interval: The fuel filter should be replaced after every 100 hours of operation.
Maintenance: The fuel filter is attached to the end of the fuel
pick-up hose inside the fuel tank. To replace the fuel filter, first
make sure the fuel tank is empty. Remove the fuel cap. Using
a wire hook, gently pull the fuel filter out though the fuel filter
opening. Grasp the fuel hose next to the fuel filter fitting and
remove the filter but do not release the hose. While still
holding on to the fuel hose, attach the new fuel filter. Drop the
fuel filter back into the fuel tank. Make sure that the fuel filter
is not stuck in a corner of the tank and that the fuel hose is not
doubled over (kinked) before refueling.
SPARK PLUG
WIRE
FUEL TANK
FUEL FILTER
Maintenance Interval: The spark plug should be removed from the engine and checked after
each 25 hours of operation and replaced after every 100 hours of operation.
Maintenance: With the engine at ambient (room) temperature. Twist the high tension lead boot on the spark plug back
and forth a couple of times to loosen boot then pull the boot off
of the spark plug. Remove the spark plug. The electrodes
can be cleaned with a stiff brush. Adjust the electrode air gap
to 0.6-0.7 mm (0.024-0.028 in.). Replace the spark plug if it
is oil-fouled, damaged or if the electrodes are worn down.
Do not overtighten the spark plug when installing. The
tightening torque is 10.7-16.6 Nm (95-148 in. lbs.).","SPARK PLUG Maintenance Interval The spark plug should removed from the engine and checked after each hours operation. Replace the spark plug after every 100 hours operation. Spark Plug Maintenance With the engine at ambient (room) temperature, twists",The fuel filter should replaced after every 100 hours operation. Fuel Filter Replacement The fuel filter is attached to the end the fuel pick-up hose inside the fuel tank. SPARK PLUG Maintenance Interval The spark plug should removed from the engine and,0.5247074365615845,0.8008832931518555,0.9749796390533447,0.6310575604438782
 Under what conditions should a spark plug be replaced rather than cleaned?,"FUEL FILTER
Maintenance Interval: The fuel filter should be replaced after every 100 hours of operation.
Maintenance: The fuel filter is attached to the end of the fuel
pick-up hose inside the fuel tank. To replace the fuel filter, first
make sure the fuel tank is empty. Remove the fuel cap. Using
a wire hook, gently pull the fuel filter out though the fuel filter
opening. Grasp the fuel hose next to the fuel filter fitting and
remove the filter but do not release the hose. While still
holding on to the fuel hose, attach the new fuel filter. Drop the
fuel filter back into the fuel tank. Make sure that the fuel filter
is not stuck in a corner of the tank and that the fuel hose is not
doubled over (kinked) before refueling.
SPARK PLUG
WIRE
FUEL TANK
FUEL FILTER
Maintenance Interval: The spark plug should be removed from the engine and checked after
each 25 hours of operation and replaced after every 100 hours of operation.
Maintenance: With the engine at ambient (room) temperature. Twist the high tension lead boot on the spark plug back
and forth a couple of times to loosen boot then pull the boot off
of the spark plug. Remove the spark plug. The electrodes
can be cleaned with a stiff brush. Adjust the electrode air gap
to 0.6-0.7 mm (0.024-0.028 in.). Replace the spark plug if it
is oil-fouled, damaged or if the electrodes are worn down.
Do not overtighten the spark plug when installing. The
tightening torque is 10.7-16.6 Nm (95-148 in. lbs.).","boot off the spark plug. Remove the spark plug. Clean the electrodes with stiff brush. Adjust the electrode air gap to .024-.028 in (0.6- 0.7 mm). Replace the spark plug if is oil-fouled, damaged, or if the electrodes are worn down.","mm). Replace the spark plug if is oil-fouled, damaged, or if the electrodes are worn down. not over tighten the spark plug when installing. The tightening torque is 95-148 in. lbs. (10.7-16.6 m). To replace the fuel filter Make sure the fuel tank is empty.",0.4665801525115967,0.577500581741333,1.03287935256958,0.919238269329071
What steps must be followed when reinstalling a spark plug to ensure safe and effective operation?,"FUEL FILTER
Maintenance Interval: The fuel filter should be replaced after every 100 hours of operation.
Maintenance: The fuel filter is attached to the end of the fuel
pick-up hose inside the fuel tank. To replace the fuel filter, first
make sure the fuel tank is empty. Remove the fuel cap. Using
a wire hook, gently pull the fuel filter out though the fuel filter
opening. Grasp the fuel hose next to the fuel filter fitting and
remove the filter but do not release the hose. While still
holding on to the fuel hose, attach the new fuel filter. Drop the
fuel filter back into the fuel tank. Make sure that the fuel filter
is not stuck in a corner of the tank and that the fuel hose is not
doubled over (kinked) before refueling.
SPARK PLUG
WIRE
FUEL TANK
FUEL FILTER
Maintenance Interval: The spark plug should be removed from the engine and checked after
each 25 hours of operation and replaced after every 100 hours of operation.
Maintenance: With the engine at ambient (room) temperature. Twist the high tension lead boot on the spark plug back
and forth a couple of times to loosen boot then pull the boot off
of the spark plug. Remove the spark plug. The electrodes
can be cleaned with a stiff brush. Adjust the electrode air gap
to 0.6-0.7 mm (0.024-0.028 in.). Replace the spark plug if it
is oil-fouled, damaged or if the electrodes are worn down.
Do not overtighten the spark plug when installing. The
tightening torque is 10.7-16.6 Nm (95-148 in. lbs.).","damage. Reinstall the spark arrester and tail onto the muffler, then reinstall and tighten the four screws. (See spark arrester maintenance) Reinstall the top cover and the cleaner cover. GENERAL CLEANING AND TIGHTENING","mm). Replace the spark plug if is oil-fouled, damaged, or if the electrodes are worn down. not over tighten the spark plug when installing. The tightening torque is 95-148 in. lbs. (10.7-16.6 m). To replace the fuel filter Make sure the fuel tank is empty.",0.2262684404850006,0.577500581741333,1.2439707517623901,0.919238269329071
 What should be done if leaves and grass are found on the cooling fins during routine inspection?,"CYLINDER COOLING FINS
TIPS
0.6-0.7 mm
(0.024-0.028 inches)
Maintenance Interval: The cylinder cooling fins should be cleaned after every 25 hours of operation or once a week which ever comes first. Air must flow freely around and through the cylinder
cooling fins to prevent engine overheating. Leaves, grass, dirt and debris buildup on the fins will
increase the operating temperature of the engine which can reduce engine performance and shorten engine life.
Maintenance: With the engine at ambient (room) temperature. Loosen the engine cover screw and lift off the engine
cover. Clean all dirt and debris from the cooling fins and from
around the cylinder base.. Reinstall the engine cover.","Air must flow freely around and through the cylinder cooling fins to prevent engine overheating. Leaves, grass, dirt and debris buildup on the fins will increase the operating temperature the engine, which can reduce engine performance and shorten engine life. FUEL FILTER","blower fan through opening in the fan housing over the cylinder fin area, taking away combustion heat. The grille and cylinder fins must kept clean grass, dust and any debris. Engine failure due to lack this Normal Maintenance is not covered warranty. STOPPING THE ENGINE",0.5857478380203247,0.5439635515213013,0.9102221131324768,0.9550251364707947
" According to the manual, how often should you clean the cooling fins, and what is the condition for deciding which schedule to follow?","CYLINDER COOLING FINS
TIPS
0.6-0.7 mm
(0.024-0.028 inches)
Maintenance Interval: The cylinder cooling fins should be cleaned after every 25 hours of operation or once a week which ever comes first. Air must flow freely around and through the cylinder
cooling fins to prevent engine overheating. Leaves, grass, dirt and debris buildup on the fins will
increase the operating temperature of the engine which can reduce engine performance and shorten engine life.
Maintenance: With the engine at ambient (room) temperature. Loosen the engine cover screw and lift off the engine
cover. Clean all dirt and debris from the cooling fins and from
around the cylinder base.. Reinstall the engine cover.","COOLING FINS Maintenance Interval The cylinder cooling fins should cleaned after every hours operation, or once week, whichever comes first.","every hours use. Replace the screen if cannot thoroughly cleaned, or if is damaged. Spark Arrester Maintenance With the engine at ambient (room) temperature, loosen the knob and remove the air cleaner cover (see Cooling Fin Cleaning).",0.7415249347686768,0.4469875693321228,0.7189924716949463,1.0516771078109741
Why is it important to clean around the cylinder base as well as the cooling fins?,"CYLINDER COOLING FINS
TIPS
0.6-0.7 mm
(0.024-0.028 inches)
Maintenance Interval: The cylinder cooling fins should be cleaned after every 25 hours of operation or once a week which ever comes first. Air must flow freely around and through the cylinder
cooling fins to prevent engine overheating. Leaves, grass, dirt and debris buildup on the fins will
increase the operating temperature of the engine which can reduce engine performance and shorten engine life.
Maintenance: With the engine at ambient (room) temperature. Loosen the engine cover screw and lift off the engine
cover. Clean all dirt and debris from the cooling fins and from
around the cylinder base.. Reinstall the engine cover.","Remove the five screws retaining the top cover, then remove the top cover. Clean all dirt and debris from the cooling fins and from around the cylinder base. Reinstall the top cover and tighten the knob. KNOB AIR CLEANER COVER SCREW SCREW","COOLING FINS Maintenance Interval The cylinder cooling fins should cleaned after every hours operation, or once week, whichever comes first.",0.5914837718009949,0.7415249347686768,0.9038985371589661,0.7189924716949463
 What step should be performed before accessing the cylinder cooling fins for cleaning?,"CYLINDER COOLING FINS
TIPS
0.6-0.7 mm
(0.024-0.028 inches)
Maintenance Interval: The cylinder cooling fins should be cleaned after every 25 hours of operation or once a week which ever comes first. Air must flow freely around and through the cylinder
cooling fins to prevent engine overheating. Leaves, grass, dirt and debris buildup on the fins will
increase the operating temperature of the engine which can reduce engine performance and shorten engine life.
Maintenance: With the engine at ambient (room) temperature. Loosen the engine cover screw and lift off the engine
cover. Clean all dirt and debris from the cooling fins and from
around the cylinder base.. Reinstall the engine cover.","COOLING FINS Maintenance Interval The cylinder cooling fins should cleaned after every hours operation, or once week, whichever comes first.","Remove the five screws retaining the top cover, then remove the top cover. Clean all dirt and debris from the cooling fins and from around the cylinder base. Reinstall the top cover and tighten the knob. KNOB AIR CLEANER COVER SCREW SCREW",0.7415249347686768,0.5914837718009949,0.7189924716949463,0.9038985371589661
What are the possible consequences of neglecting to clean the cooling fins regularly?,"CYLINDER COOLING FINS
TIPS
0.6-0.7 mm
(0.024-0.028 inches)
Maintenance Interval: The cylinder cooling fins should be cleaned after every 25 hours of operation or once a week which ever comes first. Air must flow freely around and through the cylinder
cooling fins to prevent engine overheating. Leaves, grass, dirt and debris buildup on the fins will
increase the operating temperature of the engine which can reduce engine performance and shorten engine life.
Maintenance: With the engine at ambient (room) temperature. Loosen the engine cover screw and lift off the engine
cover. Clean all dirt and debris from the cooling fins and from
around the cylinder base.. Reinstall the engine cover.","Air must flow freely around and through the cylinder cooling fins to prevent engine overheating. Leaves, grass, dirt and debris buildup on the fins will increase the operating temperature the engine, which can reduce engine performance and shorten engine life. FUEL FILTER","COOLING FINS Maintenance Interval The cylinder cooling fins should cleaned after every hours operation, or once week, whichever comes first.",0.5857478380203247,0.7415249347686768,0.9102221131324768,0.7189924716949463
" If a user finds the spark arrester screen is damaged or cannot be fully cleaned, what should they do?","SPARK ARRESTER
Maintenance Interval: The spark arrester should be inspected and cleaned after every 25 hours
of use. Replace the screen if it cannot be thoroughly cleaned or if it is damage.
Maintenance: The spark arrester is installed inside the
exhaust outlet of the muffler. One screw located on the
side of the exhaust outlet holds the spark arrester in place.
Remove spark arrester retaining screw, then using a suitable pair of pliers, withdraw the spark arrester. Do not
crush or distort the spark arrester flange during removal.
SCREW
SPARK
ARRESTER
The screen can be cleaned using a non-flammable solvent
and a stiff wire brush. To install insert the spark arrester into the exhaust outlet. Install the screw.","burn. HOW TO AVOID THE HAZARD Make sure the muffler is cool before inspecting and cleaning the spark arrester. Maintenance Interval The spark arrester should inspected and cleaned after every hours use. Replace the screen if cannot thoroughly cleaned, or","every hours use. Replace the screen if cannot thoroughly cleaned, or if is damaged. Spark Arrester Maintenance With the engine at ambient (room) temperature, loosen the knob and remove the air cleaner cover (see Cooling Fin Cleaning).",0.7628915905952454,0.6110658645629883,0.6886341571807861,0.8819683790206909
"What tool should be used to remove the spark arrester, and what precaution must be taken during this step?","SPARK ARRESTER
Maintenance Interval: The spark arrester should be inspected and cleaned after every 25 hours
of use. Replace the screen if it cannot be thoroughly cleaned or if it is damage.
Maintenance: The spark arrester is installed inside the
exhaust outlet of the muffler. One screw located on the
side of the exhaust outlet holds the spark arrester in place.
Remove spark arrester retaining screw, then using a suitable pair of pliers, withdraw the spark arrester. Do not
crush or distort the spark arrester flange during removal.
SCREW
SPARK
ARRESTER
The screen can be cleaned using a non-flammable solvent
and a stiff wire brush. To install insert the spark arrester into the exhaust outlet. Install the screw.","Remove the spark arrester (see spark arrester maintenance). Clean the muffler with stiff brush. IMPORTANT careful not to allow any dirt or debris to fall into the exhaust port, this can cause engine damage. Reinstall the spark arrester and tail onto the muffler,","the knob and remove the air cleaner cover (see Cooling Fin Cleaning). Remove the screw from the muffler. Take the spark arrester out the muffler, and then clean brushing it. Return the spark arrester to the muffler. Tighten the screw securely.",0.7104127407073975,0.7502712607383728,0.761035144329071,0.7067230343818665
" Where is the spark arrester located, and how is it held in place?","SPARK ARRESTER
Maintenance Interval: The spark arrester should be inspected and cleaned after every 25 hours
of use. Replace the screen if it cannot be thoroughly cleaned or if it is damage.
Maintenance: The spark arrester is installed inside the
exhaust outlet of the muffler. One screw located on the
side of the exhaust outlet holds the spark arrester in place.
Remove spark arrester retaining screw, then using a suitable pair of pliers, withdraw the spark arrester. Do not
crush or distort the spark arrester flange during removal.
SCREW
SPARK
ARRESTER
The screen can be cleaned using a non-flammable solvent
and a stiff wire brush. To install insert the spark arrester into the exhaust outlet. Install the screw.","damage. Reinstall the spark arrester and tail onto the muffler, then reinstall and tighten the four screws. (See spark arrester maintenance) Reinstall the top cover and the cleaner cover. GENERAL CLEANING AND TIGHTENING","Remove the spark arrester (see spark arrester maintenance). Clean the muffler with stiff brush. IMPORTANT careful not to allow any dirt or debris to fall into the exhaust port, this can cause engine damage. Reinstall the spark arrester and tail onto the muffler,",0.682525634765625,0.7104127407073975,0.7968369126319885,0.761035144329071
How often should the spark arrester be inspected and cleaned according to the manual?,"SPARK ARRESTER
Maintenance Interval: The spark arrester should be inspected and cleaned after every 25 hours
of use. Replace the screen if it cannot be thoroughly cleaned or if it is damage.
Maintenance: The spark arrester is installed inside the
exhaust outlet of the muffler. One screw located on the
side of the exhaust outlet holds the spark arrester in place.
Remove spark arrester retaining screw, then using a suitable pair of pliers, withdraw the spark arrester. Do not
crush or distort the spark arrester flange during removal.
SCREW
SPARK
ARRESTER
The screen can be cleaned using a non-flammable solvent
and a stiff wire brush. To install insert the spark arrester into the exhaust outlet. Install the screw.","burn. HOW TO AVOID THE HAZARD Make sure the muffler is cool before inspecting and cleaning the spark arrester. Maintenance Interval The spark arrester should inspected and cleaned after every hours use. Replace the screen if cannot thoroughly cleaned, or","every hours use. Replace the screen if cannot thoroughly cleaned, or if is damaged. Spark Arrester Maintenance With the engine at ambient (room) temperature, loosen the knob and remove the air cleaner cover (see Cooling Fin Cleaning).",0.7628915905952454,0.6110658645629883,0.6886341571807861,0.8819683790206909
What risks might arise from operating the water pump with a clogged or damaged spark arrester?,"SPARK ARRESTER
Maintenance Interval: The spark arrester should be inspected and cleaned after every 25 hours
of use. Replace the screen if it cannot be thoroughly cleaned or if it is damage.
Maintenance: The spark arrester is installed inside the
exhaust outlet of the muffler. One screw located on the
side of the exhaust outlet holds the spark arrester in place.
Remove spark arrester retaining screw, then using a suitable pair of pliers, withdraw the spark arrester. Do not
crush or distort the spark arrester flange during removal.
SCREW
SPARK
ARRESTER
The screen can be cleaned using a non-flammable solvent
and a stiff wire brush. To install insert the spark arrester into the exhaust outlet. Install the screw.","fasteners for correct tightness, and cleaning the entire machine. Contact authorized MARUYAMA dealer for additional maintenance suggestions. SCREW SCREW SPARK ARRESTER GUARD POTENTIAL HAZARD When engine is running, fan is rotating and other parts are moving. WHAT CAN HAPPEN","SPARK ARRESTER GUARD When air flow has dropped down during operation, stop the engine and inspect the intake guard for blocking debris. Cleaning debris from intake guard.",0.4679012894630432,0.5507767200469971,1.031599521636963,0.9478642344474792
What are the steps involved in cleaning the muffler and reinstalling it correctly after 100 hours of use?,"EXHAUST MUFFLER
Maintenance Interval: The muffler should be inspected and cleaned after each 100 hours of use.
Maintenance: The engine cover must be removed
for access to the muffler. Remove spark arrester
retaining screw, then using a suitable pair of pliers,
withdraw the spark arrester. (Refer to the illustration
shown in the following SPARK ARRESTER section.)
Four screws (see sketch) attach the muffler cover to
the muffler body. Remove the cover, clean the cover
and the spark arrester. (see instructions-Spark
Arrester.) It is not necessary to remove the muffler
body from the cylinder for cleaning, BUT special care
should be taken to prevent any debris from entering
the exhaust ports. Use liquid gasket P/N 261910 to
form the gasket between the muffler body and cover.
Use Loctite P/N 261911 on the four screws attaching
the cover to the muffler body. Secure the spark
arrester into place with the fastening screw.","100 hours use. Muffler Maintenance With the engine at ambient (room) temperature, loosen the knob at air cleaner cover. Remove the five screws retaining the top cover, then remove the top cover. (See cooling fin cleaning.) Remove the spark arrester (see spark arrester","Return the spark arrester to the muffler. Tighten the screw securely. EXHAUST MUFFLER Maintenance Interval The muffler should inspected and cleaned after each 100 hours use. Muffler Maintenance With the engine at ambient (room) temperature, loosen",0.7141923904418945,0.7469453811645508,0.7560523748397827,0.711413562297821
Why is it important to avoid debris entering the exhaust ports during muffler maintenance?,"EXHAUST MUFFLER
Maintenance Interval: The muffler should be inspected and cleaned after each 100 hours of use.
Maintenance: The engine cover must be removed
for access to the muffler. Remove spark arrester
retaining screw, then using a suitable pair of pliers,
withdraw the spark arrester. (Refer to the illustration
shown in the following SPARK ARRESTER section.)
Four screws (see sketch) attach the muffler cover to
the muffler body. Remove the cover, clean the cover
and the spark arrester. (see instructions-Spark
Arrester.) It is not necessary to remove the muffler
body from the cylinder for cleaning, BUT special care
should be taken to prevent any debris from entering
the exhaust ports. Use liquid gasket P/N 261910 to
form the gasket between the muffler body and cover.
Use Loctite P/N 261911 on the four screws attaching
the cover to the muffler body. Secure the spark
arrester into place with the fastening screw.","Remove the spark arrester (see spark arrester maintenance). Clean the muffler with stiff brush. IMPORTANT careful not to allow any dirt or debris to fall into the exhaust port, this can cause engine damage. Reinstall the spark arrester and tail onto the muffler,","Return the spark arrester to the muffler. Tighten the screw securely. EXHAUST MUFFLER Maintenance Interval The muffler should inspected and cleaned after each 100 hours use. Muffler Maintenance With the engine at ambient (room) temperature, loosen",0.7670503854751587,0.7469453811645508,0.6825680732727051,0.711413562297821
"How many screws hold the muffler cover in place, and what should be used on them during reassembly?","EXHAUST MUFFLER
Maintenance Interval: The muffler should be inspected and cleaned after each 100 hours of use.
Maintenance: The engine cover must be removed
for access to the muffler. Remove spark arrester
retaining screw, then using a suitable pair of pliers,
withdraw the spark arrester. (Refer to the illustration
shown in the following SPARK ARRESTER section.)
Four screws (see sketch) attach the muffler cover to
the muffler body. Remove the cover, clean the cover
and the spark arrester. (see instructions-Spark
Arrester.) It is not necessary to remove the muffler
body from the cylinder for cleaning, BUT special care
should be taken to prevent any debris from entering
the exhaust ports. Use liquid gasket P/N 261910 to
form the gasket between the muffler body and cover.
Use Loctite P/N 261911 on the four screws attaching
the cover to the muffler body. Secure the spark
arrester into place with the fastening screw.","damage. Reinstall the spark arrester and tail onto the muffler, then reinstall and tighten the four screws. (See spark arrester maintenance) Reinstall the top cover and the cleaner cover. GENERAL CLEANING AND TIGHTENING","100 hours use. Muffler Maintenance With the engine at ambient (room) temperature, loosen the knob at air cleaner cover. Remove the five screws retaining the top cover, then remove the top cover. (See cooling fin cleaning.) Remove the spark arrester (see spark arrester",0.7138435244560242,0.7141923904418945,0.7565136551856995,0.7560523748397827
Why might it not be necessary to remove the entire muffler body from the cylinder during regular cleaning?,"EXHAUST MUFFLER
Maintenance Interval: The muffler should be inspected and cleaned after each 100 hours of use.
Maintenance: The engine cover must be removed
for access to the muffler. Remove spark arrester
retaining screw, then using a suitable pair of pliers,
withdraw the spark arrester. (Refer to the illustration
shown in the following SPARK ARRESTER section.)
Four screws (see sketch) attach the muffler cover to
the muffler body. Remove the cover, clean the cover
and the spark arrester. (see instructions-Spark
Arrester.) It is not necessary to remove the muffler
body from the cylinder for cleaning, BUT special care
should be taken to prevent any debris from entering
the exhaust ports. Use liquid gasket P/N 261910 to
form the gasket between the muffler body and cover.
Use Loctite P/N 261911 on the four screws attaching
the cover to the muffler body. Secure the spark
arrester into place with the fastening screw.","Remove the spark arrester (see spark arrester maintenance). Clean the muffler with stiff brush. IMPORTANT careful not to allow any dirt or debris to fall into the exhaust port, this can cause engine damage. Reinstall the spark arrester and tail onto the muffler,","100 hours use. Muffler Maintenance With the engine at ambient (room) temperature, loosen the knob at air cleaner cover. Remove the five screws retaining the top cover, then remove the top cover. (See cooling fin cleaning.) Remove the spark arrester (see spark arrester",0.7670503854751587,0.7141923904418945,0.6825680732727051,0.7560523748397827
"What product is recommended for sealing the joint between the muffler body and cover, and why is it necessary?","EXHAUST MUFFLER
Maintenance Interval: The muffler should be inspected and cleaned after each 100 hours of use.
Maintenance: The engine cover must be removed
for access to the muffler. Remove spark arrester
retaining screw, then using a suitable pair of pliers,
withdraw the spark arrester. (Refer to the illustration
shown in the following SPARK ARRESTER section.)
Four screws (see sketch) attach the muffler cover to
the muffler body. Remove the cover, clean the cover
and the spark arrester. (see instructions-Spark
Arrester.) It is not necessary to remove the muffler
body from the cylinder for cleaning, BUT special care
should be taken to prevent any debris from entering
the exhaust ports. Use liquid gasket P/N 261910 to
form the gasket between the muffler body and cover.
Use Loctite P/N 261911 on the four screws attaching
the cover to the muffler body. Secure the spark
arrester into place with the fastening screw.","damage. Reinstall the spark arrester and tail onto the muffler, then reinstall and tighten the four screws. (See spark arrester maintenance) Reinstall the top cover and the cleaner cover. GENERAL CLEANING AND TIGHTENING","100 hours use. Muffler Maintenance With the engine at ambient (room) temperature, loosen the knob at air cleaner cover. Remove the five screws retaining the top cover, then remove the top cover. (See cooling fin cleaning.) Remove the spark arrester (see spark arrester",0.7138435244560242,0.7141923904418945,0.7565136551856995,0.7560523748397827
What is the correct sequence of actions to prepare the water pump for long-term storage?,"STORAGE
For long-term storage of the water pump, empty the fuel tank into a suitable fuel storage container.
Pump the primer bulb on the carburetor until all fuel is discharged through the clear fuel return
hose. Perform all regular maintenance procedures and any needed repairs. Remove the spark
plug and squirt a very small amount of oil into the cylinder. Pull the starter grip once.
CAUTION: Oil may squirt out of the spark plug opening
while pulling the starter cord. Protect your eyes and
keep your face away from the spark plug opening.
Slowly pull the starter cord to bring the piston to the top
of the cylinder (TDC). Reinstall the spark plug. Clean
the water pump interior thoroughly, remove all remaining moisture, and then store in a dry place away from
excessive heat, sparks or open flame.","STORAGE For long-term storage the Backpack blower, first perform all regular maintenance procedures and needed repairs. Empty the fuel tank. Disconnect the fuel supply line from the carburetor and depress the primer bulb until fuel stops discharging from the fuel-return line.",2.Transporting and Storage Shut off the engine and allow to cool before transporting or storing the unit. not put the unit on dry grass or near any flammable object unless the engine is cold or cooled down.,0.5817919969558716,0.22694960236549377,0.914557933807373,1.2434229850769043
 Why should you keep your face away from the spark plug opening during storage preparation?,"STORAGE
For long-term storage of the water pump, empty the fuel tank into a suitable fuel storage container.
Pump the primer bulb on the carburetor until all fuel is discharged through the clear fuel return
hose. Perform all regular maintenance procedures and any needed repairs. Remove the spark
plug and squirt a very small amount of oil into the cylinder. Pull the starter grip once.
CAUTION: Oil may squirt out of the spark plug opening
while pulling the starter cord. Protect your eyes and
keep your face away from the spark plug opening.
Slowly pull the starter cord to bring the piston to the top
of the cylinder (TDC). Reinstall the spark plug. Clean
the water pump interior thoroughly, remove all remaining moisture, and then store in a dry place away from
excessive heat, sparks or open flame.",position closest to the spark plug hole. Re-install the spark plug. Apply thin coating oil to all the metal surfaces and store the Backpack blower in dry place. EMISSION CONTROL INFORMATION FUEL INFORMATION,Always remove the spark plug cap from spark plug when servicing the engine to prevent accidental starting.,0.4733501076698303,0.40652185678482056,1.026304006576538,1.089475154876709
What is the purpose of bringing the piston to the top of the cylinder (TDC) before storing the engine?,"STORAGE
For long-term storage of the water pump, empty the fuel tank into a suitable fuel storage container.
Pump the primer bulb on the carburetor until all fuel is discharged through the clear fuel return
hose. Perform all regular maintenance procedures and any needed repairs. Remove the spark
plug and squirt a very small amount of oil into the cylinder. Pull the starter grip once.
CAUTION: Oil may squirt out of the spark plug opening
while pulling the starter cord. Protect your eyes and
keep your face away from the spark plug opening.
Slowly pull the starter cord to bring the piston to the top
of the cylinder (TDC). Reinstall the spark plug. Clean
the water pump interior thoroughly, remove all remaining moisture, and then store in a dry place away from
excessive heat, sparks or open flame.","1.Shutting Engine Off Before shutting the engine off, allow to idle for short while. Never stop the engine closing the choke. Never stop the engine during operation while running above idle speed. 2.Transporting and Storage",2.Transporting and Storage Shut off the engine and allow to cool before transporting or storing the unit. not put the unit on dry grass or near any flammable object unless the engine is cold or cooled down.,0.3226218819618225,0.22694960236549377,1.1639399528503418,1.2434229850769043
What risks are avoided by draining fuel and clearing the fuel lines before storage?,"STORAGE
For long-term storage of the water pump, empty the fuel tank into a suitable fuel storage container.
Pump the primer bulb on the carburetor until all fuel is discharged through the clear fuel return
hose. Perform all regular maintenance procedures and any needed repairs. Remove the spark
plug and squirt a very small amount of oil into the cylinder. Pull the starter grip once.
CAUTION: Oil may squirt out of the spark plug opening
while pulling the starter cord. Protect your eyes and
keep your face away from the spark plug opening.
Slowly pull the starter cord to bring the piston to the top
of the cylinder (TDC). Reinstall the spark plug. Clean
the water pump interior thoroughly, remove all remaining moisture, and then store in a dry place away from
excessive heat, sparks or open flame.
","STORAGE For long-term storage the Backpack blower, first perform all regular maintenance procedures and needed repairs. Empty the fuel tank. Disconnect the fuel supply line from the carburetor and depress the primer bulb until fuel stops discharging from the fuel-return line.",-Move at least 10ft (3m) away from the fueling point before starting engine. -Always store gasoline in approved container. Operating techniques Operate power equipment only at reasonable hours not early in the morning or late at night when people might,0.5817919969558716,0.47778886556625366,0.914557933807373,1.0219697952270508
"Why is it important to store the water pump in a dry place away from excessive heat, sparks, or open flames?","STORAGE
For long-term storage of the water pump, empty the fuel tank into a suitable fuel storage container.
Pump the primer bulb on the carburetor until all fuel is discharged through the clear fuel return
hose. Perform all regular maintenance procedures and any needed repairs. Remove the spark
plug and squirt a very small amount of oil into the cylinder. Pull the starter grip once.
CAUTION: Oil may squirt out of the spark plug opening
while pulling the starter cord. Protect your eyes and
keep your face away from the spark plug opening.
Slowly pull the starter cord to bring the piston to the top
of the cylinder (TDC). Reinstall the spark plug. Clean
the water pump interior thoroughly, remove all remaining moisture, and then store in a dry place away from
excessive heat, sparks or open flame.",position closest to the spark plug hole. Re-install the spark plug. Apply thin coating oil to all the metal surfaces and store the Backpack blower in dry place. EMISSION CONTROL INFORMATION FUEL INFORMATION,2.Transporting and Storage Shut off the engine and allow to cool before transporting or storing the unit. not put the unit on dry grass or near any flammable object unless the engine is cold or cooled down.,0.4733501076698303,0.22694960236549377,1.026304006576538,1.2434229850769043
Why is it important to add a small amount of oil to the cylinder before storage?,"STORAGE
For long-term storage of the water pump, empty the fuel tank into a suitable fuel storage container.
Pump the primer bulb on the carburetor until all fuel is discharged through the clear fuel return
hose. Perform all regular maintenance procedures and any needed repairs. Remove the spark
plug and squirt a very small amount of oil into the cylinder. Pull the starter grip once.
CAUTION: Oil may squirt out of the spark plug opening
while pulling the starter cord. Protect your eyes and
keep your face away from the spark plug opening.
Slowly pull the starter cord to bring the piston to the top
of the cylinder (TDC). Reinstall the spark plug. Clean
the water pump interior thoroughly, remove all remaining moisture, and then store in a dry place away from
excessive heat, sparks or open flame.","for lubrication. Failure to add oil to the gasoline or failure to mix oil with the gasoline at the appropriate ratio will cause major engine damage which will void your warranty. For your fuel premix, only use Maruyama 2-Stroke Oil or quality oil designed for 2-stroke air-cooled engine.",from the fuel-return line. Start the engine and allow to run until stops. Pull the starter cord few times to remove any excess fuel from the engine. Remove the spark plug and insert small amount oil into the cylinder. Slowly pull the starter cord and bring the piston to,0.0976966917514801,0.6155891418457031,1.3433563709259033,0.8768248558044434
 What action should be taken to prevent water damage inside the pump before storage?,"STORAGE
For long-term storage of the water pump, empty the fuel tank into a suitable fuel storage container.
Pump the primer bulb on the carburetor until all fuel is discharged through the clear fuel return
hose. Perform all regular maintenance procedures and any needed repairs. Remove the spark
plug and squirt a very small amount of oil into the cylinder. Pull the starter grip once.
CAUTION: Oil may squirt out of the spark plug opening
while pulling the starter cord. Protect your eyes and
keep your face away from the spark plug opening.
Slowly pull the starter cord to bring the piston to the top
of the cylinder (TDC). Reinstall the spark plug. Clean
the water pump interior thoroughly, remove all remaining moisture, and then store in a dry place away from
excessive heat, sparks or open flame.","STORAGE For long-term storage the Backpack blower, first perform all regular maintenance procedures and needed repairs. Empty the fuel tank. Disconnect the fuel supply line from the carburetor and depress the primer bulb until fuel stops discharging from the fuel-return line.",2.Transporting and Storage Shut off the engine and allow to cool before transporting or storing the unit. not put the unit on dry grass or near any flammable object unless the engine is cold or cooled down.,0.5817919969558716,0.22694960236549377,0.914557933807373,1.2434229850769043
What could happen if the piston is not set to TDC before reinstalling the spark plug?,"STORAGE
For long-term storage of the water pump, empty the fuel tank into a suitable fuel storage container.
Pump the primer bulb on the carburetor until all fuel is discharged through the clear fuel return
hose. Perform all regular maintenance procedures and any needed repairs. Remove the spark
plug and squirt a very small amount of oil into the cylinder. Pull the starter grip once.
CAUTION: Oil may squirt out of the spark plug opening
while pulling the starter cord. Protect your eyes and
keep your face away from the spark plug opening.
Slowly pull the starter cord to bring the piston to the top
of the cylinder (TDC). Reinstall the spark plug. Clean
the water pump interior thoroughly, remove all remaining moisture, and then store in a dry place away from
excessive heat, sparks or open flame.","mm). Replace the spark plug if is oil-fouled, damaged, or if the electrodes are worn down. not over tighten the spark plug when installing. The tightening torque is 95-148 in. lbs. (10.7-16.6 m). To replace the fuel filter Make sure the fuel tank is empty.","damage. Reinstall the spark arrester and tail onto the muffler, then reinstall and tighten the four screws. (See spark arrester maintenance) Reinstall the top cover and the cleaner cover. GENERAL CLEANING AND TIGHTENING",0.358438104391098,0.24971647560596466,1.1327505111694336,1.2249763011932373
"If fuel remains in the clear return hose after pumping, what should you do?","STORAGE
For long-term storage of the water pump, empty the fuel tank into a suitable fuel storage container.
Pump the primer bulb on the carburetor until all fuel is discharged through the clear fuel return
hose. Perform all regular maintenance procedures and any needed repairs. Remove the spark
plug and squirt a very small amount of oil into the cylinder. Pull the starter grip once.
CAUTION: Oil may squirt out of the spark plug opening
while pulling the starter cord. Protect your eyes and
keep your face away from the spark plug opening.
Slowly pull the starter cord to bring the piston to the top
of the cylinder (TDC). Reinstall the spark plug. Clean
the water pump interior thoroughly, remove all remaining moisture, and then store in a dry place away from
excessive heat, sparks or open flame.",during cap removal. Always shake the premix fuel container momentarily before filling the fuel tank. Always use spout or funnel when fueling to reduce fuel spillage. Only fill the tank to within inch from the top the tank. Avoid filing to the top the tank filler neck. NOTE,"remove the filter, but not release the hose. While still holding on to the fuel hose, attach the new fuel filter. Drop the new fuel filter back into the fuel tank. Make sure that the fuel filter is not stuck in corner the tank, and that the fuel hose is not doubled over",0.41654494404792786,0.4578753113746643,1.0802360773086548,1.0412729978561401
"How does combining regular maintenance with proper storage preparation benefit the pump’s performance?
","STORAGE
For long-term storage of the water pump, empty the fuel tank into a suitable fuel storage container.
Pump the primer bulb on the carburetor until all fuel is discharged through the clear fuel return
hose. Perform all regular maintenance procedures and any needed repairs. Remove the spark
plug and squirt a very small amount of oil into the cylinder. Pull the starter grip once.
CAUTION: Oil may squirt out of the spark plug opening
while pulling the starter cord. Protect your eyes and
keep your face away from the spark plug opening.
Slowly pull the starter cord to bring the piston to the top
of the cylinder (TDC). Reinstall the spark plug. Clean
the water pump interior thoroughly, remove all remaining moisture, and then store in a dry place away from
excessive heat, sparks or open flame.","STORAGE For long-term storage the Backpack blower, first perform all regular maintenance procedures and needed repairs. Empty the fuel tank. Disconnect the fuel supply line from the carburetor and depress the primer bulb until fuel stops discharging from the fuel-return line.",Warning label REGULAR MAINTENANCE SPECIFICATIONS STORAGE ASSEMBLY INSTRUCTIONS,0.5817919969558716,0.16876158118247986,0.914557933807373,1.2893707752227783
