2025-08-24 22:08:12,411 | DEBUG | Logger initialized -> logs/semantic_index.log
2025-08-24 22:08:12,422 | INFO | Log file: /home/meghana/Documents/BlueCaffeine/Retriever_Test/logs/semantic_index.log
2025-08-24 22:08:12,425 | INFO | PDF: /home/meghana/Downloads/BL9000-Owners-Manual (1).pdf
2025-08-24 22:08:12,429 | INFO | === Build index start ===
2025-08-24 22:08:31,225 | DEBUG | Logger initialized -> logs/semantic_index.log
2025-08-24 22:08:31,236 | INFO | Log file: /home/meghana/Documents/BlueCaffeine/Retriever_Test/logs/semantic_index.log
2025-08-24 22:08:31,238 | INFO | PDF: /home/meghana/Downloads/BL9000-Owners-Manual.pdf
2025-08-24 22:08:31,239 | INFO | === Build index start ===
2025-08-24 22:08:31,767 | INFO | Extracted 696 text blocks (avg font size 9.68)
2025-08-24 22:08:31,770 | DEBUG | Added TOC entry: Limited Warranty Statement (p.2, size: 14.3)
2025-08-24 22:08:31,771 | DEBUG | Added TOC entry: DISCLAIMER OF IMPLIED WARRANTIES (p.2, size: 13.5)
2025-08-24 22:08:31,772 | DEBUG | Added TOC entry: 4770 Mercantile Drive, suite100, (p.3, size: 12.0)
2025-08-24 22:08:31,774 | DEBUG | Added TOC entry: FEDERAL EMISSION CONTROL WARRANTY STATEMENT (p.3, size: 20.1)
2025-08-24 22:08:31,776 | DEBUG | Added TOC entry: YOUR WARRANTY RIGHTS AND OBLIGATIONS (p.3, size: 20.3)
2025-08-24 22:08:31,779 | DEBUG | Added TOC entry: MANUFACTURER'S WARRANTY COVERAGE: (p.4, size: 12.5)
2025-08-24 22:08:31,781 | DEBUG | Added TOC entry: OWNER'S WARRANTY RESPONSIBILITIES: (p.4, size: 12.5)
2025-08-24 22:08:31,783 | DEBUG | Added TOC entry: CALIFORNIA EMISSION CONTROL WARRANTY STATEMENT (p.5, size: 19.6)
2025-08-24 22:08:31,786 | DEBUG | Added TOC entry: 4770 Mercantile Drive, suite100, Fort Worth, TX 76137 U.S.A. (p.6, size: 9.0)
2025-08-24 22:08:31,789 | DEBUG | Added TOC entry: MANUAL SAFETY SYMBOLS (p.6, size: 22.0)
2025-08-24 22:08:31,791 | DEBUG | Added TOC entry: 4. Always use eye protection and hearing protection. (p.7, size: 9.0)
2025-08-24 22:08:31,794 | DEBUG | Added TOC entry: 7. Never operate a Backpack blower when you are fatigued. (p.7, size: 9.0)
2025-08-24 22:08:31,797 | DEBUG | Added TOC entry: 17. Use the Backpack blower only in daylight or good artificial light. (p.7, size: 9.0)
2025-08-24 22:08:31,800 | DEBUG | Added TOC entry: 18. Do not allow bystanders in work area. (p.7, size: 9.0)
2025-08-24 22:08:31,802 | DEBUG | Added TOC entry: 19. Do not operate without guard(s) in place. (p.7, size: 9.0)
2025-08-24 22:08:31,805 | DEBUG | Added TOC entry: 20. Do not operate in unventilated area. (p.7, size: 9.0)
2025-08-24 22:08:31,808 | DEBUG | Added TOC entry: 23. To reduce the risk of fire and burn injury: (p.7, size: 9.0)
2025-08-24 22:08:31,811 | DEBUG | Added TOC entry: BEFORE OPERATION (p.10, size: 22.0)
2025-08-24 22:08:31,814 | DEBUG | Added TOC entry: RECOMMENDED FUEL TYPE (p.10, size: 12.0)
2025-08-24 22:08:31,817 | DEBUG | Added TOC entry: FUEL: MIXING GASOLINE AND OIL (p.11, size: 12.5)
2025-08-24 22:08:31,820 | DEBUG | Added TOC entry: OPERATING INSTRUCTIONS (p.12, size: 16.3)
2025-08-24 22:08:31,823 | DEBUG | Added TOC entry: STOPPING THE ENGINE (p.13, size: 12.0)
2025-08-24 22:08:31,825 | DEBUG | Added TOC entry: REGULAR MAINTENANCE (p.13, size: 22.0)
2025-08-24 22:08:31,828 | DEBUG | Added TOC entry: Air Filter Cleaning (p.13, size: 11.8)
2025-08-24 22:08:31,831 | DEBUG | Added TOC entry: 1. Loosen the knob and remove the air cleaner cover. (p.13, size: 9.0)
2025-08-24 22:08:31,833 | DEBUG | Added TOC entry: 2. Remove the FOAM FILTER and AIR FILTER (PAPER) (p.13, size: 9.5)
2025-08-24 22:08:31,836 | DEBUG | Added TOC entry: 3. Clean the filter. (p.13, size: 9.0)
2025-08-24 22:08:31,839 | DEBUG | Added TOC entry: 4. Reassemble components in reverse order. (p.13, size: 9.0)
2025-08-24 22:08:31,842 | DEBUG | Added TOC entry: 5. Reinstall the air cleaner cover and tighten the knob. (p.13, size: 9.5)
2025-08-24 22:08:31,845 | DEBUG | Added TOC entry: 1. With the engine at ambient (room) temperature, twists (p.14, size: 9.0)
2025-08-24 22:08:31,848 | DEBUG | Added TOC entry: 2. Remove the spark plug. (p.14, size: 9.0)
2025-08-24 22:08:31,851 | DEBUG | Added TOC entry: 3. Clean the electrodes with a stiff brush. (p.14, size: 8.0)
2025-08-24 22:08:31,854 | DEBUG | Added TOC entry: 4. Adjust the electrode air gap to .024-.028 in (0.6- 0.7 (p.14, size: 9.0)
2025-08-24 22:08:31,857 | DEBUG | Added TOC entry: 5. Replace the spark plug if it is oil-fouled, damaged, or if (p.14, size: 9.0)
2025-08-24 22:08:31,860 | DEBUG | Added TOC entry: 6. Do not over tighten the spark plug when installing. The (p.14, size: 9.0)
2025-08-24 22:08:31,863 | DEBUG | Added TOC entry: 1. Make sure the fuel tank is empty. (p.14, size: 9.0)
2025-08-24 22:08:31,866 | DEBUG | Added TOC entry: 2. Remove the fuel cap. (p.14, size: 9.0)
2025-08-24 22:08:31,869 | DEBUG | Added TOC entry: 3. Using a wire hook, gently pull the fuel filter out through (p.14, size: 9.0)
2025-08-24 22:08:31,872 | DEBUG | Added TOC entry: 4. Grasp the fuel hose next to the fuel filter fitting and (p.14, size: 9.0)
2025-08-24 22:08:31,875 | DEBUG | Added TOC entry: 5. While still holding on to the fuel hose, attach the new (p.14, size: 9.0)
2025-08-24 22:08:31,878 | DEBUG | Added TOC entry: 6. Drop the new fuel filter back into the fuel tank. (p.14, size: 9.0)
2025-08-24 22:08:31,881 | DEBUG | Added TOC entry: 1. With the engine at ambient (room) temperature, loosen (p.14, size: 9.0)
2025-08-24 22:08:31,884 | DEBUG | Added TOC entry: 2. Remove the five screws retaining the top cover, then (p.14, size: 9.0)
2025-08-24 22:08:31,887 | DEBUG | Added TOC entry: 4. Clean all dirt and debris from the cooling fins and from (p.14, size: 9.0)
2025-08-24 22:08:31,890 | DEBUG | Added TOC entry: 5. Reinstall the top cover and tighten the knob. (p.14, size: 8.0)
2025-08-24 22:08:31,893 | DEBUG | Added TOC entry: 2. Remove the screw from the muffler. (p.15, size: 9.0)
2025-08-24 22:08:31,896 | DEBUG | Added TOC entry: 3. Take the spark arrester out of the muffler, and then (p.15, size: 9.0)
2025-08-24 22:08:31,899 | DEBUG | Added TOC entry: 4. Return the spark arrester to the muffler. (p.15, size: 9.0)
2025-08-24 22:08:31,902 | DEBUG | Added TOC entry: 5. Tighten the screw securely. (p.15, size: 10.5)
2025-08-24 22:08:31,905 | DEBUG | Added TOC entry: EXHAUST MUFFLER (p.15, size: 13.0)
2025-08-24 22:08:31,908 | DEBUG | Added TOC entry: 3. Remove the spark arrester (see spark arrester (p.15, size: 9.0)
2025-08-24 22:08:31,910 | DEBUG | Added TOC entry: 5. Reinstall the spark arrester and tail onto the muffler, (p.15, size: 9.0)
2025-08-24 22:08:31,913 | DEBUG | Added TOC entry: 6. Reinstall the top cover and the cleaner cover. (p.15, size: 9.0)
2025-08-24 22:08:31,917 | DEBUG | Added TOC entry: GENERAL CLEANING AND TIGHTENING (p.15, size: 12.0)
2025-08-24 22:08:31,920 | DEBUG | Added TOC entry: EMISSION CONTROL INFORMATION (p.16, size: 23.0)
2025-08-24 22:08:31,923 | DEBUG | Added TOC entry: EXHAUST AND EVAPORATIVE EMISSION CONTROL SYSTEM (p.16, size: 12.0)
2025-08-24 22:08:31,925 | DEBUG | Added TOC entry: MAINTENANCE AND WARRANTY (p.16, size: 12.0)
2025-08-24 22:08:31,928 | DEBUG | Added TOC entry: TAMPERING WITH EMISSION CONTROL SYSTEM PROHIBITED (p.16, size: 12.5)
2025-08-24 22:08:31,931 | DEBUG | Added TOC entry: IDLING SPEED ADJUSTMENT (p.17, size: 12.0)
2025-08-24 22:08:31,934 | DEBUG | Added TOC entry: 1. Idle speed is the only available adjustment. (p.17, size: 9.0)
2025-08-24 22:08:31,937 | DEBUG | Added TOC entry: PERIODIC MAINTENANCE CHART (p.17, size: 11.3)
2025-08-24 22:08:31,940 | INFO | Detected 61 TOC entries
2025-08-24 22:08:31,943 | INFO | Exported TOC -> out/index_TOC.json
2025-08-24 22:08:31,946 | INFO | === Build index done ===
2025-08-24 22:08:31,950 | INFO | Final TOC entries:
2025-08-24 22:08:31,954 | INFO |  -  1. Limited Warranty Statement (p.2)
2025-08-24 22:08:31,956 | INFO |  -  2. DISCLAIMER OF IMPLIED WARRANTIES (p.2)
2025-08-24 22:08:31,958 | INFO |  -  3. 4770 Mercantile Drive, suite100, (p.3)
2025-08-24 22:08:31,961 | INFO |  -  4. FEDERAL EMISSION CONTROL WARRANTY STATEMENT (p.3)
2025-08-24 22:08:31,963 | INFO |  -  5. YOUR WARRANTY RIGHTS AND OBLIGATIONS (p.3)
2025-08-24 22:08:31,965 | INFO |  -  6. MANUFACTURER'S WARRANTY COVERAGE: (p.4)
2025-08-24 22:08:31,968 | INFO |  -  7. OWNER'S WARRANTY RESPONSIBILITIES: (p.4)
2025-08-24 22:08:31,970 | INFO |  -  8. CALIFORNIA EMISSION CONTROL WARRANTY STATEMENT (p.5)
2025-08-24 22:08:31,973 | INFO |  -  9. 4770 Mercantile Drive, suite100, Fort Worth, TX 76137 U.S.A. (p.6)
2025-08-24 22:08:31,976 | INFO |  - 10. MANUAL SAFETY SYMBOLS (p.6)
2025-08-24 22:08:31,978 | INFO |  - 11. 4. Always use eye protection and hearing protection. (p.7)
2025-08-24 22:08:31,981 | INFO |  - 12. 7. Never operate a Backpack blower when you are fatigued. (p.7)
2025-08-24 22:08:31,983 | INFO |  - 13. 17. Use the Backpack blower only in daylight or good artificial light. (p.7)
2025-08-24 22:08:31,986 | INFO |  - 14. 18. Do not allow bystanders in work area. (p.7)
2025-08-24 22:08:31,989 | INFO |  - 15. 19. Do not operate without guard(s) in place. (p.7)
2025-08-24 22:08:31,992 | INFO |  - 16. 20. Do not operate in unventilated area. (p.7)
2025-08-24 22:08:31,994 | INFO |  - 17. 23. To reduce the risk of fire and burn injury: (p.7)
2025-08-24 22:08:31,996 | INFO |  - 18. BEFORE OPERATION (p.10)
2025-08-24 22:08:31,999 | INFO |  - 19. RECOMMENDED FUEL TYPE (p.10)
2025-08-24 22:08:32,001 | INFO |  - 20. FUEL: MIXING GASOLINE AND OIL (p.11)
2025-08-24 22:08:32,003 | INFO |  - 21. OPERATING INSTRUCTIONS (p.12)
2025-08-24 22:08:32,006 | INFO |  - 22. STOPPING THE ENGINE (p.13)
2025-08-24 22:08:32,008 | INFO |  - 23. REGULAR MAINTENANCE (p.13)
2025-08-24 22:08:32,010 | INFO |  - 24. Air Filter Cleaning (p.13)
2025-08-24 22:08:32,014 | INFO |  - 25. 1. Loosen the knob and remove the air cleaner cover. (p.13)
2025-08-24 22:08:32,017 | INFO |  - 26. 2. Remove the FOAM FILTER and AIR FILTER (PAPER) (p.13)
2025-08-24 22:08:32,020 | INFO |  - 27. 3. Clean the filter. (p.13)
2025-08-24 22:08:32,023 | INFO |  - 28. 4. Reassemble components in reverse order. (p.13)
2025-08-24 22:08:32,026 | INFO |  - 29. 5. Reinstall the air cleaner cover and tighten the knob. (p.13)
2025-08-24 22:08:32,028 | INFO |  - 30. 1. With the engine at ambient (room) temperature, twists (p.14)
2025-08-24 22:08:32,031 | INFO |  - 31. 2. Remove the spark plug. (p.14)
2025-08-24 22:08:32,033 | INFO |  - 32. 3. Clean the electrodes with a stiff brush. (p.14)
2025-08-24 22:08:32,036 | INFO |  - 33. 4. Adjust the electrode air gap to .024-.028 in (0.6- 0.7 (p.14)
2025-08-24 22:08:32,040 | INFO |  - 34. 5. Replace the spark plug if it is oil-fouled, damaged, or if (p.14)
2025-08-24 22:08:32,043 | INFO |  - 35. 6. Do not over tighten the spark plug when installing. The (p.14)
2025-08-24 22:08:32,047 | INFO |  - 36. 1. Make sure the fuel tank is empty. (p.14)
2025-08-24 22:08:32,049 | INFO |  - 37. 2. Remove the fuel cap. (p.14)
2025-08-24 22:08:32,053 | INFO |  - 38. 3. Using a wire hook, gently pull the fuel filter out through (p.14)
2025-08-24 22:08:32,056 | INFO |  - 39. 4. Grasp the fuel hose next to the fuel filter fitting and (p.14)
2025-08-24 22:08:32,059 | INFO |  - 40. 5. While still holding on to the fuel hose, attach the new (p.14)
2025-08-24 22:08:32,063 | INFO |  - 41. 6. Drop the new fuel filter back into the fuel tank. (p.14)
2025-08-24 22:08:32,067 | INFO |  - 42. 1. With the engine at ambient (room) temperature, loosen (p.14)
2025-08-24 22:08:32,070 | INFO |  - 43. 2. Remove the five screws retaining the top cover, then (p.14)
2025-08-24 22:08:32,073 | INFO |  - 44. 4. Clean all dirt and debris from the cooling fins and from (p.14)
2025-08-24 22:08:32,076 | INFO |  - 45. 5. Reinstall the top cover and tighten the knob. (p.14)
2025-08-24 22:08:32,081 | INFO |  - 46. 2. Remove the screw from the muffler. (p.15)
2025-08-24 22:08:32,084 | INFO |  - 47. 3. Take the spark arrester out of the muffler, and then (p.15)
2025-08-24 22:08:32,088 | INFO |  - 48. 4. Return the spark arrester to the muffler. (p.15)
2025-08-24 22:08:32,090 | INFO |  - 49. 5. Tighten the screw securely. (p.15)
2025-08-24 22:08:32,093 | INFO |  - 50. EXHAUST MUFFLER (p.15)
2025-08-24 22:08:32,096 | INFO |  - 51. 3. Remove the spark arrester (see spark arrester (p.15)
2025-08-24 22:08:32,099 | INFO |  - 52. 5. Reinstall the spark arrester and tail onto the muffler, (p.15)
2025-08-24 22:08:32,103 | INFO |  - 53. 6. Reinstall the top cover and the cleaner cover. (p.15)
2025-08-24 22:08:32,107 | INFO |  - 54. GENERAL CLEANING AND TIGHTENING (p.15)
2025-08-24 22:08:32,109 | INFO |  - 55. EMISSION CONTROL INFORMATION (p.16)
2025-08-24 22:08:32,112 | INFO |  - 56. EXHAUST AND EVAPORATIVE EMISSION CONTROL SYSTEM (p.16)
2025-08-24 22:08:32,116 | INFO |  - 57. MAINTENANCE AND WARRANTY (p.16)
2025-08-24 22:08:32,119 | INFO |  - 58. TAMPERING WITH EMISSION CONTROL SYSTEM PROHIBITED (p.16)
2025-08-24 22:08:32,123 | INFO |  - 59. IDLING SPEED ADJUSTMENT (p.17)
2025-08-24 22:08:32,126 | INFO |  - 60. 1. Idle speed is the only available adjustment. (p.17)
2025-08-24 22:08:32,130 | INFO |  - 61. PERIODIC MAINTENANCE CHART (p.17)
2025-08-24 22:13:53,193 | DEBUG | Logger initialized -> logs/semantic_index.log
2025-08-24 22:13:53,205 | INFO | Log file: /home/meghana/Documents/BlueCaffeine/Retriever_Test/logs/semantic_index.log
2025-08-24 22:13:53,206 | INFO | PDF: /home/meghana/Downloads/BL9000-Owners-Manual.pdf
2025-08-24 22:13:53,208 | INFO | === Build index start ===
2025-08-24 22:13:53,753 | INFO | Extracted 696 text blocks (avg font size 9.68)
2025-08-24 22:13:53,756 | DEBUG | Added TOC entry: Limited Warranty Statement (p.2, size: 14.3)
2025-08-24 22:13:53,758 | DEBUG | Added TOC entry: DISCLAIMER OF IMPLIED WARRANTIES (p.2, size: 13.5)
2025-08-24 22:13:53,759 | DEBUG | Added TOC entry: 4770 Mercantile Drive, suite100, (p.3, size: 12.0)
2025-08-24 22:13:53,761 | DEBUG | Added TOC entry: FEDERAL EMISSION CONTROL WARRANTY STATEMENT (p.3, size: 20.1)
2025-08-24 22:13:53,763 | DEBUG | Added TOC entry: YOUR WARRANTY RIGHTS AND OBLIGATIONS (p.3, size: 20.3)
2025-08-24 22:13:53,764 | DEBUG | Added TOC entry: MANUFACTURER'S WARRANTY COVERAGE: (p.4, size: 12.5)
2025-08-24 22:13:53,767 | DEBUG | Added TOC entry: OWNER'S WARRANTY RESPONSIBILITIES: (p.4, size: 12.5)
2025-08-24 22:13:53,770 | DEBUG | Added TOC entry: CALIFORNIA EMISSION CONTROL WARRANTY STATEMENT (p.5, size: 19.6)
2025-08-24 22:13:53,772 | DEBUG | Added TOC entry: 4770 Mercantile Drive, suite100, Fort Worth, TX 76137 U.S.A. (p.6, size: 9.0)
2025-08-24 22:13:53,775 | DEBUG | Added TOC entry: MANUAL SAFETY SYMBOLS (p.6, size: 22.0)
2025-08-24 22:13:53,778 | DEBUG | Added TOC entry: 4. Always use eye protection and hearing protection. (p.7, size: 9.0)
2025-08-24 22:13:53,780 | DEBUG | Added TOC entry: 7. Never operate a Backpack blower when you are fatigued. (p.7, size: 9.0)
2025-08-24 22:13:53,783 | DEBUG | Added TOC entry: 17. Use the Backpack blower only in daylight or good artificial light. (p.7, size: 9.0)
2025-08-24 22:13:53,786 | DEBUG | Added TOC entry: 18. Do not allow bystanders in work area. (p.7, size: 9.0)
2025-08-24 22:13:53,788 | DEBUG | Added TOC entry: 19. Do not operate without guard(s) in place. (p.7, size: 9.0)
2025-08-24 22:13:53,791 | DEBUG | Added TOC entry: 20. Do not operate in unventilated area. (p.7, size: 9.0)
2025-08-24 22:13:53,794 | DEBUG | Added TOC entry: 23. To reduce the risk of fire and burn injury: (p.7, size: 9.0)
2025-08-24 22:13:53,798 | DEBUG | Added TOC entry: BEFORE OPERATION (p.10, size: 22.0)
2025-08-24 22:13:53,800 | DEBUG | Added TOC entry: RECOMMENDED FUEL TYPE (p.10, size: 12.0)
2025-08-24 22:13:53,803 | DEBUG | Added TOC entry: FUEL: MIXING GASOLINE AND OIL (p.11, size: 12.5)
2025-08-24 22:13:53,806 | DEBUG | Added TOC entry: OPERATING INSTRUCTIONS (p.12, size: 16.3)
2025-08-24 22:13:53,809 | DEBUG | Added TOC entry: STOPPING THE ENGINE (p.13, size: 12.0)
2025-08-24 22:13:53,810 | DEBUG | Added TOC entry: REGULAR MAINTENANCE (p.13, size: 22.0)
2025-08-24 22:13:53,814 | DEBUG | Added TOC entry: Air Filter Cleaning (p.13, size: 11.8)
2025-08-24 22:13:53,816 | DEBUG | Added TOC entry: 1. Loosen the knob and remove the air cleaner cover. (p.13, size: 9.0)
2025-08-24 22:13:53,818 | DEBUG | Added TOC entry: 2. Remove the FOAM FILTER and AIR FILTER (PAPER) (p.13, size: 9.5)
2025-08-24 22:13:53,821 | DEBUG | Added TOC entry: 3. Clean the filter. (p.13, size: 9.0)
2025-08-24 22:13:53,823 | DEBUG | Added TOC entry: 4. Reassemble components in reverse order. (p.13, size: 9.0)
2025-08-24 22:13:53,826 | DEBUG | Added TOC entry: 5. Reinstall the air cleaner cover and tighten the knob. (p.13, size: 9.5)
2025-08-24 22:13:53,830 | DEBUG | Added TOC entry: 1. With the engine at ambient (room) temperature, twists (p.14, size: 9.0)
2025-08-24 22:13:53,833 | DEBUG | Added TOC entry: 2. Remove the spark plug. (p.14, size: 9.0)
2025-08-24 22:13:53,835 | DEBUG | Added TOC entry: 3. Clean the electrodes with a stiff brush. (p.14, size: 8.0)
2025-08-24 22:13:53,837 | DEBUG | Added TOC entry: 4. Adjust the electrode air gap to .024-.028 in (0.6- 0.7 (p.14, size: 9.0)
2025-08-24 22:13:53,840 | DEBUG | Added TOC entry: 5. Replace the spark plug if it is oil-fouled, damaged, or if (p.14, size: 9.0)
2025-08-24 22:13:53,842 | DEBUG | Added TOC entry: 6. Do not over tighten the spark plug when installing. The (p.14, size: 9.0)
2025-08-24 22:13:53,844 | DEBUG | Added TOC entry: 1. Make sure the fuel tank is empty. (p.14, size: 9.0)
2025-08-24 22:13:53,848 | DEBUG | Added TOC entry: 2. Remove the fuel cap. (p.14, size: 9.0)
2025-08-24 22:13:53,850 | DEBUG | Added TOC entry: 3. Using a wire hook, gently pull the fuel filter out through (p.14, size: 9.0)
2025-08-24 22:13:53,852 | DEBUG | Added TOC entry: 4. Grasp the fuel hose next to the fuel filter fitting and (p.14, size: 9.0)
2025-08-24 22:13:53,855 | DEBUG | Added TOC entry: 5. While still holding on to the fuel hose, attach the new (p.14, size: 9.0)
2025-08-24 22:13:53,858 | DEBUG | Added TOC entry: 6. Drop the new fuel filter back into the fuel tank. (p.14, size: 9.0)
2025-08-24 22:13:53,861 | DEBUG | Added TOC entry: 1. With the engine at ambient (room) temperature, loosen (p.14, size: 9.0)
2025-08-24 22:13:53,864 | DEBUG | Added TOC entry: 2. Remove the five screws retaining the top cover, then (p.14, size: 9.0)
2025-08-24 22:13:53,867 | DEBUG | Added TOC entry: 4. Clean all dirt and debris from the cooling fins and from (p.14, size: 9.0)
2025-08-24 22:13:53,869 | DEBUG | Added TOC entry: 5. Reinstall the top cover and tighten the knob. (p.14, size: 8.0)
2025-08-24 22:13:53,872 | DEBUG | Added TOC entry: 2. Remove the screw from the muffler. (p.15, size: 9.0)
2025-08-24 22:13:53,874 | DEBUG | Added TOC entry: 3. Take the spark arrester out of the muffler, and then (p.15, size: 9.0)
2025-08-24 22:13:53,877 | DEBUG | Added TOC entry: 4. Return the spark arrester to the muffler. (p.15, size: 9.0)
2025-08-24 22:13:53,880 | DEBUG | Added TOC entry: 5. Tighten the screw securely. (p.15, size: 10.5)
2025-08-24 22:13:53,883 | DEBUG | Added TOC entry: EXHAUST MUFFLER (p.15, size: 13.0)
2025-08-24 22:13:53,886 | DEBUG | Added TOC entry: 3. Remove the spark arrester (see spark arrester (p.15, size: 9.0)
2025-08-24 22:13:53,889 | DEBUG | Added TOC entry: 5. Reinstall the spark arrester and tail onto the muffler, (p.15, size: 9.0)
2025-08-24 22:13:53,892 | DEBUG | Added TOC entry: 6. Reinstall the top cover and the cleaner cover. (p.15, size: 9.0)
2025-08-24 22:13:53,895 | DEBUG | Added TOC entry: GENERAL CLEANING AND TIGHTENING (p.15, size: 12.0)
2025-08-24 22:13:53,898 | DEBUG | Added TOC entry: EMISSION CONTROL INFORMATION (p.16, size: 23.0)
2025-08-24 22:13:53,901 | DEBUG | Added TOC entry: EXHAUST AND EVAPORATIVE EMISSION CONTROL SYSTEM (p.16, size: 12.0)
2025-08-24 22:13:53,904 | DEBUG | Added TOC entry: MAINTENANCE AND WARRANTY (p.16, size: 12.0)
2025-08-24 22:13:53,907 | DEBUG | Added TOC entry: TAMPERING WITH EMISSION CONTROL SYSTEM PROHIBITED (p.16, size: 12.5)
2025-08-24 22:13:53,910 | DEBUG | Added TOC entry: IDLING SPEED ADJUSTMENT (p.17, size: 12.0)
2025-08-24 22:13:53,912 | DEBUG | Added TOC entry: 1. Idle speed is the only available adjustment. (p.17, size: 9.0)
2025-08-24 22:13:53,916 | DEBUG | Added TOC entry: PERIODIC MAINTENANCE CHART (p.17, size: 11.3)
2025-08-24 22:13:53,918 | INFO | Detected 61 TOC entries
2025-08-24 22:13:53,921 | INFO | Exported TOC -> out/index_TOC.json
2025-08-24 22:13:53,924 | INFO | === Build index done ===
2025-08-24 22:13:53,926 | INFO | Final MAIN TOC entries:
2025-08-24 22:13:53,928 | INFO |  -  1. Limited Warranty Statement (p.2)
2025-08-24 22:13:53,931 | INFO |  -  2. DISCLAIMER OF IMPLIED WARRANTIES (p.2)
2025-08-24 22:13:53,934 | INFO |  -  3. 4770 Mercantile Drive, suite100, (p.3)
2025-08-24 22:13:53,936 | INFO |  -  4. FEDERAL EMISSION CONTROL WARRANTY STATEMENT (p.3)
2025-08-24 22:13:53,939 | INFO |  -  5. YOUR WARRANTY RIGHTS AND OBLIGATIONS (p.3)
2025-08-24 22:13:53,942 | INFO |  -  6. MANUFACTURER'S WARRANTY COVERAGE: (p.4)
2025-08-24 22:13:53,945 | INFO |  -  7. OWNER'S WARRANTY RESPONSIBILITIES: (p.4)
2025-08-24 22:13:53,948 | INFO |  -  8. CALIFORNIA EMISSION CONTROL WARRANTY STATEMENT (p.5)
2025-08-24 22:13:53,950 | INFO |  -  9. 4770 Mercantile Drive, suite100, Fort Worth, TX 76137 U.S.A. (p.6)
2025-08-24 22:13:53,953 | INFO |  - 10. MANUAL SAFETY SYMBOLS (p.6)
2025-08-24 22:13:53,956 | INFO |  - 11. 4. Always use eye protection and hearing protection. (p.7)
2025-08-24 22:13:53,959 | INFO |  - 12. 7. Never operate a Backpack blower when you are fatigued. (p.7)
2025-08-24 22:13:53,961 | INFO |  - 13. 17. Use the Backpack blower only in daylight or good artificial light. (p.7)
2025-08-24 22:13:53,964 | INFO |  - 14. 18. Do not allow bystanders in work area. (p.7)
2025-08-24 22:13:53,967 | INFO |  - 15. 19. Do not operate without guard(s) in place. (p.7)
2025-08-24 22:13:53,969 | INFO |  - 16. 20. Do not operate in unventilated area. (p.7)
2025-08-24 22:13:53,971 | INFO |  - 17. 23. To reduce the risk of fire and burn injury: (p.7)
2025-08-24 22:13:53,974 | INFO |  - 18. BEFORE OPERATION (p.10)
2025-08-24 22:13:53,976 | INFO |  - 19. RECOMMENDED FUEL TYPE (p.10)
2025-08-24 22:13:53,979 | INFO |  - 20. FUEL: MIXING GASOLINE AND OIL (p.11)
2025-08-24 22:13:53,981 | INFO |  - 21. OPERATING INSTRUCTIONS (p.12)
2025-08-24 22:13:53,984 | INFO |  - 22. STOPPING THE ENGINE (p.13)
2025-08-24 22:13:53,986 | INFO |  - 23. REGULAR MAINTENANCE (p.13)
2025-08-24 22:13:53,988 | INFO |  - 24. Air Filter Cleaning (p.13)
2025-08-24 22:13:53,991 | INFO |  - 25. 1. Loosen the knob and remove the air cleaner cover. (p.13)
2025-08-24 22:13:53,993 | INFO |  - 26. 2. Remove the FOAM FILTER and AIR FILTER (PAPER) (p.13)
2025-08-24 22:13:53,995 | INFO |  - 27. 3. Clean the filter. (p.13)
2025-08-24 22:13:53,998 | INFO |  - 28. 4. Reassemble components in reverse order. (p.13)
2025-08-24 22:13:54,001 | INFO |  - 29. 5. Reinstall the air cleaner cover and tighten the knob. (p.13)
2025-08-24 22:13:54,004 | INFO |  - 30. 1. With the engine at ambient (room) temperature, twists (p.14)
2025-08-24 22:13:54,007 | INFO |  - 31. 2. Remove the spark plug. (p.14)
2025-08-24 22:13:54,009 | INFO |  - 32. 3. Clean the electrodes with a stiff brush. (p.14)
2025-08-24 22:13:54,012 | INFO |  - 33. 4. Adjust the electrode air gap to .024-.028 in (0.6- 0.7 (p.14)
2025-08-24 22:13:54,015 | INFO |  - 34. 5. Replace the spark plug if it is oil-fouled, damaged, or if (p.14)
2025-08-24 22:13:54,018 | INFO |  - 35. 6. Do not over tighten the spark plug when installing. The (p.14)
2025-08-24 22:13:54,021 | INFO |  - 36. 1. Make sure the fuel tank is empty. (p.14)
2025-08-24 22:13:54,024 | INFO |  - 37. 2. Remove the fuel cap. (p.14)
2025-08-24 22:13:54,027 | INFO |  - 38. 3. Using a wire hook, gently pull the fuel filter out through (p.14)
2025-08-24 22:13:54,030 | INFO |  - 39. 4. Grasp the fuel hose next to the fuel filter fitting and (p.14)
2025-08-24 22:13:54,033 | INFO |  - 40. 5. While still holding on to the fuel hose, attach the new (p.14)
2025-08-24 22:13:54,035 | INFO |  - 41. 6. Drop the new fuel filter back into the fuel tank. (p.14)
2025-08-24 22:13:54,038 | INFO |  - 42. 1. With the engine at ambient (room) temperature, loosen (p.14)
2025-08-24 22:13:54,041 | INFO |  - 43. 2. Remove the five screws retaining the top cover, then (p.14)
2025-08-24 22:13:54,044 | INFO |  - 44. 4. Clean all dirt and debris from the cooling fins and from (p.14)
2025-08-24 22:13:54,047 | INFO |  - 45. 5. Reinstall the top cover and tighten the knob. (p.14)
2025-08-24 22:13:54,049 | INFO |  - 46. 2. Remove the screw from the muffler. (p.15)
2025-08-24 22:13:54,052 | INFO |  - 47. 3. Take the spark arrester out of the muffler, and then (p.15)
2025-08-24 22:13:54,055 | INFO |  - 48. 4. Return the spark arrester to the muffler. (p.15)
2025-08-24 22:13:54,058 | INFO |  - 49. 5. Tighten the screw securely. (p.15)
2025-08-24 22:13:54,061 | INFO |  - 50. EXHAUST MUFFLER (p.15)
2025-08-24 22:13:54,064 | INFO |  - 51. 3. Remove the spark arrester (see spark arrester (p.15)
2025-08-24 22:13:54,067 | INFO |  - 52. 5. Reinstall the spark arrester and tail onto the muffler, (p.15)
2025-08-24 22:13:54,069 | INFO |  - 53. 6. Reinstall the top cover and the cleaner cover. (p.15)
2025-08-24 22:13:54,072 | INFO |  - 54. GENERAL CLEANING AND TIGHTENING (p.15)
2025-08-24 22:13:54,075 | INFO |  - 55. EMISSION CONTROL INFORMATION (p.16)
2025-08-24 22:13:54,078 | INFO |  - 56. EXHAUST AND EVAPORATIVE EMISSION CONTROL SYSTEM (p.16)
2025-08-24 22:13:54,080 | INFO |  - 57. MAINTENANCE AND WARRANTY (p.16)
2025-08-24 22:13:54,083 | INFO |  - 58. TAMPERING WITH EMISSION CONTROL SYSTEM PROHIBITED (p.16)
2025-08-24 22:13:54,085 | INFO |  - 59. IDLING SPEED ADJUSTMENT (p.17)
2025-08-24 22:13:54,088 | INFO |  - 60. 1. Idle speed is the only available adjustment. (p.17)
2025-08-24 22:13:54,091 | INFO |  - 61. PERIODIC MAINTENANCE CHART (p.17)
2025-08-24 22:17:02,631 | DEBUG | Logger initialized -> logs/semantic_index.log
2025-08-24 22:17:02,641 | INFO | Log file: /home/meghana/Documents/BlueCaffeine/Retriever_Test/logs/semantic_index.log
2025-08-24 22:17:02,643 | INFO | PDF: /home/meghana/Downloads/BL9000-Owners-Manual.pdf
2025-08-24 22:17:02,644 | INFO | === Build index start ===
2025-08-24 22:17:03,171 | INFO | Extracted 696 text blocks (avg font size 9.66)
2025-08-24 22:17:03,175 | DEBUG | Added MAIN heading: WARNING (p.2, size: 18.0, bold: True, underlined: False)
2025-08-24 22:17:03,177 | DEBUG | Added MAIN heading: Limited Warranty Statement (p.2, size: 18.0, bold: True, underlined: False)
2025-08-24 22:17:03,179 | DEBUG | Added MAIN heading: DISCLAIMER OF IMPLIED WARRANTIES (p.2, size: 18.0, bold: True, underlined: False)
2025-08-24 22:17:03,182 | DEBUG | Added SUB heading: Maruyama U.S., Inc. (p.3, size: 12.0, bold: True, underlined: False)
2025-08-24 22:17:03,184 | DEBUG | Added MAIN heading: 4770 Mercantile Drive, suite100, (p.3, size: 12.0, bold: True, underlined: False)
2025-08-24 22:17:03,186 | DEBUG | Added SUB heading: Fort Worth, TX 76137 U.S.A. (p.3, size: 12.0, bold: True, underlined: False)
2025-08-24 22:17:03,189 | DEBUG | Added SUB heading: (940)383-7400 (p.3, size: 12.0, bold: True, underlined: False)
2025-08-24 22:17:03,191 | DEBUG | Added SUB heading: maruyama@maruyama-us.com (p.3, size: 12.0, bold: True, underlined: False)
2025-08-24 22:17:03,193 | DEBUG | Added SUB heading: www.maruyama-us.com (p.3, size: 12.0, bold: True, underlined: False)
2025-08-24 22:17:03,196 | DEBUG | Added MAIN heading: FEDERAL EMISSION CONTROL WARRANTY STATEMENT (p.3, size: 20.1, bold: True, underlined: False)
2025-08-24 22:17:03,199 | DEBUG | Added MAIN heading: YOUR WARRANTY RIGHTS AND OBLIGATIONS (p.3, size: 20.1, bold: True, underlined: False)
2025-08-24 22:17:03,202 | DEBUG | Added MAIN heading: MANUFACTURER'S WARRANTY COVERAGE: (p.4, size: 12.0, bold: True, underlined: False)
2025-08-24 22:17:03,205 | DEBUG | Added MAIN heading: OWNER'S WARRANTY RESPONSIBILITIES: (p.4, size: 12.0, bold: True, underlined: False)
2025-08-24 22:17:03,208 | DEBUG | Added MAIN heading: COVERAGE (p.4, size: 12.0, bold: True, underlined: False)
2025-08-24 22:17:03,211 | DEBUG | Added MAIN heading: MAINTENANCE REQUIREMENTS (p.4, size: 12.0, bold: True, underlined: False)
2025-08-24 22:17:03,214 | DEBUG | Added MAIN heading: LIMITATIONS (p.4, size: 12.0, bold: True, underlined: False)
2025-08-24 22:17:03,217 | DEBUG | Added MAIN heading: CALIFORNIA EMISSION CONTROL WARRANTY STATEMENT (p.5, size: 19.6, bold: True, underlined: False)
2025-08-24 22:17:03,221 | DEBUG | Added MAIN heading: FOREWORD (p.6, size: 22.0, bold: True, underlined: False)
2025-08-24 22:17:03,224 | DEBUG | Added MAIN heading: MANUAL SAFETY SYMBOLS (p.6, size: 22.0, bold: True, underlined: False)
2025-08-24 22:17:03,227 | DEBUG | Added SUB heading: Operating techniques (p.7, size: 12.0, bold: True, underlined: False)
2025-08-24 22:17:03,231 | DEBUG | Added MAIN heading: SPECIFICATIONS (p.8, size: 22.0, bold: True, underlined: False)
2025-08-24 22:17:03,234 | DEBUG | Added SUB heading: BAND × 2 (p.9, size: 9.0, bold: False, underlined: True)
2025-08-24 22:17:03,237 | DEBUG | Added SUB heading: CLAMP × 2 (p.9, size: 9.0, bold: False, underlined: True)
2025-08-24 22:17:03,240 | DEBUG | Added MAIN heading: BEFORE OPERATION (p.10, size: 22.0, bold: True, underlined: False)
2025-08-24 22:17:03,243 | DEBUG | Added MAIN heading: THROTTLE LEVER (p.10, size: 12.0, bold: True, underlined: False)
2025-08-24 22:17:03,246 | DEBUG | Added SUB heading: CAUTION! (p.10, size: 12.0, bold: True, underlined: False)
2025-08-24 22:17:03,249 | DEBUG | Added SUB heading: 1.Shutting Engine Off (p.10, size: 12.0, bold: True, underlined: False)
2025-08-24 22:17:03,252 | DEBUG | Added SUB heading: 2.Transporting and Storage (p.10, size: 12.0, bold: True, underlined: False)
2025-08-24 22:17:03,255 | DEBUG | Added MAIN heading: RECOMMENDED FUEL TYPE (p.10, size: 12.0, bold: True, underlined: False)
2025-08-24 22:17:03,258 | DEBUG | Added MAIN heading: FUEL: MIXING GASOLINE AND OIL (p.11, size: 12.0, bold: True, underlined: False)
2025-08-24 22:17:03,262 | DEBUG | Added SUB heading: NOTE: (p.11, size: 12.0, bold: True, underlined: False)
2025-08-24 22:17:03,265 | DEBUG | Added MAIN heading: OPERATING INSTRUCTIONS (p.12, size: 22.0, bold: True, underlined: False)
2025-08-24 22:17:03,268 | DEBUG | Added MAIN heading: STARTING PROCEDURE (p.12, size: 12.0, bold: True, underlined: False)
2025-08-24 22:17:03,271 | DEBUG | Added MAIN heading: STEP #3) (p.12, size: 12.0, bold: False, underlined: False)
2025-08-24 22:17:03,274 | DEBUG | Added MAIN heading: STEP #1) (p.12, size: 12.0, bold: False, underlined: False)
2025-08-24 22:17:03,277 | DEBUG | Added MAIN heading: STEP #2) (p.12, size: 12.0, bold: False, underlined: False)
2025-08-24 22:17:03,281 | DEBUG | Added MAIN heading: STEP #4) (p.12, size: 12.0, bold: False, underlined: False)
2025-08-24 22:17:03,285 | DEBUG | Added MAIN heading: BLOWER OPERATION (p.13, size: 12.0, bold: True, underlined: False)
2025-08-24 22:17:03,288 | DEBUG | Added MAIN heading: STOPPING THE ENGINE (p.13, size: 12.0, bold: True, underlined: False)
2025-08-24 22:17:03,291 | DEBUG | Added MAIN heading: REGULAR MAINTENANCE (p.13, size: 22.0, bold: True, underlined: False)
2025-08-24 22:17:03,294 | DEBUG | Added MAIN heading: AIR FILTER (p.13, size: 12.0, bold: True, underlined: False)
2025-08-24 22:17:03,298 | DEBUG | Added SUB heading: ･ FOAM FILTER (p.13, size: 9.0, bold: False, underlined: True)
2025-08-24 22:17:03,301 | DEBUG | Added SUB heading: ･ AIR FILTER (PAPER) (p.13, size: 9.0, bold: False, underlined: True)
2025-08-24 22:17:03,305 | DEBUG | Added MAIN heading: COOLING FINS (p.14, size: 12.0, bold: True, underlined: False)
2025-08-24 22:17:03,308 | DEBUG | Added MAIN heading: FUEL FILTER (p.14, size: 12.0, bold: True, underlined: False)
2025-08-24 22:17:03,311 | DEBUG | Added MAIN heading: SPARK PLUG (p.14, size: 12.0, bold: True, underlined: False)
2025-08-24 22:17:03,314 | DEBUG | Added SUB heading: tightening torque is 95-148 in. lbs. (10.7-16.6 N ･ m). (p.14, size: 9.0, bold: False, underlined: True)
2025-08-24 22:17:03,319 | DEBUG | Added MAIN heading: SPARK ARRESTER (p.15, size: 12.0, bold: True, underlined: False)
2025-08-24 22:17:03,323 | DEBUG | Added MAIN heading: GUARD (p.15, size: 12.0, bold: True, underlined: False)
2025-08-24 22:17:03,327 | DEBUG | Added MAIN heading: EXHAUST MUFFLER (p.15, size: 13.0, bold: True, underlined: False)
2025-08-24 22:17:03,330 | DEBUG | Added MAIN heading: GENERAL CLEANING AND TIGHTENING (p.15, size: 12.0, bold: True, underlined: False)
2025-08-24 22:17:03,334 | DEBUG | Added MAIN heading: STORAGE (p.16, size: 22.0, bold: True, underlined: False)
2025-08-24 22:17:03,337 | DEBUG | Added MAIN heading: EMISSION CONTROL INFORMATION (p.16, size: 22.0, bold: True, underlined: False)
2025-08-24 22:17:03,340 | DEBUG | Added MAIN heading: FUEL INFORMATION (p.16, size: 12.0, bold: True, underlined: False)
2025-08-24 22:17:03,343 | DEBUG | Added MAIN heading: EXHAUST AND EVAPORATIVE EMISSION CONTROL SYSTEM (p.16, size: 12.0, bold: True, underlined: False)
2025-08-24 22:17:03,346 | DEBUG | Added MAIN heading: MAINTENANCE AND WARRANTY (p.16, size: 12.0, bold: True, underlined: False)
2025-08-24 22:17:03,349 | DEBUG | Added MAIN heading: TAMPERING WITH EMISSION CONTROL SYSTEM PROHIBITED (p.16, size: 12.0, bold: True, underlined: False)
2025-08-24 22:17:03,353 | DEBUG | Added MAIN heading: ADJUSTMENT (p.17, size: 22.0, bold: True, underlined: False)
2025-08-24 22:17:03,356 | DEBUG | Added MAIN heading: IDLING SPEED ADJUSTMENT (p.17, size: 12.0, bold: True, underlined: False)
2025-08-24 22:17:03,359 | DEBUG | Added MAIN heading: MAINTENANCE (p.17, size: 22.0, bold: True, underlined: False)
2025-08-24 22:17:03,362 | DEBUG | Added MAIN heading: PERIODIC MAINTENANCE CHART (p.17, size: 12.0, bold: True, underlined: False)
2025-08-24 22:17:03,365 | DEBUG | Added SUB heading: ● : Service to be performed by an authorized Maruyama engine dealer. (p.17, size: 9.0, bold: False, underlined: True)
2025-08-24 22:17:03,369 | DEBUG | Added SUB heading: ■ : Service more frequently under dusty conditions. (p.17, size: 9.0, bold: False, underlined: True)
2025-08-24 22:17:03,373 | INFO | Detected 63 TOC entries (46 main, 17 sub)
2025-08-24 22:17:03,378 | INFO | Exported TOC -> out/index_TOC.json
2025-08-24 22:17:03,381 | INFO | Exported formatted TOC -> out/index_TOC_formatted.txt
2025-08-24 22:17:03,383 | INFO | === Build index done ===
2025-08-24 22:17:03,386 | INFO | Final TOC entries:
2025-08-24 22:17:03,389 | INFO |  -  1. WARNING (p.2)
2025-08-24 22:17:03,392 | INFO |  -  2. Limited Warranty Statement (p.2)
2025-08-24 22:17:03,395 | INFO |  -  3. DISCLAIMER OF IMPLIED WARRANTIES (p.2)
2025-08-24 22:17:03,398 | INFO |  -  4. 4770 Mercantile Drive, suite100, (p.3)
2025-08-24 22:17:03,401 | INFO |  -  5. FEDERAL EMISSION CONTROL WARRANTY STATEMENT (p.3)
2025-08-24 22:17:03,403 | INFO |  -  6. YOUR WARRANTY RIGHTS AND OBLIGATIONS (p.3)
2025-08-24 22:17:03,406 | INFO |  -  7. MANUFACTURER'S WARRANTY COVERAGE: (p.4)
2025-08-24 22:17:03,409 | INFO |  -  8. OWNER'S WARRANTY RESPONSIBILITIES: (p.4)
2025-08-24 22:17:03,412 | INFO |  -  9. COVERAGE (p.4)
2025-08-24 22:17:03,415 | INFO |  - 10. MAINTENANCE REQUIREMENTS (p.4)
2025-08-24 22:17:03,417 | INFO |  - 11. LIMITATIONS (p.4)
2025-08-24 22:17:03,420 | INFO |  - 12. CALIFORNIA EMISSION CONTROL WARRANTY STATEMENT (p.5)
2025-08-24 22:17:03,422 | INFO |  - 13. FOREWORD (p.6)
2025-08-24 22:17:03,425 | INFO |  - 14. MANUAL SAFETY SYMBOLS (p.6)
2025-08-24 22:17:03,427 | INFO |  - 15. SPECIFICATIONS (p.8)
2025-08-24 22:17:03,430 | INFO |  - 16. BEFORE OPERATION (p.10)
2025-08-24 22:17:03,432 | INFO |  - 17. THROTTLE LEVER (p.10)
2025-08-24 22:17:03,435 | INFO |  - 18. RECOMMENDED FUEL TYPE (p.10)
2025-08-24 22:17:03,437 | INFO |  - 19. FUEL: MIXING GASOLINE AND OIL (p.11)
2025-08-24 22:17:03,441 | INFO |  - 20. OPERATING INSTRUCTIONS (p.12)
2025-08-24 22:17:03,445 | INFO |  - 21. STARTING PROCEDURE (p.12)
2025-08-24 22:17:03,447 | INFO |  - 22. STEP #3) (p.12)
2025-08-24 22:17:03,450 | INFO |  - 23. STEP #1) (p.12)
2025-08-24 22:17:03,452 | INFO |  - 24. STEP #2) (p.12)
2025-08-24 22:17:03,455 | INFO |  - 25. STEP #4) (p.12)
2025-08-24 22:17:03,457 | INFO |  - 26. BLOWER OPERATION (p.13)
2025-08-24 22:17:03,459 | INFO |  - 27. STOPPING THE ENGINE (p.13)
2025-08-24 22:17:03,462 | INFO |  - 28. REGULAR MAINTENANCE (p.13)
2025-08-24 22:17:03,464 | INFO |  - 29. AIR FILTER (p.13)
2025-08-24 22:17:03,467 | INFO |  - 30. COOLING FINS (p.14)
2025-08-24 22:17:03,469 | INFO |  - 31. FUEL FILTER (p.14)
2025-08-24 22:17:03,472 | INFO |  - 32. SPARK PLUG (p.14)
2025-08-24 22:17:03,475 | INFO |  - 33. SPARK ARRESTER (p.15)
2025-08-24 22:17:03,477 | INFO |  - 34. GUARD (p.15)
2025-08-24 22:17:03,479 | INFO |  - 35. EXHAUST MUFFLER (p.15)
2025-08-24 22:17:03,482 | INFO |  - 36. GENERAL CLEANING AND TIGHTENING (p.15)
2025-08-24 22:17:03,485 | INFO |  - 37. STORAGE (p.16)
2025-08-24 22:17:03,488 | INFO |  - 38. EMISSION CONTROL INFORMATION (p.16)
2025-08-24 22:17:03,490 | INFO |  - 39. FUEL INFORMATION (p.16)
2025-08-24 22:17:03,492 | INFO |  - 40. EXHAUST AND EVAPORATIVE EMISSION CONTROL SYSTEM (p.16)
2025-08-24 22:17:03,495 | INFO |  - 41. MAINTENANCE AND WARRANTY (p.16)
2025-08-24 22:17:03,497 | INFO |  - 42. TAMPERING WITH EMISSION CONTROL SYSTEM PROHIBITED (p.16)
2025-08-24 22:17:03,500 | INFO |  - 43. ADJUSTMENT (p.17)
2025-08-24 22:17:03,502 | INFO |  - 44. IDLING SPEED ADJUSTMENT (p.17)
2025-08-24 22:17:03,506 | INFO |  - 45. MAINTENANCE (p.17)
2025-08-24 22:17:03,508 | INFO |  - 46. PERIODIC MAINTENANCE CHART (p.17)
2025-08-24 22:17:03,510 | INFO | Subheadings found:
2025-08-24 22:17:03,512 | INFO |      - Maruyama U.S., Inc. (p.3)
2025-08-24 22:17:03,515 | INFO |      - Fort Worth, TX 76137 U.S.A. (p.3)
2025-08-24 22:17:03,518 | INFO |      - (940)383-7400 (p.3)
2025-08-24 22:17:03,526 | INFO |      - maruyama@maruyama-us.com (p.3)
2025-08-24 22:17:03,529 | INFO |      - www.maruyama-us.com (p.3)
2025-08-24 22:17:03,531 | INFO |      - Operating techniques (p.7)
2025-08-24 22:17:03,535 | INFO |      - BAND × 2 (p.9) (underlined)
2025-08-24 22:17:03,537 | INFO |      - CLAMP × 2 (p.9) (underlined)
2025-08-24 22:17:03,541 | INFO |      - CAUTION! (p.10)
2025-08-24 22:17:03,544 | INFO |      - 1.Shutting Engine Off (p.10)
2025-08-24 22:17:03,549 | INFO |      - 2.Transporting and Storage (p.10)
2025-08-24 22:17:03,554 | INFO |      - NOTE: (p.11)
2025-08-24 22:17:03,556 | INFO |      - ･ FOAM FILTER (p.13) (underlined)
2025-08-24 22:17:03,560 | INFO |      - ･ AIR FILTER (PAPER) (p.13) (underlined)
2025-08-24 22:17:03,563 | INFO |      - tightening torque is 95-148 in. lbs. (10.7-16.6 N ･ m). (p.14) (underlined)
2025-08-24 22:17:03,566 | INFO |      - ● : Service to be performed by an authorized Maruyama engine dealer. (p.17) (underlined)
2025-08-24 22:17:03,569 | INFO |      - ■ : Service more frequently under dusty conditions. (p.17) (underlined)
2025-08-24 22:21:48,124 | DEBUG | Logger initialized -> logs/semantic_index.log
2025-08-24 22:21:48,135 | INFO | Log file: /home/meghana/Documents/BlueCaffeine/Retriever_Test/logs/semantic_index.log
2025-08-24 22:21:48,137 | INFO | PDF: /home/meghana/Downloads/BL9000-Owners-Manual.pdf
2025-08-24 22:21:48,139 | INFO | === Build index start ===
2025-08-24 22:21:48,857 | INFO | Extracted 696 text blocks (avg font size 9.66)
2025-08-24 22:21:48,861 | DEBUG | Added MAIN heading: WARNING (p.2, size: 18.0, bold: True, underlined: False)
2025-08-24 22:21:48,864 | DEBUG | Added MAIN heading: Limited Warranty Statement (p.2, size: 18.0, bold: True, underlined: False)
2025-08-24 22:21:48,867 | DEBUG | Added MAIN heading: DISCLAIMER OF IMPLIED WARRANTIES (p.2, size: 18.0, bold: True, underlined: False)
2025-08-24 22:21:48,869 | DEBUG | Added SUB heading: Maruyama U.S., Inc. (p.3, size: 12.0, bold: True, underlined: False)
2025-08-24 22:21:48,872 | DEBUG | Added MAIN heading: 4770 Mercantile Drive, suite100, (p.3, size: 12.0, bold: True, underlined: False)
2025-08-24 22:21:48,875 | DEBUG | Added SUB heading: Fort Worth, TX 76137 U.S.A. (p.3, size: 12.0, bold: True, underlined: False)
2025-08-24 22:21:48,878 | DEBUG | Added SUB heading: (940)383-7400 (p.3, size: 12.0, bold: True, underlined: False)
2025-08-24 22:21:48,880 | DEBUG | Added SUB heading: maruyama@maruyama-us.com (p.3, size: 12.0, bold: True, underlined: False)
2025-08-24 22:21:48,883 | DEBUG | Added SUB heading: www.maruyama-us.com (p.3, size: 12.0, bold: True, underlined: False)
2025-08-24 22:21:48,886 | DEBUG | Added MAIN heading: FEDERAL EMISSION CONTROL WARRANTY STATEMENT (p.3, size: 20.1, bold: True, underlined: False)
2025-08-24 22:21:48,889 | DEBUG | Added MAIN heading: YOUR WARRANTY RIGHTS AND OBLIGATIONS (p.3, size: 20.1, bold: True, underlined: False)
2025-08-24 22:21:48,892 | DEBUG | Added MAIN heading: MANUFACTURER'S WARRANTY COVERAGE: (p.4, size: 12.0, bold: True, underlined: False)
2025-08-24 22:21:48,894 | DEBUG | Added MAIN heading: OWNER'S WARRANTY RESPONSIBILITIES: (p.4, size: 12.0, bold: True, underlined: False)
2025-08-24 22:21:48,898 | DEBUG | Added MAIN heading: COVERAGE (p.4, size: 12.0, bold: True, underlined: False)
2025-08-24 22:21:48,901 | DEBUG | Added MAIN heading: MAINTENANCE REQUIREMENTS (p.4, size: 12.0, bold: True, underlined: False)
2025-08-24 22:21:48,904 | DEBUG | Added MAIN heading: LIMITATIONS (p.4, size: 12.0, bold: True, underlined: False)
2025-08-24 22:21:48,907 | DEBUG | Added MAIN heading: CALIFORNIA EMISSION CONTROL WARRANTY STATEMENT (p.5, size: 19.6, bold: True, underlined: False)
2025-08-24 22:21:48,910 | DEBUG | Added MAIN heading: FOREWORD (p.6, size: 22.0, bold: True, underlined: False)
2025-08-24 22:21:48,913 | DEBUG | Added MAIN heading: MANUAL SAFETY SYMBOLS (p.6, size: 22.0, bold: True, underlined: False)
2025-08-24 22:21:48,917 | DEBUG | Added SUB heading: Operating techniques (p.7, size: 12.0, bold: True, underlined: False)
2025-08-24 22:21:48,920 | DEBUG | Added MAIN heading: SPECIFICATIONS (p.8, size: 22.0, bold: True, underlined: False)
2025-08-24 22:21:48,924 | DEBUG | Added SUB heading: BAND × 2 (p.9, size: 9.0, bold: False, underlined: True)
2025-08-24 22:21:48,927 | DEBUG | Added SUB heading: CLAMP × 2 (p.9, size: 9.0, bold: False, underlined: True)
2025-08-24 22:21:48,930 | DEBUG | Added MAIN heading: BEFORE OPERATION (p.10, size: 22.0, bold: True, underlined: False)
2025-08-24 22:21:48,933 | DEBUG | Added MAIN heading: THROTTLE LEVER (p.10, size: 12.0, bold: True, underlined: False)
2025-08-24 22:21:48,936 | DEBUG | Added SUB heading: CAUTION! (p.10, size: 12.0, bold: True, underlined: False)
2025-08-24 22:21:48,939 | DEBUG | Added SUB heading: 1.Shutting Engine Off (p.10, size: 12.0, bold: True, underlined: False)
2025-08-24 22:21:48,942 | DEBUG | Added SUB heading: 2.Transporting and Storage (p.10, size: 12.0, bold: True, underlined: False)
2025-08-24 22:21:48,945 | DEBUG | Added MAIN heading: RECOMMENDED FUEL TYPE (p.10, size: 12.0, bold: True, underlined: False)
2025-08-24 22:21:48,949 | DEBUG | Added MAIN heading: FUEL: MIXING GASOLINE AND OIL (p.11, size: 12.0, bold: True, underlined: False)
2025-08-24 22:21:48,952 | DEBUG | Added SUB heading: NOTE: (p.11, size: 12.0, bold: True, underlined: False)
2025-08-24 22:21:48,956 | DEBUG | Added MAIN heading: OPERATING INSTRUCTIONS (p.12, size: 22.0, bold: True, underlined: False)
2025-08-24 22:21:48,959 | DEBUG | Added MAIN heading: STARTING PROCEDURE (p.12, size: 12.0, bold: True, underlined: False)
2025-08-24 22:21:48,962 | DEBUG | Added MAIN heading: STEP #3) (p.12, size: 12.0, bold: False, underlined: False)
2025-08-24 22:21:48,965 | DEBUG | Added MAIN heading: STEP #1) (p.12, size: 12.0, bold: False, underlined: False)
2025-08-24 22:21:48,968 | DEBUG | Added MAIN heading: STEP #2) (p.12, size: 12.0, bold: False, underlined: False)
2025-08-24 22:21:48,971 | DEBUG | Added MAIN heading: STEP #4) (p.12, size: 12.0, bold: False, underlined: False)
2025-08-24 22:21:48,975 | DEBUG | Added MAIN heading: BLOWER OPERATION (p.13, size: 12.0, bold: True, underlined: False)
2025-08-24 22:21:48,978 | DEBUG | Added MAIN heading: STOPPING THE ENGINE (p.13, size: 12.0, bold: True, underlined: False)
2025-08-24 22:21:48,981 | DEBUG | Added MAIN heading: REGULAR MAINTENANCE (p.13, size: 22.0, bold: True, underlined: False)
2025-08-24 22:21:48,984 | DEBUG | Added MAIN heading: AIR FILTER (p.13, size: 12.0, bold: True, underlined: False)
2025-08-24 22:21:48,988 | DEBUG | Added SUB heading: ･ FOAM FILTER (p.13, size: 9.0, bold: False, underlined: True)
2025-08-24 22:21:48,991 | DEBUG | Added SUB heading: ･ AIR FILTER (PAPER) (p.13, size: 9.0, bold: False, underlined: True)
2025-08-24 22:21:48,995 | DEBUG | Added MAIN heading: COOLING FINS (p.14, size: 12.0, bold: True, underlined: False)
2025-08-24 22:21:49,005 | DEBUG | Added MAIN heading: FUEL FILTER (p.14, size: 12.0, bold: True, underlined: False)
2025-08-24 22:21:49,010 | DEBUG | Added MAIN heading: SPARK PLUG (p.14, size: 12.0, bold: True, underlined: False)
2025-08-24 22:21:49,013 | DEBUG | Added SUB heading: tightening torque is 95-148 in. lbs. (10.7-16.6 N ･ m). (p.14, size: 9.0, bold: False, underlined: True)
2025-08-24 22:21:49,017 | DEBUG | Added MAIN heading: SPARK ARRESTER (p.15, size: 12.0, bold: True, underlined: False)
2025-08-24 22:21:49,020 | DEBUG | Added MAIN heading: GUARD (p.15, size: 12.0, bold: True, underlined: False)
2025-08-24 22:21:49,024 | DEBUG | Added MAIN heading: EXHAUST MUFFLER (p.15, size: 13.0, bold: True, underlined: False)
2025-08-24 22:21:49,027 | DEBUG | Added MAIN heading: GENERAL CLEANING AND TIGHTENING (p.15, size: 12.0, bold: True, underlined: False)
2025-08-24 22:21:49,030 | DEBUG | Added MAIN heading: STORAGE (p.16, size: 22.0, bold: True, underlined: False)
2025-08-24 22:21:49,033 | DEBUG | Added MAIN heading: EMISSION CONTROL INFORMATION (p.16, size: 22.0, bold: True, underlined: False)
2025-08-24 22:21:49,036 | DEBUG | Added MAIN heading: FUEL INFORMATION (p.16, size: 12.0, bold: True, underlined: False)
2025-08-24 22:21:49,039 | DEBUG | Added MAIN heading: EXHAUST AND EVAPORATIVE EMISSION CONTROL SYSTEM (p.16, size: 12.0, bold: True, underlined: False)
2025-08-24 22:21:49,043 | DEBUG | Added MAIN heading: MAINTENANCE AND WARRANTY (p.16, size: 12.0, bold: True, underlined: False)
2025-08-24 22:21:49,046 | DEBUG | Added MAIN heading: TAMPERING WITH EMISSION CONTROL SYSTEM PROHIBITED (p.16, size: 12.0, bold: True, underlined: False)
2025-08-24 22:21:49,049 | DEBUG | Added MAIN heading: ADJUSTMENT (p.17, size: 22.0, bold: True, underlined: False)
2025-08-24 22:21:49,052 | DEBUG | Added MAIN heading: IDLING SPEED ADJUSTMENT (p.17, size: 12.0, bold: True, underlined: False)
2025-08-24 22:21:49,055 | DEBUG | Added MAIN heading: MAINTENANCE (p.17, size: 22.0, bold: True, underlined: False)
2025-08-24 22:21:49,058 | DEBUG | Added MAIN heading: PERIODIC MAINTENANCE CHART (p.17, size: 12.0, bold: True, underlined: False)
2025-08-24 22:21:49,061 | DEBUG | Added SUB heading: ● : Service to be performed by an authorized Maruyama engine dealer. (p.17, size: 9.0, bold: False, underlined: True)
2025-08-24 22:21:49,064 | DEBUG | Added SUB heading: ■ : Service more frequently under dusty conditions. (p.17, size: 9.0, bold: False, underlined: True)
2025-08-24 22:21:49,068 | INFO | Detected 63 TOC entries (46 main, 17 sub)
2025-08-24 22:21:49,073 | INFO | Exported TOC -> out/index_TOC.json
2025-08-24 22:21:49,076 | INFO | Exported formatted TOC -> out/index_TOC_formatted.txt
2025-08-24 22:21:49,078 | INFO | === Build index done ===
2025-08-24 22:21:49,081 | INFO | Final TOC entries:
2025-08-24 22:21:49,083 | INFO |  -  1. WARNING (p.2)
2025-08-24 22:21:49,086 | INFO |  -  2. Limited Warranty Statement (p.2)
2025-08-24 22:21:49,088 | INFO |  -  3. DISCLAIMER OF IMPLIED WARRANTIES (p.2)
2025-08-24 22:21:49,092 | INFO |  -  4. 4770 Mercantile Drive, suite100, (p.3)
2025-08-24 22:21:49,094 | INFO |  -  5. FEDERAL EMISSION CONTROL WARRANTY STATEMENT (p.3)
2025-08-24 22:21:49,097 | INFO |  -  6. YOUR WARRANTY RIGHTS AND OBLIGATIONS (p.3)
2025-08-24 22:21:49,099 | INFO |  -  7. MANUFACTURER'S WARRANTY COVERAGE: (p.4)
2025-08-24 22:21:49,102 | INFO |  -  8. OWNER'S WARRANTY RESPONSIBILITIES: (p.4)
2025-08-24 22:21:49,104 | INFO |  -  9. COVERAGE (p.4)
2025-08-24 22:21:49,107 | INFO |  - 10. MAINTENANCE REQUIREMENTS (p.4)
2025-08-24 22:21:49,109 | INFO |  - 11. LIMITATIONS (p.4)
2025-08-24 22:21:49,112 | INFO |  - 12. CALIFORNIA EMISSION CONTROL WARRANTY STATEMENT (p.5)
2025-08-24 22:21:49,114 | INFO |  - 13. FOREWORD (p.6)
2025-08-24 22:21:49,116 | INFO |  - 14. MANUAL SAFETY SYMBOLS (p.6)
2025-08-24 22:21:49,119 | INFO |  - 15. SPECIFICATIONS (p.8)
2025-08-24 22:21:49,121 | INFO |  - 16. BEFORE OPERATION (p.10)
2025-08-24 22:21:49,124 | INFO |  - 17. THROTTLE LEVER (p.10)
2025-08-24 22:21:49,127 | INFO |  - 18. RECOMMENDED FUEL TYPE (p.10)
2025-08-24 22:21:49,129 | INFO |  - 19. FUEL: MIXING GASOLINE AND OIL (p.11)
2025-08-24 22:21:49,132 | INFO |  - 20. OPERATING INSTRUCTIONS (p.12)
2025-08-24 22:21:49,134 | INFO |  - 21. STARTING PROCEDURE (p.12)
2025-08-24 22:21:49,137 | INFO |  - 22. STEP #3) (p.12)
2025-08-24 22:21:49,139 | INFO |  - 23. STEP #1) (p.12)
2025-08-24 22:21:49,142 | INFO |  - 24. STEP #2) (p.12)
2025-08-24 22:21:49,144 | INFO |  - 25. STEP #4) (p.12)
2025-08-24 22:21:49,147 | INFO |  - 26. BLOWER OPERATION (p.13)
2025-08-24 22:21:49,149 | INFO |  - 27. STOPPING THE ENGINE (p.13)
2025-08-24 22:21:49,152 | INFO |  - 28. REGULAR MAINTENANCE (p.13)
2025-08-24 22:21:49,155 | INFO |  - 29. AIR FILTER (p.13)
2025-08-24 22:21:49,161 | INFO |  - 30. COOLING FINS (p.14)
2025-08-24 22:21:49,163 | INFO |  - 31. FUEL FILTER (p.14)
2025-08-24 22:21:49,174 | INFO |  - 32. SPARK PLUG (p.14)
2025-08-24 22:21:49,177 | INFO |  - 33. SPARK ARRESTER (p.15)
2025-08-24 22:21:49,182 | INFO |  - 34. GUARD (p.15)
2025-08-24 22:21:49,188 | INFO |  - 35. EXHAUST MUFFLER (p.15)
2025-08-24 22:21:49,194 | INFO |  - 36. GENERAL CLEANING AND TIGHTENING (p.15)
2025-08-24 22:21:49,196 | INFO |  - 37. STORAGE (p.16)
2025-08-24 22:21:49,199 | INFO |  - 38. EMISSION CONTROL INFORMATION (p.16)
2025-08-24 22:21:49,202 | INFO |  - 39. FUEL INFORMATION (p.16)
2025-08-24 22:21:49,204 | INFO |  - 40. EXHAUST AND EVAPORATIVE EMISSION CONTROL SYSTEM (p.16)
2025-08-24 22:21:49,207 | INFO |  - 41. MAINTENANCE AND WARRANTY (p.16)
2025-08-24 22:21:49,209 | INFO |  - 42. TAMPERING WITH EMISSION CONTROL SYSTEM PROHIBITED (p.16)
2025-08-24 22:21:49,212 | INFO |  - 43. ADJUSTMENT (p.17)
2025-08-24 22:21:49,215 | INFO |  - 44. IDLING SPEED ADJUSTMENT (p.17)
2025-08-24 22:21:49,217 | INFO |  - 45. MAINTENANCE (p.17)
2025-08-24 22:21:49,220 | INFO |  - 46. PERIODIC MAINTENANCE CHART (p.17)
2025-08-24 22:21:49,222 | INFO | Subheadings found:
2025-08-24 22:21:49,225 | INFO |      - Maruyama U.S., Inc. (p.3)
2025-08-24 22:21:49,227 | INFO |      - Fort Worth, TX 76137 U.S.A. (p.3)
2025-08-24 22:21:49,230 | INFO |      - (940)383-7400 (p.3)
2025-08-24 22:21:49,232 | INFO |      - maruyama@maruyama-us.com (p.3)
2025-08-24 22:21:49,235 | INFO |      - www.maruyama-us.com (p.3)
2025-08-24 22:21:49,238 | INFO |      - Operating techniques (p.7)
2025-08-24 22:21:49,240 | INFO |      - BAND × 2 (p.9) (underlined)
2025-08-24 22:21:49,243 | INFO |      - CLAMP × 2 (p.9) (underlined)
2025-08-24 22:21:49,245 | INFO |      - CAUTION! (p.10)
2025-08-24 22:21:49,248 | INFO |      - 1.Shutting Engine Off (p.10)
2025-08-24 22:21:49,250 | INFO |      - 2.Transporting and Storage (p.10)
2025-08-24 22:21:49,253 | INFO |      - NOTE: (p.11)
2025-08-24 22:21:49,255 | INFO |      - ･ FOAM FILTER (p.13) (underlined)
2025-08-24 22:21:49,258 | INFO |      - ･ AIR FILTER (PAPER) (p.13) (underlined)
2025-08-24 22:21:49,260 | INFO |      - tightening torque is 95-148 in. lbs. (10.7-16.6 N ･ m). (p.14) (underlined)
2025-08-24 22:21:49,264 | INFO |      - ● : Service to be performed by an authorized Maruyama engine dealer. (p.17) (underlined)
2025-08-24 22:21:49,267 | INFO |      - ■ : Service more frequently under dusty conditions. (p.17) (underlined)
2025-08-24 22:22:45,829 | DEBUG | Logger initialized -> logs/semantic_index.log
2025-08-24 22:22:45,840 | INFO | Log file: /home/meghana/Documents/BlueCaffeine/Retriever_Test/logs/semantic_index.log
2025-08-24 22:22:45,842 | INFO | PDF: /home/meghana/Downloads/BL9000-Owners-Manual.pdf
2025-08-24 22:22:45,843 | INFO | === Build index start ===
2025-08-24 22:22:46,393 | INFO | Extracted 696 text blocks (avg font size 9.66)
2025-08-24 22:22:46,398 | DEBUG | Added MAIN topic: WARNING (p.2)
2025-08-24 22:22:46,400 | DEBUG | Added MAIN topic: DISCLAIMER OF IMPLIED WARRANTIES (p.2)
2025-08-24 22:22:46,403 | DEBUG | Added MAIN topic: FEDERAL EMISSION CONTROL WARRANTY (p.3)
2025-08-24 22:22:46,406 | DEBUG | Added MAIN topic: MAINTENANCE (p.4)
2025-08-24 22:22:46,408 | DEBUG | Added MAIN topic: CALIFORNIA EMISSION CONTROL WARRANTY (p.5)
2025-08-24 22:22:46,411 | DEBUG | Added MAIN topic: FOREWORD (p.6)
2025-08-24 22:22:46,414 | DEBUG | Added MAIN topic: MANUAL SAFETY SYMBOLS (p.6)
2025-08-24 22:22:46,417 | DEBUG | Added MAIN topic: OPERATING INSTRUCTIONS (p.6)
2025-08-24 22:22:46,419 | DEBUG | Added MAIN topic: REGULAR MAINTENANCE (p.6)
2025-08-24 22:22:46,423 | DEBUG | Added MAIN topic: SPECIFICATIONS (p.6)
2025-08-24 22:22:46,426 | DEBUG | Added MAIN topic: STORAGE (p.6)
2025-08-24 22:22:46,428 | DEBUG | Added MAIN topic: ASSEMBLY INSTRUCTIONS (p.6)
2025-08-24 22:22:46,430 | DEBUG | Added MAIN topic: EMISSION CONTROL INFORMATION (p.6)
2025-08-24 22:22:46,433 | DEBUG | Added MAIN topic: BEFORE OPERATION (p.6)
2025-08-24 22:22:46,436 | DEBUG | Added MAIN topic: BLOWER OPERATION (p.13)
2025-08-24 22:22:46,440 | DEBUG | Added SUB topic: Limited Warranty Statement (p.2, underlined: False)
2025-08-24 22:22:46,445 | DEBUG | Added SUB topic: FEDERAL EMISSION CONTROL WARRANTY STATEMENT (p.3, underlined: False)
2025-08-24 22:22:46,447 | DEBUG | Added SUB topic: YOUR WARRANTY RIGHTS AND OBLIGATIONS (p.3, underlined: False)
2025-08-24 22:22:46,450 | DEBUG | Added SUB topic: MANUFACTURER'S WARRANTY COVERAGE: (p.4, underlined: False)
2025-08-24 22:22:46,453 | DEBUG | Added SUB topic: OWNER'S WARRANTY RESPONSIBILITIES: (p.4, underlined: False)
2025-08-24 22:22:46,456 | DEBUG | Added SUB topic: MAINTENANCE REQUIREMENTS (p.4, underlined: False)
2025-08-24 22:22:46,459 | DEBUG | Added SUB topic: CALIFORNIA EMISSION CONTROL WARRANTY STATEMENT (p.5, underlined: False)
2025-08-24 22:22:46,462 | DEBUG | Added SUB topic: Spark Plug (p.5, underlined: False)
2025-08-24 22:22:46,465 | DEBUG | Added SUB topic: Air Filter (p.5, underlined: False)
2025-08-24 22:22:46,468 | DEBUG | Added SUB topic: Fuel Filter (p.5, underlined: False)
2025-08-24 22:22:46,470 | DEBUG | Added SUB topic: TABLE OF CONTENTS (p.6, underlined: False)
2025-08-24 22:22:46,473 | DEBUG | Added SUB topic: FOREWORD ············································· (p.6, underlined: False)
2025-08-24 22:22:46,477 | DEBUG | Added SUB topic: OPERATING INSTRUCTIONS····················· (p.6, underlined: False)
2025-08-24 22:22:46,480 | DEBUG | Added SUB topic: REGULAR MAINTENANCE························· (p.6, underlined: False)
2025-08-24 22:22:46,483 | DEBUG | Added SUB topic: ASSEMBLY INSTRUCTIONS ························ (p.6, underlined: False)
2025-08-24 22:22:46,486 | DEBUG | Added SUB topic: EMISSION CONTROL INFORMATION·········· (p.6, underlined: False)
2025-08-24 22:22:46,489 | DEBUG | Added SUB topic: BEFORE OPERATION································· (p.6, underlined: False)
2025-08-24 22:22:46,493 | DEBUG | Added SUB topic: Fuel Mixture (p.8, underlined: False)
2025-08-24 22:22:46,497 | DEBUG | Added SUB topic: THROTTLE LEVER (p.9, underlined: False)
2025-08-24 22:22:46,500 | DEBUG | Added SUB topic: RECOMMENDED FUEL TYPE (p.10, underlined: False)
2025-08-24 22:22:46,504 | DEBUG | Added SUB topic: THROTTLE LEVER POSITION (p.10, underlined: False)
2025-08-24 22:22:46,507 | DEBUG | Added SUB topic: FUEL: MIXING GASOLINE AND OIL (p.11, underlined: False)
2025-08-24 22:22:46,510 | DEBUG | Added SUB topic: STARTING PROCEDURE (p.12, underlined: False)
2025-08-24 22:22:46,513 | DEBUG | Added SUB topic: STOPPING THE ENGINE (p.13, underlined: False)
2025-08-24 22:22:46,516 | DEBUG | Added SUB topic: AIR FILTER (p.13, underlined: False)
2025-08-24 22:22:46,519 | DEBUG | Added SUB topic: Air Filter Cleaning (p.13, underlined: False)
2025-08-24 22:22:46,522 | DEBUG | Added SUB topic: 2. Remove theFOAM FILTER and AIR FILTER (PAPER) (p.13, underlined: False)
2025-08-24 22:22:46,525 | DEBUG | Added SUB topic: ･FOAM FILTER (p.13, underlined: True)
2025-08-24 22:22:46,529 | DEBUG | Added SUB topic: ･AIR FILTER (PAPER) (p.13, underlined: True)
2025-08-24 22:22:46,532 | DEBUG | Added SUB topic: Clean AIR FILTER (PAPER) by gently tapping. (p.13, underlined: False)
2025-08-24 22:22:46,535 | DEBUG | Added SUB topic: COOLING FINS (p.14, underlined: False)
2025-08-24 22:22:46,537 | DEBUG | Added SUB topic: FUEL FILTER (p.14, underlined: False)
2025-08-24 22:22:46,540 | DEBUG | Added SUB topic: Fuel Filter Replacement (p.14, underlined: False)
2025-08-24 22:22:46,543 | DEBUG | Added SUB topic: SPARK PLUG (p.14, underlined: False)
2025-08-24 22:22:46,546 | DEBUG | Added SUB topic: Spark Plug Maintenance (p.14, underlined: False)
2025-08-24 22:22:46,549 | DEBUG | Added SUB topic: boot off of the spark plug. (p.14, underlined: False)
2025-08-24 22:22:46,552 | DEBUG | Added SUB topic: 2. Remove the spark plug. (p.14, underlined: False)
2025-08-24 22:22:46,555 | DEBUG | Added SUB topic: tightening torque is 95-148 in. lbs. (10.7-16.6 N･m). (p.14, underlined: True)
2025-08-24 22:22:46,558 | DEBUG | Added SUB topic: To replace the fuel filter: (p.14, underlined: False)
2025-08-24 22:22:46,561 | DEBUG | Added SUB topic: fuel filter. (p.14, underlined: False)
2025-08-24 22:22:46,564 | DEBUG | Added SUB topic: SPARK ARRESTER (p.15, underlined: False)
2025-08-24 22:22:46,566 | DEBUG | Added SUB topic: and cleaning the spark arrester. (p.15, underlined: False)
2025-08-24 22:22:46,569 | DEBUG | Added SUB topic: Spark Arrester Maintenance (p.15, underlined: False)
2025-08-24 22:22:46,573 | DEBUG | Added SUB topic: 4. Return the spark arrester to the muffler. (p.15, underlined: False)
2025-08-24 22:22:46,576 | DEBUG | Added SUB topic: EXHAUST MUFFLER (p.15, underlined: False)
2025-08-24 22:22:46,578 | DEBUG | Added SUB topic: 3. Remove the spark arrester (see spark arrester (p.15, underlined: False)
2025-08-24 22:22:46,582 | DEBUG | Added SUB topic: GENERAL CLEANING AND TIGHTENING (p.15, underlined: False)
2025-08-24 22:22:46,586 | DEBUG | Added SUB topic: FUEL INFORMATION (p.16, underlined: False)
2025-08-24 22:22:46,588 | DEBUG | Added SUB topic: EXHAUST AND EVAPORATIVE EMISSION CONTROL SYSTEM (p.16, underlined: False)
2025-08-24 22:22:46,591 | DEBUG | Added SUB topic: MAINTENANCE AND WARRANTY (p.16, underlined: False)
2025-08-24 22:22:46,594 | DEBUG | Added SUB topic: TAMPERING WITH EMISSION CONTROL SYSTEM PROHIBITED (p.16, underlined: False)
2025-08-24 22:22:46,596 | DEBUG | Added SUB topic: • Spark plug (p.16, underlined: False)
2025-08-24 22:22:46,600 | DEBUG | Added SUB topic: • Fuel filter (p.16, underlined: False)
2025-08-24 22:22:46,604 | DEBUG | Added SUB topic: IDLING SPEED ADJUSTMENT (p.17, underlined: False)
2025-08-24 22:22:46,608 | DEBUG | Added SUB topic: PERIODIC MAINTENANCE CHART (p.17, underlined: False)
2025-08-24 22:22:46,611 | DEBUG | Added SUB topic: ■: Service more frequently under dusty conditions. (p.17, underlined: True)
2025-08-24 22:22:46,614 | DEBUG | Added SUB topic: Always remove the spark plug cap from (p.17, underlined: False)
2025-08-24 22:22:46,616 | DEBUG | Added SUB topic: spark plug when servicing the engine to (p.17, underlined: False)
2025-08-24 22:22:46,619 | INFO | Detected 73 total entries (15 main, 58 sub)
2025-08-24 22:22:46,627 | INFO | Exported TOC -> out/index_TOC.json
2025-08-24 22:22:46,629 | INFO | Exported formatted TOC -> out/index_TOC_formatted.txt
2025-08-24 22:22:46,631 | INFO | === Build index done ===
2025-08-24 22:24:56,964 | DEBUG | Logger initialized -> logs/semantic_index.log
2025-08-24 22:24:56,965 | INFO | Log file: /home/meghana/Documents/BlueCaffeine/Retriever_Test/logs/semantic_index.log
2025-08-24 22:24:56,975 | INFO | PDF: /home/meghana/Downloads/BL9000-Owners-Manual.pdf
2025-08-24 22:24:56,977 | INFO | === Build index start ===
2025-08-24 22:24:57,540 | INFO | Extracted 696 text blocks (avg font size 9.66)
2025-08-24 22:24:57,542 | INFO | Added MAIN topic: WARNING (p.2)
2025-08-24 22:24:57,544 | INFO | Added MAIN topic: DISCLAIMER OF IMPLIED WARRANTIES (p.2)
2025-08-24 22:24:57,545 | INFO | Added MAIN topic: FEDERAL EMISSION CONTROL WARRANTY (p.3)
2025-08-24 22:24:57,546 | INFO | Added MAIN topic: MAINTENANCE (p.4)
2025-08-24 22:24:57,547 | INFO | Added MAIN topic: CALIFORNIA EMISSION CONTROL WARRANTY (p.5)
2025-08-24 22:24:57,549 | INFO | Added MAIN topic: FOREWORD (p.6)
2025-08-24 22:24:57,550 | INFO | Added MAIN topic: MANUAL SAFETY SYMBOLS (p.6)
2025-08-24 22:24:57,551 | INFO | Added MAIN topic: OPERATING INSTRUCTIONS (p.6)
2025-08-24 22:24:57,553 | INFO | Added MAIN topic: REGULAR MAINTENANCE (p.6)
2025-08-24 22:24:57,555 | INFO | Added MAIN topic: SPECIFICATIONS (p.6)
2025-08-24 22:24:57,557 | INFO | Added MAIN topic: STORAGE (p.6)
2025-08-24 22:24:57,559 | INFO | Added MAIN topic: ASSEMBLY INSTRUCTIONS (p.6)
2025-08-24 22:24:57,561 | INFO | Added MAIN topic: EMISSION CONTROL INFORMATION (p.6)
2025-08-24 22:24:57,563 | INFO | Added MAIN topic: BEFORE OPERATION (p.6)
2025-08-24 22:24:57,566 | INFO | Added MAIN topic: BLOWER OPERATION (p.13)
2025-08-24 22:24:57,569 | INFO | Added SUB topic: Limited Warranty Statement (p.2, underlined: False)
2025-08-24 22:24:57,571 | INFO | Added SUB topic: FEDERAL EMISSION CONTROL WARRANTY STATEMENT (p.3, underlined: False)
2025-08-24 22:24:57,573 | INFO | Added SUB topic: YOUR WARRANTY RIGHTS AND OBLIGATIONS (p.3, underlined: False)
2025-08-24 22:24:57,576 | INFO | Added SUB topic: MANUFACTURER'S WARRANTY COVERAGE: (p.4, underlined: False)
2025-08-24 22:24:57,579 | INFO | Added SUB topic: OWNER'S WARRANTY RESPONSIBILITIES: (p.4, underlined: False)
2025-08-24 22:24:57,582 | INFO | Added SUB topic: MAINTENANCE REQUIREMENTS (p.4, underlined: False)
2025-08-24 22:24:57,584 | INFO | Added SUB topic: CALIFORNIA EMISSION CONTROL WARRANTY STATEMENT (p.5, underlined: False)
2025-08-24 22:24:57,588 | INFO | Added SUB topic: Spark Plug (p.5, underlined: False)
2025-08-24 22:24:57,590 | INFO | Added SUB topic: Air Filter (p.5, underlined: False)
2025-08-24 22:24:57,593 | INFO | Added SUB topic: Fuel Filter (p.5, underlined: False)
2025-08-24 22:24:57,595 | INFO | Added SUB topic: TABLE OF CONTENTS (p.6, underlined: False)
2025-08-24 22:24:57,598 | INFO | Added SUB topic: FOREWORD ············································· (p.6, underlined: False)
2025-08-24 22:24:57,601 | INFO | Added SUB topic: OPERATING INSTRUCTIONS····················· (p.6, underlined: False)
2025-08-24 22:24:57,604 | INFO | Added SUB topic: REGULAR MAINTENANCE························· (p.6, underlined: False)
2025-08-24 22:24:57,607 | INFO | Added SUB topic: ASSEMBLY INSTRUCTIONS ························ (p.6, underlined: False)
2025-08-24 22:24:57,610 | INFO | Added SUB topic: EMISSION CONTROL INFORMATION·········· (p.6, underlined: False)
2025-08-24 22:24:57,613 | INFO | Added SUB topic: BEFORE OPERATION································· (p.6, underlined: False)
2025-08-24 22:24:57,617 | INFO | Added SUB topic: Fuel Mixture (p.8, underlined: False)
2025-08-24 22:24:57,619 | INFO | Added SUB topic: THROTTLE LEVER (p.9, underlined: False)
2025-08-24 22:24:57,622 | INFO | Added SUB topic: RECOMMENDED FUEL TYPE (p.10, underlined: False)
2025-08-24 22:24:57,625 | INFO | Added SUB topic: THROTTLE LEVER POSITION (p.10, underlined: False)
2025-08-24 22:24:57,628 | INFO | Added SUB topic: FUEL: MIXING GASOLINE AND OIL (p.11, underlined: False)
2025-08-24 22:24:57,630 | INFO | Added SUB topic: STARTING PROCEDURE (p.12, underlined: False)
2025-08-24 22:24:57,633 | INFO | Added SUB topic: STOPPING THE ENGINE (p.13, underlined: False)
2025-08-24 22:24:57,636 | INFO | Added SUB topic: AIR FILTER (p.13, underlined: False)
2025-08-24 22:24:57,638 | INFO | Added SUB topic: Air Filter Cleaning (p.13, underlined: False)
2025-08-24 22:24:57,640 | INFO | Added SUB topic: 2. Remove theFOAM FILTER and AIR FILTER (PAPER) (p.13, underlined: False)
2025-08-24 22:24:57,644 | INFO | Added SUB topic: ･FOAM FILTER (p.13, underlined: True)
2025-08-24 22:24:57,647 | INFO | Added SUB topic: ･AIR FILTER (PAPER) (p.13, underlined: True)
2025-08-24 22:24:57,650 | INFO | Added SUB topic: Clean AIR FILTER (PAPER) by gently tapping. (p.13, underlined: False)
2025-08-24 22:24:57,653 | INFO | Added SUB topic: COOLING FINS (p.14, underlined: False)
2025-08-24 22:24:57,656 | INFO | Added SUB topic: FUEL FILTER (p.14, underlined: False)
2025-08-24 22:24:57,659 | INFO | Added SUB topic: Fuel Filter Replacement (p.14, underlined: False)
2025-08-24 22:24:57,662 | INFO | Added SUB topic: SPARK PLUG (p.14, underlined: False)
2025-08-24 22:24:57,664 | INFO | Added SUB topic: Spark Plug Maintenance (p.14, underlined: False)
2025-08-24 22:24:57,667 | INFO | Added SUB topic: boot off of the spark plug. (p.14, underlined: False)
2025-08-24 22:24:57,670 | INFO | Added SUB topic: 2. Remove the spark plug. (p.14, underlined: False)
2025-08-24 22:24:57,673 | INFO | Added SUB topic: tightening torque is 95-148 in. lbs. (10.7-16.6 N･m). (p.14, underlined: True)
2025-08-24 22:24:57,676 | INFO | Added SUB topic: To replace the fuel filter: (p.14, underlined: False)
2025-08-24 22:24:57,679 | INFO | Added SUB topic: fuel filter. (p.14, underlined: False)
2025-08-24 22:24:57,682 | INFO | Added SUB topic: SPARK ARRESTER (p.15, underlined: False)
2025-08-24 22:24:57,685 | INFO | Added SUB topic: and cleaning the spark arrester. (p.15, underlined: False)
2025-08-24 22:24:57,687 | INFO | Added SUB topic: Spark Arrester Maintenance (p.15, underlined: False)
2025-08-24 22:24:57,690 | INFO | Added SUB topic: 4. Return the spark arrester to the muffler. (p.15, underlined: False)
2025-08-24 22:24:57,693 | INFO | Added SUB topic: EXHAUST MUFFLER (p.15, underlined: False)
2025-08-24 22:24:57,696 | INFO | Added SUB topic: 3. Remove the spark arrester (see spark arrester (p.15, underlined: False)
2025-08-24 22:24:57,699 | INFO | Added SUB topic: GENERAL CLEANING AND TIGHTENING (p.15, underlined: False)
2025-08-24 22:24:57,702 | INFO | Added SUB topic: FUEL INFORMATION (p.16, underlined: False)
2025-08-24 22:24:57,705 | INFO | Added SUB topic: EXHAUST AND EVAPORATIVE EMISSION CONTROL SYSTEM (p.16, underlined: False)
2025-08-24 22:24:57,708 | INFO | Added SUB topic: MAINTENANCE AND WARRANTY (p.16, underlined: False)
2025-08-24 22:24:57,710 | INFO | Added SUB topic: TAMPERING WITH EMISSION CONTROL SYSTEM PROHIBITED (p.16, underlined: False)
2025-08-24 22:24:57,713 | INFO | Added SUB topic: • Spark plug (p.16, underlined: False)
2025-08-24 22:24:57,716 | INFO | Added SUB topic: • Fuel filter (p.16, underlined: False)
2025-08-24 22:24:57,718 | INFO | Added SUB topic: IDLING SPEED ADJUSTMENT (p.17, underlined: False)
2025-08-24 22:24:57,721 | INFO | Added SUB topic: PERIODIC MAINTENANCE CHART (p.17, underlined: False)
2025-08-24 22:24:57,724 | INFO | Added SUB topic: ■: Service more frequently under dusty conditions. (p.17, underlined: True)
2025-08-24 22:24:57,726 | INFO | Added SUB topic: Always remove the spark plug cap from (p.17, underlined: False)
2025-08-24 22:24:57,729 | INFO | Added SUB topic: spark plug when servicing the engine to (p.17, underlined: False)
2025-08-24 22:24:57,731 | INFO | Detected 73 total entries (15 main, 58 sub)
2025-08-24 22:24:57,736 | INFO | Exported TOC -> out/index_TOC.json
2025-08-24 22:24:57,738 | INFO | Exported formatted TOC -> out/index_TOC_formatted.txt
2025-08-24 22:24:57,741 | INFO | === Build index done ===
2025-08-25 12:03:07,459 | DEBUG | Logger initialized -> logs/semantic_index.log
2025-08-25 12:03:07,460 | INFO | Log file: /home/meghana/Documents/BlueCaffeine/Retriever_Test/logs/semantic_index.log
2025-08-25 12:03:07,472 | INFO | PDF: /home/meghana/Downloads/BL9000-Owners-Manual.pdf
2025-08-25 12:03:07,474 | INFO | === Build index start ===
2025-08-25 12:03:08,030 | INFO | Extracted 696 text blocks (avg font size 9.66)
2025-08-25 12:03:08,034 | INFO | Added MAIN topic: WARNING (p.2)
2025-08-25 12:03:08,035 | INFO | Added MAIN topic: DISCLAIMER OF IMPLIED WARRANTIES (p.2)
2025-08-25 12:03:08,037 | INFO | Added MAIN topic: FEDERAL EMISSION CONTROL WARRANTY (p.3)
2025-08-25 12:03:08,039 | INFO | Added MAIN topic: MAINTENANCE (p.4)
2025-08-25 12:03:08,040 | INFO | Added MAIN topic: CALIFORNIA EMISSION CONTROL WARRANTY (p.5)
2025-08-25 12:03:08,042 | INFO | Added MAIN topic: FOREWORD (p.6)
2025-08-25 12:03:08,045 | INFO | Added MAIN topic: MANUAL SAFETY SYMBOLS (p.6)
2025-08-25 12:03:08,047 | INFO | Added MAIN topic: OPERATING INSTRUCTIONS (p.6)
2025-08-25 12:03:08,049 | INFO | Added MAIN topic: REGULAR MAINTENANCE (p.6)
2025-08-25 12:03:08,052 | INFO | Added MAIN topic: SPECIFICATIONS (p.6)
2025-08-25 12:03:08,055 | INFO | Added MAIN topic: STORAGE (p.6)
2025-08-25 12:03:08,057 | INFO | Added MAIN topic: ASSEMBLY INSTRUCTIONS (p.6)
2025-08-25 12:03:08,060 | INFO | Added MAIN topic: EMISSION CONTROL INFORMATION (p.6)
2025-08-25 12:03:08,062 | INFO | Added MAIN topic: BEFORE OPERATION (p.6)
2025-08-25 12:03:08,066 | INFO | Added MAIN topic: BLOWER OPERATION (p.13)
2025-08-25 12:03:08,069 | INFO | Added SUB topic: Limited Warranty Statement (p.2, underlined: False)
2025-08-25 12:03:08,072 | INFO | Added SUB topic: FEDERAL EMISSION CONTROL WARRANTY STATEMENT (p.3, underlined: False)
2025-08-25 12:03:08,075 | INFO | Added SUB topic: YOUR WARRANTY RIGHTS AND OBLIGATIONS (p.3, underlined: False)
2025-08-25 12:03:08,077 | INFO | Added SUB topic: MANUFACTURER'S WARRANTY COVERAGE: (p.4, underlined: False)
2025-08-25 12:03:08,080 | INFO | Added SUB topic: OWNER'S WARRANTY RESPONSIBILITIES: (p.4, underlined: False)
2025-08-25 12:03:08,083 | INFO | Added SUB topic: MAINTENANCE REQUIREMENTS (p.4, underlined: False)
2025-08-25 12:03:08,086 | INFO | Added SUB topic: CALIFORNIA EMISSION CONTROL WARRANTY STATEMENT (p.5, underlined: False)
2025-08-25 12:03:08,089 | INFO | Added SUB topic: Spark Plug (p.5, underlined: False)
2025-08-25 12:03:08,092 | INFO | Added SUB topic: Air Filter (p.5, underlined: False)
2025-08-25 12:03:08,095 | INFO | Added SUB topic: Fuel Filter (p.5, underlined: False)
2025-08-25 12:03:08,098 | INFO | Added SUB topic: TABLE OF CONTENTS (p.6, underlined: False)
2025-08-25 12:03:08,101 | INFO | Added SUB topic: FOREWORD ············································· (p.6, underlined: False)
2025-08-25 12:03:08,105 | INFO | Added SUB topic: OPERATING INSTRUCTIONS····················· (p.6, underlined: False)
2025-08-25 12:03:08,109 | INFO | Added SUB topic: REGULAR MAINTENANCE························· (p.6, underlined: False)
2025-08-25 12:03:08,113 | INFO | Added SUB topic: ASSEMBLY INSTRUCTIONS ························ (p.6, underlined: False)
2025-08-25 12:03:08,116 | INFO | Added SUB topic: EMISSION CONTROL INFORMATION·········· (p.6, underlined: False)
2025-08-25 12:03:08,120 | INFO | Added SUB topic: BEFORE OPERATION································· (p.6, underlined: False)
2025-08-25 12:03:08,123 | INFO | Added SUB topic: Fuel Mixture (p.8, underlined: False)
2025-08-25 12:03:08,126 | INFO | Added SUB topic: THROTTLE LEVER (p.9, underlined: False)
2025-08-25 12:03:08,129 | INFO | Added SUB topic: RECOMMENDED FUEL TYPE (p.10, underlined: False)
2025-08-25 12:03:08,133 | INFO | Added SUB topic: THROTTLE LEVER POSITION (p.10, underlined: False)
2025-08-25 12:03:08,136 | INFO | Added SUB topic: FUEL: MIXING GASOLINE AND OIL (p.11, underlined: False)
2025-08-25 12:03:08,139 | INFO | Added SUB topic: STARTING PROCEDURE (p.12, underlined: False)
2025-08-25 12:03:08,142 | INFO | Added SUB topic: STOPPING THE ENGINE (p.13, underlined: False)
2025-08-25 12:03:08,145 | INFO | Added SUB topic: AIR FILTER (p.13, underlined: False)
2025-08-25 12:03:08,148 | INFO | Added SUB topic: Air Filter Cleaning (p.13, underlined: False)
2025-08-25 12:03:08,150 | INFO | Added SUB topic: 2. Remove theFOAM FILTER and AIR FILTER (PAPER) (p.13, underlined: False)
2025-08-25 12:03:08,154 | INFO | Added SUB topic: ･FOAM FILTER (p.13, underlined: True)
2025-08-25 12:03:08,157 | INFO | Added SUB topic: ･AIR FILTER (PAPER) (p.13, underlined: True)
2025-08-25 12:03:08,161 | INFO | Added SUB topic: Clean AIR FILTER (PAPER) by gently tapping. (p.13, underlined: False)
2025-08-25 12:03:08,164 | INFO | Added SUB topic: COOLING FINS (p.14, underlined: False)
2025-08-25 12:03:08,167 | INFO | Added SUB topic: FUEL FILTER (p.14, underlined: False)
2025-08-25 12:03:08,170 | INFO | Added SUB topic: Fuel Filter Replacement (p.14, underlined: False)
2025-08-25 12:03:08,173 | INFO | Added SUB topic: SPARK PLUG (p.14, underlined: False)
2025-08-25 12:03:08,176 | INFO | Added SUB topic: Spark Plug Maintenance (p.14, underlined: False)
2025-08-25 12:03:08,180 | INFO | Added SUB topic: boot off of the spark plug. (p.14, underlined: False)
2025-08-25 12:03:08,183 | INFO | Added SUB topic: 2. Remove the spark plug. (p.14, underlined: False)
2025-08-25 12:03:08,186 | INFO | Added SUB topic: tightening torque is 95-148 in. lbs. (10.7-16.6 N･m). (p.14, underlined: True)
2025-08-25 12:03:08,189 | INFO | Added SUB topic: To replace the fuel filter: (p.14, underlined: False)
2025-08-25 12:03:08,192 | INFO | Added SUB topic: fuel filter. (p.14, underlined: False)
2025-08-25 12:03:08,195 | INFO | Added SUB topic: SPARK ARRESTER (p.15, underlined: False)
2025-08-25 12:03:08,198 | INFO | Added SUB topic: and cleaning the spark arrester. (p.15, underlined: False)
2025-08-25 12:03:08,201 | INFO | Added SUB topic: Spark Arrester Maintenance (p.15, underlined: False)
2025-08-25 12:03:08,204 | INFO | Added SUB topic: 4. Return the spark arrester to the muffler. (p.15, underlined: False)
2025-08-25 12:03:08,206 | INFO | Added SUB topic: EXHAUST MUFFLER (p.15, underlined: False)
2025-08-25 12:03:08,208 | INFO | Added SUB topic: 3. Remove the spark arrester (see spark arrester (p.15, underlined: False)
2025-08-25 12:03:08,210 | INFO | Added SUB topic: GENERAL CLEANING AND TIGHTENING (p.15, underlined: False)
2025-08-25 12:03:08,213 | INFO | Added SUB topic: FUEL INFORMATION (p.16, underlined: False)
2025-08-25 12:03:08,215 | INFO | Added SUB topic: EXHAUST AND EVAPORATIVE EMISSION CONTROL SYSTEM (p.16, underlined: False)
2025-08-25 12:03:08,216 | INFO | Added SUB topic: MAINTENANCE AND WARRANTY (p.16, underlined: False)
2025-08-25 12:03:08,218 | INFO | Added SUB topic: TAMPERING WITH EMISSION CONTROL SYSTEM PROHIBITED (p.16, underlined: False)
2025-08-25 12:03:08,220 | INFO | Added SUB topic: • Spark plug (p.16, underlined: False)
2025-08-25 12:03:08,221 | INFO | Added SUB topic: • Fuel filter (p.16, underlined: False)
2025-08-25 12:03:08,223 | INFO | Added SUB topic: IDLING SPEED ADJUSTMENT (p.17, underlined: False)
2025-08-25 12:03:08,225 | INFO | Added SUB topic: PERIODIC MAINTENANCE CHART (p.17, underlined: False)
2025-08-25 12:03:08,226 | INFO | Added SUB topic: ■: Service more frequently under dusty conditions. (p.17, underlined: True)
2025-08-25 12:03:08,228 | INFO | Added SUB topic: Always remove the spark plug cap from (p.17, underlined: False)
2025-08-25 12:03:08,229 | INFO | Added SUB topic: spark plug when servicing the engine to (p.17, underlined: False)
2025-08-25 12:03:08,231 | INFO | Detected 73 total entries (15 main, 58 sub)
2025-08-25 12:03:08,234 | INFO | Exported TOC -> out/index_TOC.json
2025-08-25 12:03:08,235 | INFO | Exported formatted TOC -> out/index_TOC_formatted.txt
2025-08-25 12:03:08,237 | INFO | === Build index done ===
2025-08-25 12:21:08,757 | DEBUG | Logger initialized -> logs/semantic_index.log
2025-08-25 12:21:08,764 | INFO | Log file: /home/meghana/Documents/BlueCaffeine/Retriever_Test/logs/semantic_index.log
2025-08-25 12:21:08,766 | INFO | === Build index start ===
2025-08-25 12:21:08,767 | INFO | PDF: /home/meghana/Downloads/BL9000-Owners-Manual.pdf
2025-08-25 12:21:09,432 | INFO | Extracted 696 text blocks (avg font size 9.66)
2025-08-25 12:21:09,438 | INFO | Detected 114 TOC entries
2025-08-25 12:21:09,444 | INFO | Exported TOC -> out/index_TOC.json
2025-08-25 12:21:09,446 | INFO | === Build index done ===
2025-08-25 12:21:09,449 | INFO | Top TOC entries:
2025-08-25 12:21:09,452 | INFO |  -  1. WARNING (p.2)
2025-08-25 12:21:09,455 | INFO |  -  2. Limited Warranty Statement (p.2)
2025-08-25 12:21:09,458 | INFO |  -  3. DISCLAIMER OF IMPLIED WARRANTIES (p.2)
2025-08-25 12:21:09,461 | INFO |  -  4. Maruyama U.S., Inc. (p.3)
2025-08-25 12:21:09,464 | INFO |  -  5. 4770 Mercantile Drive, suite100, (p.3)
2025-08-25 12:21:09,467 | INFO |  -  6. Fort Worth, TX 76137 U.S.A. (p.3)
2025-08-25 12:21:09,470 | INFO |  -  7. (940)383-7400 (p.3)
2025-08-25 12:21:09,473 | INFO |  -  8. maruyama@maruyama-us.com (p.3)
2025-08-25 12:21:09,477 | INFO |  -  9. www.maruyama-us.com (p.3)
2025-08-25 12:21:09,480 | INFO |  - 10. FEDERAL EMISSION CONTROL WARRANTY STATEMENT (p.3)
2025-08-25 12:21:09,484 | INFO |  - 11. YOUR WARRANTY RIGHTS AND OBLIGATIONS (p.3)
2025-08-25 12:21:09,488 | INFO |  - 12. BL9000 (p.3)
2025-08-25 12:21:09,491 | INFO |  - 13. MANUFACTURER'S WARRANTY COVERAGE: (p.4)
2025-08-25 12:21:09,494 | INFO |  - 14. OWNER'S WARRANTY RESPONSIBILITIES: (p.4)
2025-08-25 12:21:09,502 | INFO |  - 15. COVERAGE (p.4)
2025-08-25 12:21:09,506 | INFO |  - 16. MAINTENANCE REQUIREMENTS (p.4)
2025-08-25 12:21:09,510 | INFO |  - 17. LIMITATIONS (p.4)
2025-08-25 12:21:09,513 | INFO |  - 18. CALIFORNIA EMISSION CONTROL WARRANTY STATEMENT (p.5)
2025-08-25 12:21:09,517 | INFO |  - 19. TABLE OF CONTENTS (p.6)
2025-08-25 12:21:09,520 | INFO |  - 20. FOREWORD (p.6)
2025-08-25 12:21:09,522 | INFO |  - 21. MANUAL SAFETY SYMBOLS (p.6)
2025-08-25 12:21:09,525 | INFO |  - 22. OPERATING INSTRUCTIONS····················· (p.6)
2025-08-25 12:21:09,528 | INFO |  - 23. REGULAR MAINTENANCE························· (p.6)
2025-08-25 12:21:09,530 | INFO |  - 24. STORAGE························ ··· ····················· (p.6)
2025-08-25 12:21:09,533 | INFO |  - 25. EMISSION CONTROL INFORMATION·········· (p.6)
2025-08-25 12:21:09,536 | INFO |  - 26. MAINTENANCE·················· ··· ··················· (p.6)
2025-08-25 12:21:09,539 | INFO |  - 27. Operating techniques (p.7)
2025-08-25 12:21:09,541 | INFO |  - 28. SPECIFICATIONS (p.8)
2025-08-25 12:21:09,546 | INFO |  - 29. 2.1 L (p.8)
2025-08-25 12:21:09,549 | INFO |  - 30. CLAMP (p.9)
2025-08-25 12:21:09,553 | INFO |  - 31. STRAIGHT PIPE (p.9)
2025-08-25 12:21:09,555 | INFO |  - 32. END PIPE (p.9)
2025-08-25 12:21:09,558 | INFO |  - 33. THROTTLE LEVER (p.9)
2025-08-25 12:21:09,560 | INFO |  - 34. BAND (p.9)
2025-08-25 12:21:09,562 | INFO |  - 35. SWIVEL PIPE (p.9)
2025-08-25 12:21:09,565 | INFO |  - 36. FLEXIBLE PIPE (p.9)
2025-08-25 12:21:09,568 | INFO |  - 37. BENT PIPE (p.9)
2025-08-25 12:21:09,570 | INFO |  - 38. FUEL TANK (p.9)
2025-08-25 12:21:09,572 | INFO |  - 39. RECOIL STARTER (p.9)
2025-08-25 12:21:09,575 | INFO |  - 40. ENGINE (p.9)
2025-08-25 12:21:09,577 | INFO |  - 41. BLOWER HOUSING (p.9)
2025-08-25 12:21:09,580 | INFO |  - 42. BACK PAD (p.9)
2025-08-25 12:21:09,582 | INFO |  - 43. PRIMER BULB (p.9)
2025-08-25 12:21:09,588 | INFO |  - 44. AIR CLEANER (p.9)
2025-08-25 12:21:09,591 | INFO |  - 45. SHOULDER (p.9)
2025-08-25 12:21:09,594 | INFO |  - 46. STRAPS (p.9)
2025-08-25 12:21:09,596 | INFO |  - 47. BAND × 2 (p.9)
2025-08-25 12:21:09,598 | INFO |  - 48. CLAMP × 2 (p.9)
2025-08-25 12:21:09,601 | INFO |  - 49. BEFORE OPERATION (p.10)
2025-08-25 12:21:09,603 | INFO |  - 50. CAUTION! (p.10)
2025-08-25 12:21:09,606 | INFO |  - 51. 1.Shutting Engine Off (p.10)
2025-08-25 12:21:09,608 | INFO |  - 52. 2.Transporting and Storage (p.10)
2025-08-25 12:21:09,611 | INFO |  - 53. RECOMMENDED FUEL TYPE (p.10)
2025-08-25 12:21:09,613 | INFO |  - 54. KNOB (p.10)
2025-08-25 12:21:09,616 | INFO |  - 55. THROTTLE LEVER POSITION (p.10)
2025-08-25 12:21:09,618 | INFO |  - 56. GRIP ANGLE (p.10)
2025-08-25 12:21:09,621 | INFO |  - 57. IDLE SPEED (p.10)
2025-08-25 12:21:09,623 | INFO |  - 58. HIGH SPEED (p.10)
2025-08-25 12:21:09,626 | INFO |  - 59. IDLE HIGH (p.10)
2025-08-25 12:21:09,628 | INFO |  - 60. STOP BUTTON (p.10)
2025-08-25 12:21:09,635 | INFO |  - 61. LEVER (p.10)
2025-08-25 12:21:09,639 | INFO |  - 62. FUEL: MIXING GASOLINE AND OIL (p.11)
2025-08-25 12:21:09,642 | INFO |  - 63. NOTE: (p.11)
2025-08-25 12:21:09,645 | INFO |  - 64. OPERATING INSTRUCTIONS (p.12)
2025-08-25 12:21:09,648 | INFO |  - 65. STARTING PROCEDURE (p.12)
2025-08-25 12:21:09,650 | INFO |  - 66. STEP #3) (p.12)
2025-08-25 12:21:09,653 | INFO |  - 67. STEP #1) (p.12)
2025-08-25 12:21:09,655 | INFO |  - 68. LINE". (p.12)
2025-08-25 12:21:09,658 | INFO |  - 69. STEP #2) (p.12)
2025-08-25 12:21:09,660 | INFO |  - 70. CHOKE (p.12)
2025-08-25 12:21:09,663 | INFO |  - 71. OPEN (p.12)
2025-08-25 12:21:09,665 | INFO |  - 72. CLOSE (p.12)
2025-08-25 12:21:09,670 | INFO |  - 73. STEP #4) (p.12)
2025-08-25 12:21:09,673 | INFO |  - 74. PRIMER (p.12)
2025-08-25 12:21:09,676 | INFO |  - 75. BULB (p.12)
2025-08-25 12:21:09,678 | INFO |  - 76. FUEL (p.12)
2025-08-25 12:21:09,680 | INFO |  - 77. RETURN LINE (p.12)
2025-08-25 12:21:09,683 | INFO |  - 78. STARTER (p.12)
2025-08-25 12:21:09,685 | INFO |  - 79. GRIP (p.12)
2025-08-25 12:21:09,688 | INFO |  - 80. FRAME (p.12)
2025-08-25 12:21:09,690 | INFO |  - 81. BLOWER OPERATION (p.13)
2025-08-25 12:21:09,692 | INFO |  - 82. STOPPING THE ENGINE (p.13)
2025-08-25 12:21:09,698 | INFO |  - 83. REGULAR MAINTENANCE (p.13)
2025-08-25 12:21:09,705 | INFO |  - 84. AIR FILTER (p.13)
2025-08-25 12:21:09,711 | INFO |  - 85. ･ FOAM FILTER (p.13)
2025-08-25 12:21:09,718 | INFO |  - 86. ･ AIR FILTER (PAPER) (p.13)
2025-08-25 12:21:09,721 | INFO |  - 87. FILTER (p.13)
2025-08-25 12:21:09,727 | INFO |  - 88. CASE (p.13)
2025-08-25 12:21:09,730 | INFO |  - 89. (PAPER) (p.13)
2025-08-25 12:21:09,736 | INFO |  - 90. FOAM (p.13)
2025-08-25 12:21:09,739 | INFO |  - 91. COVER (p.13)
2025-08-25 12:21:09,742 | INFO |  - 92. COOLING FINS (p.14)
2025-08-25 12:21:09,747 | INFO |  - 93. FUEL FILTER (p.14)
2025-08-25 12:21:09,750 | INFO |  - 94. SPARK PLUG (p.14)
2025-08-25 12:21:09,753 | INFO |  - 95. SCREW (p.14)
2025-08-25 12:21:09,756 | INFO |  - 96. SPARK ARRESTER (p.15)
2025-08-25 12:21:09,760 | INFO |  - 97. GUARD (p.15)
2025-08-25 12:21:09,763 | INFO |  - 98. POTENTIAL HAZARD (p.15)
2025-08-25 12:21:09,767 | INFO |  - 99. WHAT CAN HAPPEN (p.15)
2025-08-25 12:21:09,770 | INFO |  - 100. HOW TO AVOID THE HAZARD (p.15)
2025-08-25 12:21:09,773 | INFO |  - 101. EXHAUST MUFFLER (p.15)
2025-08-25 12:21:09,776 | INFO |  - 102. GENERAL CLEANING AND TIGHTENING (p.15)
2025-08-25 12:21:09,779 | INFO |  - 103. SPARK (p.15)
2025-08-25 12:21:09,782 | INFO |  - 104. ARRESTER (p.15)
2025-08-25 12:21:09,784 | INFO |  - 105. STORAGE (p.16)
2025-08-25 12:21:09,787 | INFO |  - 106. EMISSION CONTROL INFORMATION (p.16)
2025-08-25 12:21:09,791 | INFO |  - 107. FUEL INFORMATION (p.16)
2025-08-25 12:21:09,798 | INFO |  - 108. EXHAUST AND EVAPORATIVE EMISSION CONTROL SYSTEM (p.16)
2025-08-25 12:21:09,802 | INFO |  - 109. MAINTENANCE AND WARRANTY (p.16)
2025-08-25 12:21:09,805 | INFO |  - 110. TAMPERING WITH EMISSION CONTROL SYSTEM PROHIBITED (p.16)
2025-08-25 12:21:09,809 | INFO |  - 111. ADJUSTMENT (p.17)
2025-08-25 12:21:09,812 | INFO |  - 112. IDLING SPEED ADJUSTMENT (p.17)
2025-08-25 12:21:09,817 | INFO |  - 113. MAINTENANCE (p.17)
2025-08-25 12:21:09,823 | INFO |  - 114. PERIODIC MAINTENANCE CHART (p.17)
2025-08-26 15:49:10,181 | DEBUG | Logger initialized -> logs/semantic_index.log
2025-08-26 15:49:10,195 | INFO | Log file: /home/meghana/Documents/BlueCaffeine/Retriever_Test/logs/semantic_index.log
2025-08-26 15:49:10,199 | INFO | PDF: /home/meghana/Downloads/MP2531CE-1CA-Owners-Manual-1.pdf
2025-08-26 15:49:10,210 | INFO | === Build index start ===
2025-08-26 15:49:10,661 | INFO | Extracted 1184 text blocks (avg font size 11.04)
2025-08-26 15:49:10,674 | INFO | Detected 139 headings
2025-08-26 15:49:10,681 | INFO | Exported hierarchical TOC -> out/index_hierarchical_TOC.json
2025-08-26 15:49:10,682 | INFO | Exported flat TOC -> out/index_flat_TOC.json
2025-08-26 15:49:10,684 | INFO | === TABLE OF CONTENTS SUMMARY ===
2025-08-26 15:49:10,685 | INFO | 1. General (p.1)
2025-08-26 15:49:10,687 | INFO |    1.1 Water Pump (p.1)
2025-08-26 15:49:10,689 | INFO | 2. MP2531CE-1 (p.1)
2025-08-26 15:49:10,690 | INFO | 3. MP2531CE-1CA (p.1)
2025-08-26 15:49:10,692 | INFO |    3.1 Limited Warranty Statement (p.2)
2025-08-26 15:49:10,694 | INFO |    3.2 FEDERAL EMISSION CONTROL WARRANTY STATEMENT (p.4)
2025-08-26 15:49:10,696 | INFO |    3.3 YOUR WARRANTY RIGHTS AND OBLIGATIONS (p.4)
2025-08-26 15:49:10,698 | INFO | 4. MANUFACTURER'S WARRANTY COVERAGE: (p.4)
2025-08-26 15:49:10,700 | INFO | 5. OWNER'S WARRANTY RESPONSIBILITIES: (p.4)
2025-08-26 15:49:10,702 | INFO | 6. WARNING: (p.4)
2025-08-26 15:49:10,704 | INFO | 7. COVERAGE (p.5)
2025-08-26 15:49:10,705 | INFO | 8. MAINTENANCE REQUIREMENTS (p.5)
2025-08-26 15:49:10,707 | INFO | 9. LIMITATIONS (p.5)
2025-08-26 15:49:10,709 | INFO |    9.1 CALIFORNIA EMISSION CONTROL WARRANTY STATEMENT (p.6)
2025-08-26 15:49:10,711 | INFO | 10. Contents (p.7)
2025-08-26 15:49:10,713 | INFO |    10.1 Page (p.7)
2025-08-26 15:49:10,715 | INFO | 11. Introduction (p.8)
2025-08-26 15:49:10,716 | INFO | 12. Specifications (p.9)
2025-08-26 15:49:10,718 | INFO | 13. MP2531CE-1, MP2531CE-1CA (p.9)
2025-08-26 15:49:10,720 | INFO |    13.1 5.5 kg (12 lbs.) (p.9)
2025-08-26 15:49:10,722 | INFO | 14. PF 1 (p.9)
2025-08-26 15:49:10,723 | INFO |    14.1 30.1 cc (p.9)
2025-08-26 15:49:10,725 | INFO |    14.2 0.6 r (0.63 qts.) (p.9)
2025-08-26 15:49:10,727 | INFO | 15. NGK BPM8Y (p.9)
2025-08-26 15:49:10,729 | INFO |    15.1 0.6 ～ 0.7 mm (0.024 ～ 0.028 in.) (p.9)
2025-08-26 15:49:10,732 | INFO | 16. Product Description (p.9)
2025-08-26 15:49:10,734 | INFO | 17. CAP FOR PRIMING (p.9)
2025-08-26 15:49:10,736 | INFO | 18. THROTTLE LEVER (p.9)
2025-08-26 15:49:10,738 | INFO | 19. STOP SWITCH (p.9)
2025-08-26 15:49:10,740 | INFO | 20. INLET PORT (p.9)
2025-08-26 15:49:10,742 | INFO | 21. DRAIN PLUG (p.9)
2025-08-26 15:49:10,743 | INFO | 22. SPARK PLUG (p.9)
2025-08-26 15:49:10,745 | INFO | 23. ENGINE (p.9)
2025-08-26 15:49:10,747 | INFO | 24. STARTER GRIP (p.9)
2025-08-26 15:49:10,749 | INFO | 25. AIR FILTER (p.9)
2025-08-26 15:49:10,750 | INFO | 26. OUTLET PORT (p.9)
2025-08-26 15:49:10,752 | INFO | 27. FUEL TANK (p.9)
2025-08-26 15:49:10,754 | INFO | 28. Standard Accessories (p.10)
2025-08-26 15:49:10,755 | INFO |    28.1 1. (p.11)
2025-08-26 15:49:10,757 | INFO |    28.2 2. (p.11)
2025-08-26 15:49:10,759 | INFO |    28.3 3. (p.11)
2025-08-26 15:49:10,761 | INFO |    28.4 4. (p.11)
2025-08-26 15:49:10,763 | INFO |    28.5 5. (p.11)
2025-08-26 15:49:10,765 | INFO |    28.6 6. (p.12)
2025-08-26 15:49:10,767 | INFO |    28.7 7. (p.12)
2025-08-26 15:49:10,769 | INFO |    28.8 8. (p.12)
2025-08-26 15:49:10,771 | INFO |    28.9 9. (p.12)
2025-08-26 15:49:10,773 | INFO | 29. Assembly Instructions (p.13)
2025-08-26 15:49:10,775 | INFO | 30. STRAINER (p.13)
2025-08-26 15:49:10,777 | INFO | 31. CLAMP (p.13)
2025-08-26 15:49:10,779 | INFO | 32. SUCTION HOSE (p.13)
2025-08-26 15:49:10,780 | INFO | 33. COUPLING (p.13)
2025-08-26 15:49:10,782 | INFO | 34. PACKING (p.13)
2025-08-26 15:49:10,784 | INFO | 35. NUT (p.13)
2025-08-26 15:49:10,785 | INFO |    35.1 General (p.13)
2025-08-26 15:49:10,788 | INFO |       35.1.1 Suction Hose Assembly (1 inch Hose Fitting) (p.13)
2025-08-26 15:49:10,790 | INFO |       35.1.2 Discharge Hose Assembly (One Touch Coupler) (p.13)
2025-08-26 15:49:10,792 | INFO | 36. DISCHARGE HOSE (p.13)
2025-08-26 15:49:10,794 | INFO | 37. ONE TOUCH COUPLER (p.13)
2025-08-26 15:49:10,795 | INFO | 38. Before Operation (p.14)
2025-08-26 15:49:10,797 | INFO | 39. PUMP SECTION (p.14)
2025-08-26 15:49:10,800 | INFO | 40. ENGINE SECTION (p.15)
2025-08-26 15:49:10,803 | INFO |    40.1 General (p.15)
2025-08-26 15:49:10,809 | INFO |       40.1.1 Oil and Fuel (p.15)
2025-08-26 15:49:10,812 | INFO | 41. DANGER (p.15)
2025-08-26 15:49:10,814 | INFO | 42. POTENTIAL HAZARD (p.15)
2025-08-26 15:49:10,822 | INFO | 43. WHAT CAN HAPPEN (p.15)
2025-08-26 15:49:10,827 | INFO | 44. WARNING (p.15)
2025-08-26 15:49:10,828 | INFO |    44.1 General (p.16)
2025-08-26 15:49:10,838 | INFO |       44.1.1 Recommended Oil Type (p.16)
2025-08-26 15:49:10,846 | INFO |       44.1.2 Recommended Fuel Type (p.16)
2025-08-26 15:49:10,848 | INFO |       44.1.3 Use of Fuel Additives (p.16)
2025-08-26 15:49:10,855 | INFO | 45. IMPORTANT: NEVER USE METHANOL, (p.16)
2025-08-26 15:49:10,856 | INFO | 46. GASOLINE CONTAINING METHANOL, (p.16)
2025-08-26 15:49:10,858 | INFO | 47. GASOHOL CONTAINING MORE THAN (p.16)
2025-08-26 15:49:10,863 | INFO | 48. TEM DAMAGE COULD RESULT. (p.16)
2025-08-26 15:49:10,865 | INFO | 49. THAN THOSE MANUFACTURED FOR (p.16)
2025-08-26 15:49:10,870 | INFO | 50. FUEL STABILIZATION DURING STORAGE (p.16)
2025-08-26 15:49:10,874 | INFO | 51. SUCH AS MARUYAMA’S STABILIZER/ (p.16)
2025-08-26 15:49:10,876 | INFO | 52. MARUYAMA’S STABILIZER/CONDITION- (p.16)
2025-08-26 15:49:10,883 | INFO | 53. CONDITIONER/STABILIZER. (p.16)
2025-08-26 15:49:10,888 | INFO | 54. MARUYAMA DOES NOT RECOMMEND (p.16)
2025-08-26 15:49:10,890 | INFO | 55. OR PERFORMANCE OF MACHINE. (p.16)
2025-08-26 15:49:10,894 | INFO |    55.1 General (p.16)
2025-08-26 15:49:10,905 | INFO |       55.1.1 Mixing Gasoline And Oil (p.16)
2025-08-26 15:49:10,906 | INFO |       55.1.2 Fuel Mixture (p.16)
2025-08-26 15:49:10,914 | INFO | 56. 50:1 (p.16)
2025-08-26 15:49:10,922 | INFO |    56.1 General (p.17)
2025-08-26 15:49:10,924 | INFO |       56.1.1 Mixing Instructions (p.17)
2025-08-26 15:49:10,929 | INFO |    56.2 2.6 oz. (p.17)
2025-08-26 15:49:10,930 | INFO |    56.3 5.1 oz. (p.17)
2025-08-26 15:49:10,935 | INFO |    56.4 12.8 oz. (p.17)
2025-08-26 15:49:10,940 | INFO |       56.4.1 Fuel Mixture Chart (p.17)
2025-08-26 15:49:10,942 | INFO | 57. GAS (p.17)
2025-08-26 15:49:10,946 | INFO | 58. CLOSE TIGHTLY (p.17)
2025-08-26 15:49:10,948 | INFO | 59. FILL MARK (p.17)
2025-08-26 15:49:10,952 | INFO | 60. HALF GASOLINE (p.17)
2025-08-26 15:49:10,954 | INFO | 61. ADD OIL (p.17)
2025-08-26 15:49:10,959 | INFO | 62. ADD REMAINING (p.17)
2025-08-26 15:49:10,960 | INFO | 63. GASOLINE (p.17)
2025-08-26 15:49:10,964 | INFO | 64. SHAKE (p.17)
2025-08-26 15:49:10,968 | INFO | 65. (MIX OIL AND GASOLINE) (p.17)
2025-08-26 15:49:10,972 | INFO | 66. OIL (p.17)
2025-08-26 15:49:10,976 | INFO | 67. WARNING: (2) (p.18)
2025-08-26 15:49:10,978 | INFO | 68. Operating The Water Pump (p.18)
2025-08-26 15:49:10,980 | INFO |    68.1 General (p.19)
2025-08-26 15:49:10,981 | INFO |       68.1.1 Starting And Stopping (p.19)
2025-08-26 15:49:10,983 | INFO |       68.1.2 Before Starting The Engine (p.19)
2025-08-26 15:49:10,986 | INFO |       68.1.3 Cold Starting Procedure (p.19)
2025-08-26 15:49:10,988 | INFO | 69. O N (p.19)
2025-08-26 15:49:10,990 | INFO | 70. OFF (p.19)
2025-08-26 15:49:10,992 | INFO | 71. STOP (p.19)
2025-08-26 15:49:10,994 | INFO | 72. SWITCH (p.19)
2025-08-26 15:49:10,996 | INFO | 73. IDLE POSITION (p.19)
2025-08-26 15:49:10,998 | INFO | 74. FULL (p.19)
2025-08-26 15:49:11,000 | INFO | 75. THROTTLE (p.19)
2025-08-26 15:49:11,003 | INFO | 76. POSITION (p.19)
2025-08-26 15:49:11,006 | INFO | 77. 1/3 THROTTLE (p.19)
2025-08-26 15:49:11,007 | INFO |    77.1 General (p.20)
2025-08-26 15:49:11,009 | INFO |       77.1.1 Hot Restart (p.20)
2025-08-26 15:49:11,011 | INFO | 78. (20°C): (p.20)
2025-08-26 15:49:11,014 | INFO |    78.1 General (p.20)
2025-08-26 15:49:11,015 | INFO |       78.1.1 To Stop The Engine: (p.20)
2025-08-26 15:49:11,017 | INFO | 79. Carburetor Adjustment (p.20)
2025-08-26 15:49:11,020 | INFO | 80. Maintenance (p.21)
2025-08-26 15:49:11,022 | INFO |    80.1 General (p.21)
2025-08-26 15:49:11,024 | INFO |       80.1.1 Pump (p.21)
2025-08-26 15:49:11,029 | INFO |       80.1.2 Air Filter (p.21)
2025-08-26 15:49:11,032 | INFO |       80.1.3 Maintenance Interval (p.21)
2025-08-26 15:49:11,034 | INFO |       80.1.4 Air Filter Cleaning (p.21)
2025-08-26 15:49:11,039 | INFO |       80.1.5 Fuel Filter (p.22)
2025-08-26 15:49:11,044 | INFO |       80.1.6 Fuel Filter Replacement (p.22)
2025-08-26 15:49:11,046 | INFO |       80.1.7 Spark Plug (p.22)
2025-08-26 15:49:11,051 | INFO |       80.1.8 Spark Plug Maintenance (p.22)
2025-08-26 15:49:11,059 | INFO |    80.2 0.7 mm). (p.22)
2025-08-26 15:49:11,061 | INFO |       80.2.1 Cylinder Cooling Fins (p.23)
2025-08-26 15:49:11,065 | INFO |       80.2.2 Cooling Fin Cleaning (p.23)
2025-08-26 15:49:11,070 | INFO |       80.2.3 Spark Arrester (p.23)
2025-08-26 15:49:11,075 | INFO |       80.2.4 Spark Arrester Maintenance (p.23)
2025-08-26 15:49:11,077 | INFO |       80.2.5 Exhaust Muffler (p.24)
2025-08-26 15:49:11,081 | INFO |       80.2.6 Muffler Maintenance (p.24)
2025-08-26 15:49:11,085 | INFO | 81. Storage (p.24)
2025-08-26 15:49:11,088 | INFO | 82. CAUTION (p.25)
2025-08-26 15:49:11,091 | INFO | 83. Troubleshooting (p.26)
2025-08-26 15:49:11,093 | INFO | 84. G (p.27)
2025-08-26 15:49:11,096 | INFO | 85. I (p.27)
2025-08-26 15:49:11,098 | INFO | 86. Maintenance Period (p.27)
2025-08-26 15:49:11,100 | INFO | 87. NOTE: (p.27)
2025-08-26 15:49:11,103 | INFO | 88. 284680-03 10.10 TAP/M (p.28)
2025-08-26 15:49:11,106 | INFO | === Build index done ===
2025-08-26 16:06:10,109 | DEBUG | Logger initialized -> logs/semantic_index.log
2025-08-26 16:06:10,122 | INFO | Log file: /home/meghana/Documents/BlueCaffeine/Retriever_Test/logs/semantic_index.log
2025-08-26 16:06:10,124 | INFO | PDF: /home/meghana/Downloads/BL9000-Owners-Manual.pdf
2025-08-26 16:06:10,126 | INFO | === Build index start ===
2025-08-26 16:06:10,789 | INFO | Extracted 696 text blocks (avg font size 9.66)
2025-08-26 16:06:10,796 | INFO | Detected 113 headings
2025-08-26 16:06:10,801 | INFO | Exported hierarchical TOC -> out/index_hierarchical_TOC.json
2025-08-26 16:06:10,803 | INFO | Exported flat TOC -> out/index_flat_TOC.json
2025-08-26 16:06:10,804 | INFO | === TABLE OF CONTENTS SUMMARY ===
2025-08-26 16:06:10,806 | INFO | 1. WARNING (p.2)
2025-08-26 16:06:10,808 | INFO | 2. Limited Warranty Statement (p.2)
2025-08-26 16:06:10,811 | INFO | 3. DISCLAIMER OF IMPLIED WARRANTIES (p.2)
2025-08-26 16:06:10,813 | INFO |    3.1 General (p.3)
2025-08-26 16:06:10,814 | INFO |       3.1.1 Maruyama U.S., Inc. (p.3)
2025-08-26 16:06:10,816 | INFO |       3.1.2 4770 Mercantile Drive, suite100, (p.3)
2025-08-26 16:06:10,818 | INFO |       3.1.3 Fort Worth, TX 76137 U.S.A. (p.3)
2025-08-26 16:06:10,819 | INFO |       3.1.4 (940)383-7400 (p.3)
2025-08-26 16:06:10,821 | INFO | 4. FEDERAL EMISSION CONTROL WARRANTY STATEMENT (p.3)
2025-08-26 16:06:10,823 | INFO | 5. YOUR WARRANTY RIGHTS AND OBLIGATIONS (p.3)
2025-08-26 16:06:10,824 | INFO | 6. BL9000 (p.3)
2025-08-26 16:06:10,827 | INFO | 7. MANUFACTURER'S WARRANTY COVERAGE: (p.4)
2025-08-26 16:06:10,830 | INFO | 8. OWNER'S WARRANTY RESPONSIBILITIES: (p.4)
2025-08-26 16:06:10,831 | INFO | 9. COVERAGE (p.4)
2025-08-26 16:06:10,833 | INFO | 10. MAINTENANCE REQUIREMENTS (p.4)
2025-08-26 16:06:10,835 | INFO | 11. LIMITATIONS (p.4)
2025-08-26 16:06:10,838 | INFO | 12. CALIFORNIA EMISSION CONTROL WARRANTY STATEMENT (p.5)
2025-08-26 16:06:10,840 | INFO | 13. TABLE OF CONTENTS (p.6)
2025-08-26 16:06:10,842 | INFO | 14. FOREWORD (p.6)
2025-08-26 16:06:10,843 | INFO | 15. MANUAL SAFETY SYMBOLS (p.6)
2025-08-26 16:06:10,845 | INFO | 16. OPERATING INSTRUCTIONS····················· (p.6)
2025-08-26 16:06:10,847 | INFO | 17. REGULAR MAINTENANCE························· (p.6)
2025-08-26 16:06:10,849 | INFO | 18. STORAGE························ ··· ····················· (p.6)
2025-08-26 16:06:10,851 | INFO | 19. EMISSION CONTROL INFORMATION·········· (p.6)
2025-08-26 16:06:10,852 | INFO | 20. MAINTENANCE·················· ··· ··················· (p.6)
2025-08-26 16:06:10,855 | INFO |    20.1 General (p.7)
2025-08-26 16:06:10,856 | INFO |       20.1.1 Operating techniques (p.7)
2025-08-26 16:06:10,858 | INFO | 21. SPECIFICATIONS (p.8)
2025-08-26 16:06:10,860 | INFO |    21.1 10.9 kg (p.8)
2025-08-26 16:06:10,861 | INFO |    21.2 79.2 mL (p.8)
2025-08-26 16:06:10,863 | INFO | 22. 2.1 L (p.8)
2025-08-26 16:06:10,865 | INFO | 23. CLAMP (p.9)
2025-08-26 16:06:10,866 | INFO | 24. STRAIGHT PIPE (p.9)
2025-08-26 16:06:10,868 | INFO | 25. END PIPE (p.9)
2025-08-26 16:06:10,870 | INFO | 26. THROTTLE LEVER (p.9)
2025-08-26 16:06:10,872 | INFO | 27. BAND (p.9)
2025-08-26 16:06:10,874 | INFO | 28. SWIVEL PIPE (p.9)
2025-08-26 16:06:10,875 | INFO | 29. FLEXIBLE PIPE (p.9)
2025-08-26 16:06:10,877 | INFO | 30. BENT PIPE (p.9)
2025-08-26 16:06:10,879 | INFO | 31. FUEL TANK (p.9)
2025-08-26 16:06:10,880 | INFO | 32. RECOIL STARTER (p.9)
2025-08-26 16:06:10,882 | INFO | 33. ENGINE (p.9)
2025-08-26 16:06:10,883 | INFO | 34. BLOWER HOUSING (p.9)
2025-08-26 16:06:10,885 | INFO | 35. BACK PAD (p.9)
2025-08-26 16:06:10,886 | INFO | 36. PRIMER BULB (p.9)
2025-08-26 16:06:10,888 | INFO | 37. AIR CLEANER (p.9)
2025-08-26 16:06:10,889 | INFO | 38. SHOULDER (p.9)
2025-08-26 16:06:10,891 | INFO | 39. STRAPS (p.9)
2025-08-26 16:06:10,893 | INFO | 40. BAND × 2 (p.9)
2025-08-26 16:06:10,895 | INFO | 41. CLAMP × 2 (p.9)
2025-08-26 16:06:10,897 | INFO | 42. BEFORE OPERATION (p.10)
2025-08-26 16:06:10,899 | INFO | 43. CAUTION! (p.10)
2025-08-26 16:06:10,901 | INFO |    43.1 General (p.10)
2025-08-26 16:06:10,903 | INFO |       43.1.1 1.Shutting Engine Off (p.10)
2025-08-26 16:06:10,905 | INFO |       43.1.2 2.Transporting and Storage (p.10)
2025-08-26 16:06:10,907 | INFO | 44. RECOMMENDED FUEL TYPE (p.10)
2025-08-26 16:06:10,908 | INFO | 45. KNOB (p.10)
2025-08-26 16:06:10,910 | INFO | 46. THROTTLE LEVER POSITION (p.10)
2025-08-26 16:06:10,912 | INFO | 47. GRIP ANGLE (p.10)
2025-08-26 16:06:10,913 | INFO | 48. IDLE SPEED (p.10)
2025-08-26 16:06:10,915 | INFO | 49. HIGH SPEED (p.10)
2025-08-26 16:06:10,916 | INFO | 50. IDLE HIGH (p.10)
2025-08-26 16:06:10,918 | INFO | 51. STOP BUTTON (p.10)
2025-08-26 16:06:10,919 | INFO | 52. LEVER (p.10)
2025-08-26 16:06:10,921 | INFO |    52.1 General (p.11)
2025-08-26 16:06:10,923 | INFO |       52.1.1 FUEL: MIXING GASOLINE AND OIL (p.11)
2025-08-26 16:06:10,924 | INFO | 53. NOTE: (p.11)
2025-08-26 16:06:10,926 | INFO | 54. OPERATING INSTRUCTIONS (p.12)
2025-08-26 16:06:10,928 | INFO | 55. STARTING PROCEDURE (p.12)
2025-08-26 16:06:10,929 | INFO | 56. STEP #3) (p.12)
2025-08-26 16:06:10,931 | INFO | 57. STEP #1) (p.12)
2025-08-26 16:06:10,933 | INFO | 58. LINE". (p.12)
2025-08-26 16:06:10,935 | INFO | 59. STEP #2) (p.12)
2025-08-26 16:06:10,937 | INFO | 60. CHOKE (p.12)
2025-08-26 16:06:10,938 | INFO | 61. OPEN (p.12)
2025-08-26 16:06:10,940 | INFO | 62. CLOSE (p.12)
2025-08-26 16:06:10,941 | INFO | 63. STEP #4) (p.12)
2025-08-26 16:06:10,943 | INFO | 64. PRIMER (p.12)
2025-08-26 16:06:10,945 | INFO | 65. BULB (p.12)
2025-08-26 16:06:10,946 | INFO | 66. FUEL (p.12)
2025-08-26 16:06:10,948 | INFO | 67. RETURN LINE (p.12)
2025-08-26 16:06:10,949 | INFO | 68. STARTER (p.12)
2025-08-26 16:06:10,951 | INFO | 69. GRIP (p.12)
2025-08-26 16:06:10,953 | INFO | 70. FRAME (p.12)
2025-08-26 16:06:10,954 | INFO | 71. BLOWER OPERATION (p.13)
2025-08-26 16:06:10,956 | INFO | 72. STOPPING THE ENGINE (p.13)
2025-08-26 16:06:10,958 | INFO | 73. REGULAR MAINTENANCE (p.13)
2025-08-26 16:06:10,960 | INFO | 74. AIR FILTER (p.13)
2025-08-26 16:06:10,962 | INFO | 75. ･ FOAM FILTER (p.13)
2025-08-26 16:06:10,964 | INFO | 76. ･ AIR FILTER (PAPER) (p.13)
2025-08-26 16:06:10,966 | INFO | 77. FILTER (p.13)
2025-08-26 16:06:10,967 | INFO | 78. CASE (p.13)
2025-08-26 16:06:10,969 | INFO | 79. (PAPER) (p.13)
2025-08-26 16:06:10,971 | INFO | 80. FOAM (p.13)
2025-08-26 16:06:10,972 | INFO | 81. COVER (p.13)
2025-08-26 16:06:10,974 | INFO | 82. COOLING FINS (p.14)
2025-08-26 16:06:10,976 | INFO | 83. FUEL FILTER (p.14)
2025-08-26 16:06:10,977 | INFO | 84. SPARK PLUG (p.14)
2025-08-26 16:06:10,979 | INFO | 85. SCREW (p.14)
2025-08-26 16:06:10,981 | INFO | 86. SPARK ARRESTER (p.15)
2025-08-26 16:06:10,982 | INFO | 87. GUARD (p.15)
2025-08-26 16:06:10,984 | INFO | 88. POTENTIAL HAZARD (p.15)
2025-08-26 16:06:10,986 | INFO | 89. WHAT CAN HAPPEN (p.15)
2025-08-26 16:06:10,988 | INFO | 90. EXHAUST MUFFLER (p.15)
2025-08-26 16:06:10,989 | INFO | 91. GENERAL CLEANING AND TIGHTENING (p.15)
2025-08-26 16:06:10,992 | INFO | 92. SPARK (p.15)
2025-08-26 16:06:10,993 | INFO | 93. ARRESTER (p.15)
2025-08-26 16:06:10,995 | INFO | 94. STORAGE (p.16)
2025-08-26 16:06:10,997 | INFO | 95. EMISSION CONTROL INFORMATION (p.16)
2025-08-26 16:06:10,998 | INFO | 96. FUEL INFORMATION (p.16)
2025-08-26 16:06:11,000 | INFO |    96.1 General (p.16)
2025-08-26 16:06:11,003 | INFO |       96.1.1 EXHAUST AND EVAPORATIVE EMISSION CONTROL SYSTEM (p.16)
2025-08-26 16:06:11,005 | INFO | 97. MAINTENANCE AND WARRANTY (p.16)
2025-08-26 16:06:11,006 | INFO |    97.1 General (p.16)
2025-08-26 16:06:11,008 | INFO |       97.1.1 TAMPERING WITH EMISSION CONTROL SYSTEM PROHIBITED (p.16)
2025-08-26 16:06:11,010 | INFO | 98. ADJUSTMENT (p.17)
2025-08-26 16:06:11,012 | INFO | 99. IDLING SPEED ADJUSTMENT (p.17)
2025-08-26 16:06:11,013 | INFO | 100. MAINTENANCE (p.17)
2025-08-26 16:06:11,015 | INFO | 101. PERIODIC MAINTENANCE CHART (p.17)
2025-08-26 16:06:11,017 | INFO | === Build index done ===
